edge,count
0.00016050307898754474,103
0.020127827745345554,102
0.04009515241170356,103
0.060062477078061574,102
0.08002980174441958,102
0.09999712641077758,103
0.1199644510771356,102
0.1399317757434936,102
0.1598991004098516,102
0.17986642507620962,103
0.19983374974256762,0
