edge,count
0.00019918563701324112,104
0.025177626337758413,101
0.05015606703850358,103
0.07513450773924875,102
0.10011294843999392,102
0.1250913891407391,103
0.15006982984148426,102
0.17504827054222943,102
0.2000267112429746,103
0.22500515194371978,102
0.24998359264446496,0
