edge,count
7.718306959603112e-05,103
0.02006208882076774,102
0.04004699457193945,102
0.06003190032311116,103
0.08001680607428287,102
0.10000171182545457,102
0.11998661757662629,103
0.139971523327798,102
0.1599564290789697,103
0.1799413348301414,102
0.1999262405813131,0
