edge,count
3.001447693285491,52
3.4511669045795825,51
3.9008861158736745,51
4.3506053271677665,50
4.800324538461858,52
5.25004374975595,51
5.699762961050041,51
6.149482172344133,51
6.599201383638224,52
7.048920594932317,51
7.498639806226408,51
7.9483590175205,51
8.39807822881459,51
8.847797440108682,51
9.297516651402775,52
9.747235862696867,51
10.196955073990958,51
10.64667428528505,51
11.096393496579143,52
11.546112707873235,51
11.995831919167324,0
