edge,count
3.0034380615756398,51
3.452892643566139,51
3.902347225556638,52
4.351801807547138,51
4.801256389537636,51
5.250710971528136,51
5.7001655535186355,51
6.149620135509135,51
6.599074717499634,52
7.048529299490133,50
7.497983881480632,52
7.947438463471132,51
8.396893045461631,51
8.846347627452129,52
9.29580220944263,51
9.745256791433128,50
10.194711373423628,51
10.644165955414127,52
11.093620537404627,51
11.543075119395125,52
11.992529701385624,0
