edge,count
0.0006535817824983824,26
0.025547456512830767,26
0.05044133124316315,25
0.07533520597349554,25
0.10022908070382792,26
0.1251229554341603,26
0.1500168301644927,25
0.17491070489482508,26
0.19980457962515746,25
0.22469845435548985,26
0.24959232908582224,0
