parameter,s1,s1_conf
Adaptation Rate,0.20524496731689423,0.2110532768983843
Choke Probability,0.40399091408480964,0.24392447829168998
Cover Probability,0.2382199568601607,0.3004374167793432
Objective Radius,0.37886096171848804,0.24916597693114287
Stochasticity,0.2293461192968044,0.28151110076031305
Wall Probability,0.43845336689274805,0.26647667661669694
Weapon Cooldown Ticks,0.3572536261223316,0.24876465312003102
