{"S1": [-0.11360506645245716, 0.06753808582761563, 0.03528659759085398, 0.06455470960518234, -0.021807036556991295, 0.2715751899875136, -0.21697899689284547], "S1_conf": [0.4636969569831347, 0.40925606654525953, 0.49543449149748414, 0.5072166212607366, 0.37057663252287365, 0.48529855777299924, 0.449430438267312], "ST": [0.9344490997940276, 0.6213319824165742, 0.8400522408140415, 1.0035152799037046, 0.67078202780615, 1.079892086320256, 1.0342042345856792], "ST_conf": [0.32780654985749336, 0.32752939942142073, 0.3100945621931811, 0.37993067048520063, 0.36354146277604305, 0.3755850462705024, 0.3516272669025924], "S2": [[NaN, 0.13123344651120783, 0.15922188718703703, 0.4259386161528306, 0.4827420400499055, 0.38694860918283636, 0.7200167535186202], [NaN, NaN, -0.011912648347414553, 0.11406383616090005, 0.3413060332162829, 0.05489479049590884, 0.24836274905754668], [NaN, NaN, NaN, 0.1982475209908851, 0.19736397551130205, 0.17139913899838932, 0.4768208602633439], [NaN, NaN, NaN, NaN, 0.11444044148376675, -0.04679235780662583, 0.2151931276233352], [NaN, NaN, NaN, NaN, NaN, 0.20716038992777952, 0.6775486026710429], [NaN, NaN, NaN, NaN, NaN, NaN, 0.12363201617299951], [NaN, NaN, NaN, NaN, NaN, NaN, NaN]], "S2_conf": [[NaN, 0.6340231630096835, 0.6799673928606215, 0.6632531840413948, 0.5117308341270648, 0.6782443572153288, 0.5596579536795303], [NaN, NaN, 0.6574194651774946, 0.6337043354559464, 0.5998025300656599, 0.6132013637975907, 0.5153237050590029], [NaN, NaN, NaN, 0.6724365542686356, 0.5876152897995125, 0.7927236328030213, 0.6359800796997354], [NaN, NaN, NaN, NaN, 0.728449697463648, 0.7629660625553922, 0.729990965012552], [NaN, NaN, NaN, NaN, NaN, 0.6865448570519634, 0.7077959139684695], [NaN, NaN, NaN, NaN, NaN, NaN, 0.5441419253260782], [NaN, NaN, NaN, NaN, NaN, NaN, NaN]]}