{"S1": [0.09195917851024467, 0.10605397552039028, 0.010652899980334533, 0.013675139363467322, 0.17983871750160343, 0.11763805649766397, -0.011802049209232064], "S1_conf": [0.5181883305818844, 0.47642774936946997, 0.4420525922530325, 0.4290210972667297, 0.3860777558030734, 0.4440064754179896, 0.44410162607755677], "ST": [0.9369613297396174, 0.8928725087812327, 0.8881774926554082, 0.7255714191359784, 0.8475209367046003, 1.0133980729611922, 1.0120547207077377], "ST_conf": [0.30652145467160585, 0.35303279818262395, 0.3374625385496973, 0.2944043427221136, 0.3696790929882558, 0.3991473475164723, 0.36009676100867133], "S2": [[NaN, 0.007657294421393887, 0.1957534769501278, 0.28788057449205434, -0.21308234786628996, -0.08600122468947095, 0.47654096496723886], [NaN, NaN, 0.03187348103242632, 0.07819226673154564, -0.39915452301106413, -0.07194078111455675, 0.09205566198719861], [NaN, NaN, NaN, 0.09952381427707332, -0.12529961886111282, 0.2560512188496207, 0.41440558248686615], [NaN, NaN, NaN, NaN, -0.1033576856354223, 0.07759186290493232, 0.31574135039738993], [NaN, NaN, NaN, NaN, NaN, 0.09799726702447122, 0.15447179575970868], [NaN, NaN, NaN, NaN, NaN, NaN, 0.13736882258533378], [NaN, NaN, NaN, NaN, NaN, NaN, NaN]], "S2_conf": [[NaN, 0.7408900635998616, 0.6783797028756895, 0.5895933245245649, 0.5406075629631871, 0.6003396133189377, 0.6033464346619781], [NaN, NaN, 0.583984538045876, 0.6807278652899117, 0.6339079788735025, 0.6635802421085398, 0.640532018773324], [NaN, NaN, NaN, 0.6486440788691237, 0.5712892840760516, 0.625963277188996, 0.6951190551900294], [NaN, NaN, NaN, NaN, 0.5367290659177844, 0.6333772882887917, 0.6331948191870569], [NaN, NaN, NaN, NaN, NaN, 0.5738157961473452, 0.6213246015895452], [NaN, NaN, NaN, NaN, NaN, NaN, 0.6788940385543732], [NaN, NaN, NaN, NaN, NaN, NaN, NaN]]}