{"S1": [0.20524496731689423, 0.40399091408480964, 0.2382199568601607, 0.37886096171848804, 0.2293461192968044, 0.43845336689274805, 0.3572536261223316], "S1_conf": [0.2110532768983843, 0.24392447829168998, 0.3004374167793432, 0.24916597693114287, 0.28151110076031305, 0.26647667661669694, 0.24876465312003102], "ST": [0.5192757165877503, 0.7065758075147635, 0.8218854693564333, 0.6134293194641766, 0.6940849246253078, 0.8629079485000366, 0.7745809868437317], "ST_conf": [0.19744295612794913, 0.21237055959446532, 0.21962999594550894, 0.19564486302492648, 0.20811547347511172, 0.24760700919275033, 0.2350609249625331], "S2": [[NaN, -0.22069221878923295, -0.03652648192415628, -0.14296821520034791, 0.087371908333254, -0.25023425368052665, 0.08746497504983342], [NaN, NaN, -0.20852771570444742, -0.29094494085797135, -0.26867540510508336, -0.32787913209470104, -0.22587801072386177], [NaN, NaN, NaN, -0.17530667179641554, -0.24640964326294962, -0.15956510144929947, 0.019827642379785293], [NaN, NaN, NaN, NaN, -0.3866292050050413, -0.40795477834691124, -0.26765005548110443], [NaN, NaN, NaN, NaN, NaN, -0.2605992360912174, -0.0027512501858392158], [NaN, NaN, NaN, NaN, NaN, NaN, -0.13938085335577632], [NaN, NaN, NaN, NaN, NaN, NaN, NaN]], "S2_conf": [[NaN, 0.33715824623356533, 0.39727295696809245, 0.2969188322999148, 0.34406524545867934, 0.3216111035174893, 0.3466750318971942], [NaN, NaN, 0.39086475589131175, 0.35343674858309754, 0.3569596280760097, 0.3952065866477817, 0.37336871265645727], [NaN, NaN, NaN, 0.3574849827201452, 0.3603490716075479, 0.3890132975351338, 0.3655013678823702], [NaN, NaN, NaN, NaN, 0.3786856228249093, 0.33882557907970734, 0.3350283833166894], [NaN, NaN, NaN, NaN, NaN, 0.39754992267096867, 0.39848487513088177], [NaN, NaN, NaN, NaN, NaN, NaN, 0.3687504166553021], [NaN, NaN, NaN, NaN, NaN, NaN, NaN]]}