{"ticks": 200.0, "objective_progress": 0.0, "objective_controller": 0.0, "max_ticks": 200, "n_agents": 30, "seed": 1229, "objective_radius": 8, "wall_prob": 0.18304350274376477, "cover_prob": 0.09722506808380393, "choke_prob": 0.0930311541940825, "stochasticity": 0.4589680333247733, "adaptation_rate": 0.02502480360440636, "weapon_cooldown_ticks": 2}