{"ticks": 200.0, "objective_progress": 0.9200000000000003, "objective_controller": 0.0, "max_ticks": 200, "n_agents": 30, "seed": 2278, "objective_radius": 5, "wall_prob": 0.021484375, "cover_prob": 0.004687500000000001, "choke_prob": 0.047656250000000004, "stochasticity": 0.44140625, "adaptation_rate": 0.0171875, "weapon_cooldown_ticks": 1}