{"ticks": 200.0, "objective_progress": 0.0, "objective_controller": 1.0, "max_ticks": 200, "n_agents": 30, "seed": 2503, "objective_radius": 11, "wall_prob": 0.0615234375, "cover_prob": 0.01640625, "choke_prob": 0.037890625000000004, "stochasticity": 0.001953125, "adaptation_rate": 0.13515625, "weapon_cooldown_ticks": 3}