{"ticks": 200.0, "objective_progress": 1.0, "objective_controller": 1.0, "max_ticks": 200, "n_agents": 30, "seed": 2464, "objective_radius": 6, "wall_prob": 0.1650390625, "cover_prob": 0.055468750000000004, "choke_prob": 0.083203125, "stochasticity": 0.189453125, "adaptation_rate": 0.19453125000000002, "weapon_cooldown_ticks": 2}