{"ticks": 200.0, "objective_progress": 1.0, "objective_controller": 0.0, "max_ticks": 200, "n_agents": 30, "seed": 1630, "objective_radius": 5, "wall_prob": 0.08663314003569164, "cover_prob": 0.1762584514466051, "choke_prob": 0.041298648397432795, "stochasticity": 0.44170556983205017, "adaptation_rate": 0.11540634578045537, "weapon_cooldown_ticks": 2}