{"ticks": 200.0, "objective_progress": 0.8799999999999999, "objective_controller": 1.0, "max_ticks": 200, "n_agents": 30, "seed": 1166, "objective_radius": 9, "wall_prob": 0.17357832229356415, "cover_prob": 0.007049217833123936, "choke_prob": 0.03181812366861796, "stochasticity": 0.15911409834278473, "adaptation_rate": 0.0975012462533611, "weapon_cooldown_ticks": 2}