{"ticks": 200.0, "objective_progress": 0.0, "objective_controller": 1.0, "max_ticks": 200, "n_agents": 30, "seed": 2629, "objective_radius": 7, "wall_prob": 0.1923828125, "cover_prob": 0.18671875000000002, "choke_prob": 0.018359375, "stochasticity": 0.201171875, "adaptation_rate": 0.07421875, "weapon_cooldown_ticks": 2}