{"ticks": 200.0, "objective_progress": 1.0, "objective_controller": 0.0, "max_ticks": 200, "n_agents": 30, "seed": 2393, "objective_radius": 7, "wall_prob": 0.1259765625, "cover_prob": 0.16171875000000002, "choke_prob": 0.005078125, "stochasticity": 0.037109375, "adaptation_rate": 0.11640625, "weapon_cooldown_ticks": 2}