{"ticks": 200.0, "objective_progress": 1.0, "objective_controller": 1.0, "max_ticks": 200, "n_agents": 30, "seed": 1343, "objective_radius": 5, "wall_prob": 0.19394601083519006, "cover_prob": 0.05666675256783371, "choke_prob": 0.009032230376923536, "stochasticity": 0.12271253788191636, "adaptation_rate": 0.1358828658186973, "weapon_cooldown_ticks": 3}