{"ticks": 200.0, "objective_progress": 0.0, "objective_controller": 1.0, "max_ticks": 200, "n_agents": 30, "seed": 2080, "objective_radius": 10, "wall_prob": 0.076171875, "cover_prob": 0.060937500000000006, "choke_prob": 0.025781250000000002, "stochasticity": 0.08203125, "adaptation_rate": 0.1234375, "weapon_cooldown_ticks": 2}