{"ticks": 200.0, "objective_progress": 0.0, "objective_controller": 1.0, "max_ticks": 200, "n_agents": 30, "seed": 1422, "objective_radius": 8, "wall_prob": 0.11087582834685501, "cover_prob": 0.0819861089239612, "choke_prob": 0.0011617999318345616, "stochasticity": 0.18094437327273677, "adaptation_rate": 0.14992003386952288, "weapon_cooldown_ticks": 3}