{"ticks": 200.0, "objective_progress": 0.06, "objective_controller": 1.0, "max_ticks": 200, "n_agents": 30, "seed": 2359, "objective_radius": 5, "wall_prob": 0.0693359375, "cover_prob": 0.047656250000000004, "choke_prob": 0.047265625000000006, "stochasticity": 0.205078125, "adaptation_rate": 0.00390625, "weapon_cooldown_ticks": 2}