{"ticks": 200.0, "objective_progress": 0.98, "objective_controller": 0.0, "max_ticks": 200, "n_agents": 30, "seed": 1642, "objective_radius": 6, "wall_prob": 0.05897100771658902, "cover_prob": 0.17022312934178668, "choke_prob": 0.08610069901193984, "stochasticity": 0.22961227690125854, "adaptation_rate": 0.190171413993684, "weapon_cooldown_ticks": 2}