{"ticks": 200.0, "objective_progress": 1.0, "objective_controller": 0.0, "max_ticks": 200, "n_agents": 30, "seed": 1424, "objective_radius": 5, "wall_prob": 0.23163424868102053, "cover_prob": 0.12085036214078888, "choke_prob": 0.04269871957866952, "stochasticity": 0.3399857773371366, "adaptation_rate": 0.17838957131821498, "weapon_cooldown_ticks": 2}