{"ticks": 200.0, "objective_progress": 0.0, "objective_controller": 1.0, "max_ticks": 200, "n_agents": 30, "seed": 1182, "objective_radius": 7, "wall_prob": 0.16775945763186753, "cover_prob": 0.07716748872054877, "choke_prob": 0.09325861313571537, "stochasticity": 0.49477300545660274, "adaptation_rate": 0.07324230457953636, "weapon_cooldown_ticks": 1}