{"ticks": 200.0, "objective_progress": 1.0, "objective_controller": 0.0, "max_ticks": 200, "n_agents": 30, "seed": 1571, "objective_radius": 4, "wall_prob": 0.18561933243550582, "cover_prob": 0.10035848595792546, "choke_prob": 0.00019775035297736753, "stochasticity": 0.20187207568477, "adaptation_rate": 0.12556088210182775, "weapon_cooldown_ticks": 1}