{"ticks": 200.0, "objective_progress": 0.0, "objective_controller": 1.0, "max_ticks": 200, "n_agents": 30, "seed": 2554, "objective_radius": 10, "wall_prob": 0.2119140625, "cover_prob": 0.06796875000000001, "choke_prob": 0.001953125, "stochasticity": 0.408203125, "adaptation_rate": 0.057031250000000006, "weapon_cooldown_ticks": 1}