{"ticks": 200.0, "objective_progress": 0.0, "objective_controller": 0.0, "max_ticks": 200, "n_agents": 30, "seed": 1729, "objective_radius": 9, "wall_prob": 0.048390233144796506, "cover_prob": 0.18334093232219184, "choke_prob": 0.008894221910351136, "stochasticity": 0.14631558052085847, "adaptation_rate": 0.06201428458485993, "weapon_cooldown_ticks": 2}