{"ticks": 200.0, "objective_progress": 0.0, "objective_controller": 0.0, "max_ticks": 200, "n_agents": 30, "seed": 1142, "objective_radius": 4, "wall_prob": 0.24285306719767105, "cover_prob": 0.11175461485225072, "choke_prob": 0.09580639207532626, "stochasticity": 0.3790597659107636, "adaptation_rate": 0.08993904694669733, "weapon_cooldown_ticks": 3}