{"ticks": 200.0, "objective_progress": 1.0, "objective_controller": 1.0, "max_ticks": 200, "n_agents": 30, "seed": 1704, "objective_radius": 5, "wall_prob": 0.2224470466831915, "cover_prob": 0.15372041707303663, "choke_prob": 0.08570606144613276, "stochasticity": 0.1765424727371173, "adaptation_rate": 0.1561647476765503, "weapon_cooldown_ticks": 1}