{"ticks": 200.0, "objective_progress": 0.9200000000000003, "objective_controller": 0.0, "max_ticks": 200, "n_agents": 30, "seed": 1610, "objective_radius": 4, "wall_prob": 0.14380359737897833, "cover_prob": 0.11441198292351146, "choke_prob": 0.06016860958261066, "stochasticity": 0.09181117429623056, "adaptation_rate": 0.053264183601281635, "weapon_cooldown_ticks": 1}