{"ticks": 200.0, "objective_progress": 0.0, "objective_controller": 0.0, "max_ticks": 200, "n_agents": 30, "seed": 1531, "objective_radius": 11, "wall_prob": 0.005590344106921189, "cover_prob": 0.05204104753277468, "choke_prob": 0.03510777438276715, "stochasticity": 0.2783907138885096, "adaptation_rate": 0.14134696868424018, "weapon_cooldown_ticks": 2}