{"ticks": 200.0, "objective_progress": 1.0, "objective_controller": 1.0, "max_ticks": 200, "n_agents": 30, "seed": 1800, "objective_radius": 4, "wall_prob": 0.038147235337311236, "cover_prob": 0.0163446608712235, "choke_prob": 0.08525026264859717, "stochasticity": 0.1653247961291218, "adaptation_rate": 0.019960432828693128, "weapon_cooldown_ticks": 2}