{"ticks": 200.0, "objective_progress": 1.0, "objective_controller": 0.0, "max_ticks": 200, "n_agents": 30, "seed": 1977, "objective_radius": 6, "wall_prob": 0.17503554858308507, "cover_prob": 0.13940392969086243, "choke_prob": 0.017996323372069092, "stochasticity": 0.30443213506597067, "adaptation_rate": 0.05614763151243504, "weapon_cooldown_ticks": 2}