{"ticks": 200.0, "objective_progress": 1.0, "objective_controller": 0.0, "max_ticks": 200, "n_agents": 30, "seed": 1783, "objective_radius": 4, "wall_prob": 0.17826770428773916, "cover_prob": 0.1057245014143104, "choke_prob": 0.06960228235197062, "stochasticity": 0.48625372750946294, "adaptation_rate": 0.065696247812877, "weapon_cooldown_ticks": 2}