{"ticks": 200.0, "objective_progress": 1.0, "objective_controller": 0.0, "max_ticks": 200, "n_agents": 30, "seed": 1250, "objective_radius": 5, "wall_prob": 0.13887688356232117, "cover_prob": 0.0654224575506484, "choke_prob": 0.013932189753651559, "stochasticity": 0.09922800282540752, "adaptation_rate": 0.06951489840456658, "weapon_cooldown_ticks": 2}