{"ticks": 200.0, "objective_progress": 0.06, "objective_controller": 1.0, "max_ticks": 200, "n_agents": 30, "seed": 1116, "objective_radius": 6, "wall_prob": 0.021726558472854055, "cover_prob": 0.13978806733367422, "choke_prob": 0.06892590208478999, "stochasticity": 0.2990251502028074, "adaptation_rate": 0.020937266928039194, "weapon_cooldown_ticks": 2}