{"ticks": 200.0, "objective_progress": 1.0, "objective_controller": 0.0, "max_ticks": 200, "n_agents": 30, "seed": 1917, "objective_radius": 4, "wall_prob": 0.19589776299993905, "cover_prob": 0.008771218164306059, "choke_prob": 0.04368833011590177, "stochasticity": 0.12790350691354865, "adaptation_rate": 0.17401877187980042, "weapon_cooldown_ticks": 3}