{"ticks": 200.0, "objective_progress": 0.0, "objective_controller": 1.0, "max_ticks": 200, "n_agents": 30, "seed": 2287, "objective_radius": 9, "wall_prob": 0.0498046875, "cover_prob": 0.057031250000000006, "choke_prob": 0.070703125, "stochasticity": 0.447265625, "adaptation_rate": 0.032031250000000004, "weapon_cooldown_ticks": 3}