{"ticks": 200.0, "objective_progress": 0.1799999999999993, "objective_controller": 0.0, "max_ticks": 200, "n_agents": 30, "seed": 1821, "objective_radius": 9, "wall_prob": 0.19460057449727106, "cover_prob": 0.03921892879670102, "choke_prob": 0.05405043857423673, "stochasticity": 0.048107544733517325, "adaptation_rate": 0.024025457812174883, "weapon_cooldown_ticks": 2}