{"ticks": 200.0, "objective_progress": 0.8799999999999999, "objective_controller": 1.0, "max_ticks": 200, "n_agents": 30, "seed": 1921, "objective_radius": 4, "wall_prob": 0.18426154944135256, "cover_prob": 0.008846538677952523, "choke_prob": 0.0764834748698959, "stochasticity": 0.09531986369726035, "adaptation_rate": 0.05024785285760992, "weapon_cooldown_ticks": 3}