{"ticks": 200.0, "objective_progress": 1.0, "objective_controller": 0.0, "max_ticks": 200, "n_agents": 30, "seed": 1476, "objective_radius": 3, "wall_prob": 0.24961302846169672, "cover_prob": 0.003441639852686613, "choke_prob": 0.025899329409754975, "stochasticity": 0.339543359740146, "adaptation_rate": 0.16243663141760337, "weapon_cooldown_ticks": 1}