{"ticks": 200.0, "objective_progress": 0.0, "objective_controller": 0.0, "max_ticks": 200, "n_agents": 30, "seed": 1297, "objective_radius": 7, "wall_prob": 0.2401019955484935, "cover_prob": 0.07411914122520157, "choke_prob": 0.05582517731095437, "stochasticity": 0.22823510343286713, "adaptation_rate": 0.05094991359461501, "weapon_cooldown_ticks": 3}