{"ticks": 200.0, "objective_progress": 0.37999999999999995, "objective_controller": 1.0, "max_ticks": 200, "n_agents": 30, "seed": 2487, "objective_radius": 7, "wall_prob": 0.0712890625, "cover_prob": 0.08046875, "choke_prob": 0.070703125, "stochasticity": 0.083984375, "adaptation_rate": 0.06953125, "weapon_cooldown_ticks": 2}