{"ticks": 200.0, "objective_progress": 1.0, "objective_controller": 1.0, "max_ticks": 200, "n_agents": 30, "seed": 2716, "objective_radius": 4, "wall_prob": 0.1904296875, "cover_prob": 0.00703125, "choke_prob": 0.071484375, "stochasticity": 0.357421875, "adaptation_rate": 0.18671875000000002, "weapon_cooldown_ticks": 2}