{"ticks": 200.0, "objective_progress": 0.0, "objective_controller": 0.0, "max_ticks": 200, "n_agents": 30, "seed": 1461, "objective_radius": 7, "wall_prob": 0.21881234578644837, "cover_prob": 0.08977501928716601, "choke_prob": 0.08294029600859182, "stochasticity": 0.002247532748771499, "adaptation_rate": 0.13042708549028847, "weapon_cooldown_ticks": 3}