{"ticks": 200.0, "objective_progress": 0.8999999999999999, "objective_controller": 1.0, "max_ticks": 200, "n_agents": 30, "seed": 1322, "objective_radius": 4, "wall_prob": 0.018009401560722765, "cover_prob": 0.065889368181399, "choke_prob": 0.04591563098907232, "stochasticity": 0.003488216581123981, "adaptation_rate": 0.1394627574322696, "weapon_cooldown_ticks": 3}