{"ticks": 200.0, "objective_progress": 1.0, "objective_controller": 0.0, "max_ticks": 200, "n_agents": 30, "seed": 2147, "objective_radius": 4, "wall_prob": 0.029296875, "cover_prob": 0.0421875, "choke_prob": 0.049218750000000006, "stochasticity": 0.46484375, "adaptation_rate": 0.1078125, "weapon_cooldown_ticks": 1}