{"ticks": 200.0, "objective_progress": 0.18000000000000005, "objective_controller": 1.0, "max_ticks": 200, "n_agents": 30, "seed": 1975, "objective_radius": 9, "wall_prob": 0.07934487023212936, "cover_prob": 0.07883438329344938, "choke_prob": 0.08439991134643457, "stochasticity": 0.16726648720041418, "adaptation_rate": 0.16289402060816172, "weapon_cooldown_ticks": 2}