{"ticks": 200.0, "objective_progress": 0.0, "objective_controller": 0.0, "max_ticks": 200, "n_agents": 30, "seed": 2350, "objective_radius": 10, "wall_prob": 0.095703125, "cover_prob": 0.0890625, "choke_prob": 0.07109375, "stochasticity": 0.21484375, "adaptation_rate": 0.045312500000000006, "weapon_cooldown_ticks": 2}