{"ticks": 200.0, "objective_progress": 1.0, "objective_controller": 0.0, "max_ticks": 200, "n_agents": 30, "seed": 1772, "objective_radius": 7, "wall_prob": 0.048227621509418374, "cover_prob": 0.03958720287962552, "choke_prob": 0.024306484895568456, "stochasticity": 0.2982616410081023, "adaptation_rate": 0.1327827806921167, "weapon_cooldown_ticks": 2}