{"ticks": 200.0, "objective_progress": 0.0, "objective_controller": 0.0, "max_ticks": 200, "n_agents": 30, "seed": 1928, "objective_radius": 11, "wall_prob": 0.01687640793774108, "cover_prob": 0.03310662597924478, "choke_prob": 0.0651478474433737, "stochasticity": 0.08909662374391034, "adaptation_rate": 0.08644965462881254, "weapon_cooldown_ticks": 2}