{"ticks": 200.0, "objective_progress": 0.12, "objective_controller": 1.0, "max_ticks": 200, "n_agents": 30, "seed": 2312, "objective_radius": 10, "wall_prob": 0.095703125, "cover_prob": 0.029687500000000002, "choke_prob": 0.01015625, "stochasticity": 0.12890625, "adaptation_rate": 0.0703125, "weapon_cooldown_ticks": 1}