{"ticks": 200.0, "objective_progress": 0.0, "objective_controller": 1.0, "max_ticks": 200, "n_agents": 30, "seed": 1701, "objective_radius": 8, "wall_prob": 0.15460260810919427, "cover_prob": 0.07346788105919409, "choke_prob": 0.008870787212705037, "stochasticity": 0.08800528318057114, "adaptation_rate": 0.1970418260409728, "weapon_cooldown_ticks": 3}