{"ticks": 200.0, "objective_progress": 0.0, "objective_controller": 1.0, "max_ticks": 200, "n_agents": 30, "seed": 2831, "objective_radius": 6, "wall_prob": 0.1201171875, "cover_prob": 0.017968750000000002, "choke_prob": 0.087109375, "stochasticity": 0.486328125, "adaptation_rate": 0.06796875000000001, "weapon_cooldown_ticks": 3}