{"ticks": 200.0, "objective_progress": 0.9199999999999999, "objective_controller": 0.0, "max_ticks": 200, "n_agents": 30, "seed": 1307, "objective_radius": 4, "wall_prob": 0.09709684355344447, "cover_prob": 0.10450904564424812, "choke_prob": 0.018756959235982654, "stochasticity": 0.0831673637826568, "adaptation_rate": 0.04473646961613895, "weapon_cooldown_ticks": 3}