{"ticks": 200.0, "objective_progress": 0.0, "objective_controller": 0.0, "max_ticks": 200, "n_agents": 30, "seed": 1735, "objective_radius": 9, "wall_prob": 0.12588532897132648, "cover_prob": 0.03447358065449278, "choke_prob": 0.060061542512957616, "stochasticity": 0.4716422050743229, "adaptation_rate": 0.03408606595430022, "weapon_cooldown_ticks": 2}