{"ticks": 200.0, "objective_progress": 0.9000000000000002, "objective_controller": 1.0, "max_ticks": 200, "n_agents": 30, "seed": 1848, "objective_radius": 7, "wall_prob": 0.14842514740390203, "cover_prob": 0.19295670755569894, "choke_prob": 0.05829991765414773, "stochasticity": 0.020313554806218576, "adaptation_rate": 0.06417080926554945, "weapon_cooldown_ticks": 2}