{"ticks": 200.0, "objective_progress": 0.98, "objective_controller": 1.0, "max_ticks": 200, "n_agents": 30, "seed": 1658, "objective_radius": 3, "wall_prob": 0.09407895694207923, "cover_prob": 0.18209773603438761, "choke_prob": 0.06779723724527206, "stochasticity": 0.4102805095810506, "adaptation_rate": 0.06499928535282279, "weapon_cooldown_ticks": 1}