{"ticks": 200.0, "objective_progress": 0.0, "objective_controller": 1.0, "max_ticks": 200, "n_agents": 30, "seed": 1405, "objective_radius": 11, "wall_prob": 0.23667072818255586, "cover_prob": 0.08150305341403008, "choke_prob": 0.017073089022550045, "stochasticity": 0.2195550389114683, "adaptation_rate": 0.04741944136611617, "weapon_cooldown_ticks": 2}