{"ticks": 200.0, "objective_progress": 0.16, "objective_controller": 1.0, "max_ticks": 200, "n_agents": 30, "seed": 1260, "objective_radius": 8, "wall_prob": 0.21272927514458267, "cover_prob": 0.03196578194193483, "choke_prob": 0.006225723717585704, "stochasticity": 0.23861555504932663, "adaptation_rate": 0.1487087884059091, "weapon_cooldown_ticks": 1}