{"ticks": 200.0, "objective_progress": 1.0, "objective_controller": 0.0, "max_ticks": 200, "n_agents": 30, "seed": 1130, "objective_radius": 3, "wall_prob": 0.17637659673344075, "cover_prob": 0.14512351234283444, "choke_prob": 0.08233413618758136, "stochasticity": 0.32189768908195615, "adaptation_rate": 0.03212461737505352, "weapon_cooldown_ticks": 3}