{"ticks": 200.0, "objective_progress": 1.0, "objective_controller": 1.0, "max_ticks": 200, "n_agents": 30, "seed": 1344, "objective_radius": 8, "wall_prob": 0.24241706072652786, "cover_prob": 0.054072431047977036, "choke_prob": 0.03011636288929334, "stochasticity": 0.1095464975396806, "adaptation_rate": 0.1092294924266354, "weapon_cooldown_ticks": 1}