{"ticks": 200.0, "objective_progress": 0.0, "objective_controller": 1.0, "max_ticks": 200, "n_agents": 30, "seed": 3056, "objective_radius": 11, "wall_prob": 0.2333984375, "cover_prob": 0.15859375, "choke_prob": 0.063671875, "stochasticity": 0.400390625, "adaptation_rate": 0.08359375000000001, "weapon_cooldown_ticks": 3}