{"ticks": 200.0, "objective_progress": 0.0, "objective_controller": 0.0, "max_ticks": 200, "n_agents": 30, "seed": 1615, "objective_radius": 8, "wall_prob": 0.05518509176285465, "cover_prob": 0.054161464739727855, "choke_prob": 0.03751250038245127, "stochasticity": 0.4857641904916595, "adaptation_rate": 0.016640182948843504, "weapon_cooldown_ticks": 2}