{"ticks": 200.0, "objective_progress": 0.11999999999999962, "objective_controller": 1.0, "max_ticks": 200, "n_agents": 30, "seed": 1801, "objective_radius": 7, "wall_prob": 0.18589530925793954, "cover_prob": 0.08675697328612864, "choke_prob": 0.06947377219102402, "stochasticity": 0.39998307195850735, "adaptation_rate": 0.07039643577928092, "weapon_cooldown_ticks": 2}