{"ticks": 200.0, "objective_progress": 0.49999999999999956, "objective_controller": 1.0, "max_ticks": 200, "n_agents": 30, "seed": 1140, "objective_radius": 10, "wall_prob": 0.04784940702223277, "cover_prob": 0.08947152569400596, "choke_prob": 0.09160451477229863, "stochasticity": 0.4967531317682704, "adaptation_rate": 0.16497560913343745, "weapon_cooldown_ticks": 1}