{"ticks": 200.0, "objective_progress": 0.04, "objective_controller": 1.0, "max_ticks": 200, "n_agents": 30, "seed": 2863, "objective_radius": 8, "wall_prob": 0.1376953125, "cover_prob": 0.06796875000000001, "choke_prob": 0.027734375000000002, "stochasticity": 0.435546875, "adaptation_rate": 0.055468750000000004, "weapon_cooldown_ticks": 2}