{"ticks": 200.0, "objective_progress": 0.09999999999999973, "objective_controller": 0.0, "max_ticks": 200, "n_agents": 30, "seed": 2230, "objective_radius": 9, "wall_prob": 0.2470703125, "cover_prob": 0.05234375, "choke_prob": 0.041015625, "stochasticity": 0.134765625, "adaptation_rate": 0.10390625, "weapon_cooldown_ticks": 2}