{"ticks": 200.0, "objective_progress": 0.8799999999999999, "objective_controller": 1.0, "max_ticks": 200, "n_agents": 30, "seed": 3151, "objective_radius": 5, "wall_prob": 0.1103515625, "cover_prob": 0.07109375, "choke_prob": 0.013671875, "stochasticity": 0.083984375, "adaptation_rate": 0.039843750000000004, "weapon_cooldown_ticks": 2}