{"ticks": 200.0, "objective_progress": 0.0, "objective_controller": 1.0, "max_ticks": 200, "n_agents": 30, "seed": 1684, "objective_radius": 8, "wall_prob": 0.021918303459502374, "cover_prob": 0.11560222209985159, "choke_prob": 0.06119109659858501, "stochasticity": 0.2734047475094451, "adaptation_rate": 0.15203483264157136, "weapon_cooldown_ticks": 3}