{"ticks": 200.0, "objective_progress": 1.0, "objective_controller": 0.0, "max_ticks": 200, "n_agents": 30, "seed": 1579, "objective_radius": 3, "wall_prob": 0.1091440882949986, "cover_prob": 0.09921423867567025, "choke_prob": 0.08247359564807441, "stochasticity": 0.05692884865862742, "adaptation_rate": 0.10990578447191501, "weapon_cooldown_ticks": 1}