{"ticks": 200.0, "objective_progress": 1.0, "objective_controller": 0.0, "max_ticks": 200, "n_agents": 30, "seed": 1239, "objective_radius": 7, "wall_prob": 0.05485766087596521, "cover_prob": 0.0673218202755581, "choke_prob": 0.08359898051418327, "stochasticity": 0.1072908397366459, "adaptation_rate": 0.14406522702205876, "weapon_cooldown_ticks": 2}