{"ticks": 200.0, "objective_progress": 0.8699999999999999, "objective_controller": 1.0, "max_ticks": 200, "n_agents": 30, "seed": 1806, "objective_radius": 3, "wall_prob": 0.07708755126277166, "cover_prob": 0.11944964598086355, "choke_prob": 0.08847158150437788, "stochasticity": 0.4165001546142116, "adaptation_rate": 0.1792511310333715, "weapon_cooldown_ticks": 2}