{"ticks": 200.0, "objective_progress": 0.4999999999999999, "objective_controller": 1.0, "max_ticks": 200, "n_agents": 30, "seed": 2248, "objective_radius": 7, "wall_prob": 0.138671875, "cover_prob": 0.1203125, "choke_prob": 0.08046875, "stochasticity": 0.00390625, "adaptation_rate": 0.1203125, "weapon_cooldown_ticks": 2}