{"ticks": 200.0, "objective_progress": 1.0, "objective_controller": 0.0, "max_ticks": 200, "n_agents": 30, "seed": 1016, "objective_radius": 7, "wall_prob": 0.060273503204102484, "cover_prob": 0.02144309212090264, "choke_prob": 0.024731296647647064, "stochasticity": 0.3533875535652066, "adaptation_rate": 0.03833901672432552, "weapon_cooldown_ticks": 1}