{"ticks": 200.0, "objective_progress": 0.27999999999999975, "objective_controller": 0.0, "max_ticks": 200, "n_agents": 30, "seed": 3000, "objective_radius": 12, "wall_prob": 0.1318359375, "cover_prob": 0.14765625000000002, "choke_prob": 0.023046875, "stochasticity": 0.416015625, "adaptation_rate": 0.0023437500000000003, "weapon_cooldown_ticks": 2}