{"ticks": 200.0, "objective_progress": 0.5299999999999996, "objective_controller": 0.0, "max_ticks": 200, "n_agents": 30, "seed": 1287, "objective_radius": 3, "wall_prob": 0.0007957303110490513, "cover_prob": 0.08628131389387157, "choke_prob": 0.07199353645233407, "stochasticity": 0.31079721704567953, "adaptation_rate": 0.026846648997114187, "weapon_cooldown_ticks": 2}