{"ticks": 200.0, "objective_progress": 0.0, "objective_controller": 1.0, "max_ticks": 200, "n_agents": 30, "seed": 1518, "objective_radius": 11, "wall_prob": 0.011781003289743786, "cover_prob": 0.13836007490785496, "choke_prob": 0.08130808415628554, "stochasticity": 0.36304977433532326, "adaptation_rate": 0.05902726314230916, "weapon_cooldown_ticks": 2}