{"ticks": 200.0, "objective_progress": 0.0, "objective_controller": 1.0, "max_ticks": 200, "n_agents": 30, "seed": 1878, "objective_radius": 9, "wall_prob": 0.0005959718522566852, "cover_prob": 0.07906201995280399, "choke_prob": 0.009517508344140717, "stochasticity": 0.35841815162881374, "adaptation_rate": 0.04857733087285744, "weapon_cooldown_ticks": 2}