{"ticks": 200.0, "objective_progress": 1.0, "objective_controller": 0.0, "max_ticks": 200, "n_agents": 30, "seed": 1824, "objective_radius": 5, "wall_prob": 0.06913414385556935, "cover_prob": 0.1788522900959386, "choke_prob": 0.057212796533946036, "stochasticity": 0.22557758077568818, "adaptation_rate": 0.19337865730252934, "weapon_cooldown_ticks": 2}