{"ticks": 200.0, "objective_progress": 0.3599999999999994, "objective_controller": 1.0, "max_ticks": 200, "n_agents": 30, "seed": 1876, "objective_radius": 7, "wall_prob": 0.23485266529047855, "cover_prob": 0.06000199314635279, "choke_prob": 0.08662838510975279, "stochasticity": 0.20708991281799624, "adaptation_rate": 0.12196606313976342, "weapon_cooldown_ticks": 2}