{"ticks": 200.0, "objective_progress": 0.1799999999999996, "objective_controller": 1.0, "max_ticks": 200, "n_agents": 30, "seed": 1247, "objective_radius": 8, "wall_prob": 0.03125635529097719, "cover_prob": 0.011842846178490437, "choke_prob": 0.0657835126493445, "stochasticity": 0.0004269189403970784, "adaptation_rate": 0.01814452137383734, "weapon_cooldown_ticks": 2}