{"ticks": 200.0, "objective_progress": 0.10000000000000006, "objective_controller": 1.0, "max_ticks": 200, "n_agents": 30, "seed": 2993, "objective_radius": 8, "wall_prob": 0.0068359375, "cover_prob": 0.18984375, "choke_prob": 0.073046875, "stochasticity": 0.166015625, "adaptation_rate": 0.10234375000000001, "weapon_cooldown_ticks": 3}