{"ticks": 200.0, "objective_progress": 0.9199999999999999, "objective_controller": 1.0, "max_ticks": 200, "n_agents": 30, "seed": 1280, "objective_radius": 8, "wall_prob": 0.16337024772841569, "cover_prob": 0.15298646248306755, "choke_prob": 0.03688338551068864, "stochasticity": 0.3368781687573976, "adaptation_rate": 0.09152016654220647, "weapon_cooldown_ticks": 2}