{"ticks": 200.0, "objective_progress": 0.0, "objective_controller": 1.0, "max_ticks": 200, "n_agents": 30, "seed": 1617, "objective_radius": 11, "wall_prob": 0.10410853428679623, "cover_prob": 0.11167596554837544, "choke_prob": 0.048384567392098975, "stochasticity": 0.4148485391283471, "adaptation_rate": 0.0822917060788273, "weapon_cooldown_ticks": 2}