{"ticks": 200.0, "objective_progress": 0.0, "objective_controller": 0.0, "max_ticks": 200, "n_agents": 30, "seed": 1616, "objective_radius": 8, "wall_prob": 0.07486914694620328, "cover_prob": 0.14707600134405993, "choke_prob": 0.054724609337758794, "stochasticity": 0.4998209126309818, "adaptation_rate": 0.05629503300926846, "weapon_cooldown_ticks": 3}