{"ticks": 200.0, "objective_progress": 0.019999999999999993, "objective_controller": 0.0, "max_ticks": 200, "n_agents": 30, "seed": 2420, "objective_radius": 8, "wall_prob": 0.080078125, "cover_prob": 0.0921875, "choke_prob": 0.05390625, "stochasticity": 0.34765625, "adaptation_rate": 0.15781250000000002, "weapon_cooldown_ticks": 1}