{"ticks": 200.0, "objective_progress": 0.0, "objective_controller": 1.0, "max_ticks": 200, "n_agents": 30, "seed": 1308, "objective_radius": 10, "wall_prob": 0.11195412322863126, "cover_prob": 0.1628099048742213, "choke_prob": 0.08074683768547904, "stochasticity": 0.3372454515385635, "adaptation_rate": 0.1778041042983322, "weapon_cooldown_ticks": 3}