{"ticks": 200.0, "objective_progress": 0.0, "objective_controller": 0.0, "max_ticks": 200, "n_agents": 30, "seed": 1374, "objective_radius": 9, "wall_prob": 0.13914245545115211, "cover_prob": 0.058506409684083584, "choke_prob": 0.012853010947940561, "stochasticity": 0.48420097831077913, "adaptation_rate": 0.024952049526470874, "weapon_cooldown_ticks": 2}