{"ticks": 200.0, "objective_progress": 0.0, "objective_controller": 0.0, "max_ticks": 200, "n_agents": 30, "seed": 2231, "objective_radius": 9, "wall_prob": 0.201171875, "cover_prob": 0.1703125, "choke_prob": 0.055468750000000004, "stochasticity": 0.49609375, "adaptation_rate": 0.1421875, "weapon_cooldown_ticks": 3}