{"ticks": 200.0, "objective_progress": 0.29999999999999977, "objective_controller": 1.0, "max_ticks": 200, "n_agents": 30, "seed": 1787, "objective_radius": 6, "wall_prob": 0.05340373014323239, "cover_prob": 0.1171370518444262, "choke_prob": 0.06599765752194862, "stochasticity": 0.09730463656269246, "adaptation_rate": 0.01626415183717711, "weapon_cooldown_ticks": 2}