{"ticks": 200.0, "objective_progress": 0.98, "objective_controller": 1.0, "max_ticks": 200, "n_agents": 30, "seed": 1056, "objective_radius": 5, "wall_prob": 0.017449648759420584, "cover_prob": 0.18462515639076799, "choke_prob": 0.08370321672066926, "stochasticity": 0.02490389478787669, "adaptation_rate": 0.1430238240477861, "weapon_cooldown_ticks": 3}