{"ticks": 200.0, "objective_progress": 0.0, "objective_controller": 0.0, "max_ticks": 200, "n_agents": 30, "seed": 2134, "objective_radius": 11, "wall_prob": 0.107421875, "cover_prob": 0.035937500000000004, "choke_prob": 0.03828125, "stochasticity": 0.26953125, "adaptation_rate": 0.1484375, "weapon_cooldown_ticks": 2}