{"ticks": 200.0, "objective_progress": 0.2999999999999994, "objective_controller": 0.0, "max_ticks": 200, "n_agents": 30, "seed": 2007, "objective_radius": 8, "wall_prob": 0.11008585107241464, "cover_prob": 0.04040379022303753, "choke_prob": 0.02779735825860491, "stochasticity": 0.18116544443961854, "adaptation_rate": 0.13119551211093902, "weapon_cooldown_ticks": 1}