{"ticks": 200.0, "objective_progress": 0.9199999999999999, "objective_controller": 1.0, "max_ticks": 200, "n_agents": 30, "seed": 2597, "objective_radius": 10, "wall_prob": 0.1123046875, "cover_prob": 0.01171875, "choke_prob": 0.065234375, "stochasticity": 0.251953125, "adaptation_rate": 0.02421875, "weapon_cooldown_ticks": 1}