{"ticks": 200.0, "objective_progress": 1.0, "objective_controller": 0.0, "max_ticks": 200, "n_agents": 30, "seed": 1306, "objective_radius": 6, "wall_prob": 0.16540404376375253, "cover_prob": 0.1960556130031691, "choke_prob": 0.06415782867350588, "stochasticity": 0.16187112305287646, "adaptation_rate": 0.06175096861437693, "weapon_cooldown_ticks": 2}