{"ticks": 200.0, "objective_progress": 0.43999999999999995, "objective_controller": 0.0, "max_ticks": 200, "n_agents": 30, "seed": 1526, "objective_radius": 3, "wall_prob": 0.11629588132677025, "cover_prob": 0.1875815010631755, "choke_prob": 0.014838358606899221, "stochasticity": 0.3487640785979762, "adaptation_rate": 0.1912472780562553, "weapon_cooldown_ticks": 3}