{"ticks": 200.0, "objective_progress": 0.060000000000000026, "objective_controller": 1.0, "max_ticks": 200, "n_agents": 30, "seed": 1952, "objective_radius": 7, "wall_prob": 0.1131905672726815, "cover_prob": 0.12414776167333359, "choke_prob": 0.002066648722684508, "stochasticity": 0.14562641427991163, "adaptation_rate": 0.12404751797961255, "weapon_cooldown_ticks": 1}