{"ticks": 200.0, "objective_progress": 1.0, "objective_controller": 0.0, "max_ticks": 200, "n_agents": 30, "seed": 1188, "objective_radius": 3, "wall_prob": 0.24885273904954094, "cover_prob": 0.12240440105862033, "choke_prob": 0.052927282609397386, "stochasticity": 0.3906399091348911, "adaptation_rate": 0.012559317742360195, "weapon_cooldown_ticks": 1}