{"ticks": 200.0, "objective_progress": 0.6599999999999996, "objective_controller": 1.0, "max_ticks": 200, "n_agents": 30, "seed": 2732, "objective_radius": 9, "wall_prob": 0.1982421875, "cover_prob": 0.08046875, "choke_prob": 0.08085937500000001, "stochasticity": 0.267578125, "adaptation_rate": 0.13046875, "weapon_cooldown_ticks": 2}