{"ticks": 200.0, "objective_progress": 0.0, "objective_controller": 0.0, "max_ticks": 200, "n_agents": 30, "seed": 1971, "objective_radius": 8, "wall_prob": 0.048014361045471896, "cover_prob": 0.06786984754092011, "choke_prob": 0.03418170345789461, "stochasticity": 0.16315196603141874, "adaptation_rate": 0.019511511164565155, "weapon_cooldown_ticks": 2}