{"ticks": 200.0, "objective_progress": 0.0, "objective_controller": 0.0, "max_ticks": 200, "n_agents": 30, "seed": 1528, "objective_radius": 11, "wall_prob": 0.11889723867654461, "cover_prob": 0.06255716706846999, "choke_prob": 0.0614738767688196, "stochasticity": 0.3986220827364475, "adaptation_rate": 0.19500776427343322, "weapon_cooldown_ticks": 2}