{"ticks": 200.0, "objective_progress": 0.16, "objective_controller": 1.0, "max_ticks": 200, "n_agents": 30, "seed": 2380, "objective_radius": 12, "wall_prob": 0.2099609375, "cover_prob": 0.06171875, "choke_prob": 0.055078125000000006, "stochasticity": 0.287109375, "adaptation_rate": 0.16328125000000002, "weapon_cooldown_ticks": 1}