{"ticks": 200.0, "objective_progress": 0.20000000000000004, "objective_controller": 0.0, "max_ticks": 200, "n_agents": 30, "seed": 2059, "objective_radius": 9, "wall_prob": 0.068359375, "cover_prob": 0.0390625, "choke_prob": 0.04609375, "stochasticity": 0.30078125, "adaptation_rate": 0.11406250000000001, "weapon_cooldown_ticks": 2}