{"ticks": 200.0, "objective_progress": 0.13999999999999974, "objective_controller": 1.0, "max_ticks": 200, "n_agents": 30, "seed": 2121, "objective_radius": 10, "wall_prob": 0.2236328125, "cover_prob": 0.12109375, "choke_prob": 0.042578125, "stochasticity": 0.294921875, "adaptation_rate": 0.07265625, "weapon_cooldown_ticks": 2}