{"ticks": 200.0, "objective_progress": 0.4999999999999999, "objective_controller": 0.0, "max_ticks": 200, "n_agents": 30, "seed": 1761, "objective_radius": 6, "wall_prob": 0.009516162954293325, "cover_prob": 0.014160964100405158, "choke_prob": 0.09942038412275159, "stochasticity": 0.012520640431219003, "adaptation_rate": 0.19529723335455532, "weapon_cooldown_ticks": 2}