{"ticks": 200.0, "objective_progress": 0.5399999999999994, "objective_controller": 1.0, "max_ticks": 200, "n_agents": 30, "seed": 1057, "objective_radius": 12, "wall_prob": 0.057937063364718405, "cover_prob": 0.1870644077666144, "choke_prob": 0.019293794197782002, "stochasticity": 0.17851271298012883, "adaptation_rate": 0.1405496869461942, "weapon_cooldown_ticks": 1}