{"ticks": 200.0, "objective_progress": 0.0, "objective_controller": 1.0, "max_ticks": 200, "n_agents": 30, "seed": 1714, "objective_radius": 11, "wall_prob": 0.023268303795612445, "cover_prob": 0.08988496600376827, "choke_prob": 0.06724835692383084, "stochasticity": 0.31645306365299936, "adaptation_rate": 0.18721934421357747, "weapon_cooldown_ticks": 2}