{"ticks": 200.0, "objective_progress": 1.0, "objective_controller": 1.0, "max_ticks": 200, "n_agents": 30, "seed": 1962, "objective_radius": 4, "wall_prob": 0.02095979029177363, "cover_prob": 0.17686790538280875, "choke_prob": 0.06991110916717273, "stochasticity": 0.4654716982246214, "adaptation_rate": 0.0038722734786679363, "weapon_cooldown_ticks": 2}