{"ticks": 200.0, "objective_progress": 0.9899999999999997, "objective_controller": 1.0, "max_ticks": 200, "n_agents": 30, "seed": 2072, "objective_radius": 5, "wall_prob": 0.0048828125, "cover_prob": 0.14609375, "choke_prob": 0.025390625, "stochasticity": 0.232421875, "adaptation_rate": 0.19765625, "weapon_cooldown_ticks": 2}