{"ticks": 200.0, "objective_progress": 0.98, "objective_controller": 0.0, "max_ticks": 200, "n_agents": 30, "seed": 2430, "objective_radius": 4, "wall_prob": 0.205078125, "cover_prob": 0.1921875, "choke_prob": 0.00390625, "stochasticity": 0.09765625, "adaptation_rate": 0.13593750000000002, "weapon_cooldown_ticks": 3}