{"ticks": 200.0, "objective_progress": 0.32, "objective_controller": 0.0, "max_ticks": 200, "n_agents": 30, "seed": 1269, "objective_radius": 4, "wall_prob": 0.020184760407434398, "cover_prob": 0.06501810297990594, "choke_prob": 0.040354361423612074, "stochasticity": 0.18957305068608554, "adaptation_rate": 0.07802179607256535, "weapon_cooldown_ticks": 2}