{"ticks": 200.0, "objective_progress": 0.0, "objective_controller": 1.0, "max_ticks": 200, "n_agents": 30, "seed": 1779, "objective_radius": 12, "wall_prob": 0.11018969777790519, "cover_prob": 0.17701900082553834, "choke_prob": 0.04560654352222785, "stochasticity": 0.4117213577562771, "adaptation_rate": 0.18772612554120918, "weapon_cooldown_ticks": 3}