{"ticks": 200.0, "objective_progress": 0.0, "objective_controller": 1.0, "max_ticks": 200, "n_agents": 30, "seed": 1505, "objective_radius": 11, "wall_prob": 0.15676594548891154, "cover_prob": 0.1564549893969259, "choke_prob": 0.06612297502199059, "stochasticity": 0.33328451353101635, "adaptation_rate": 0.1837494020521504, "weapon_cooldown_ticks": 2}