{"ticks": 200.0, "objective_progress": 0.4199999999999998, "objective_controller": 1.0, "max_ticks": 200, "n_agents": 30, "seed": 1903, "objective_radius": 5, "wall_prob": 0.05057974557562979, "cover_prob": 0.11336349688843089, "choke_prob": 0.01579073443581118, "stochasticity": 0.4632394786666679, "adaptation_rate": 0.1636753791326523, "weapon_cooldown_ticks": 2}