{"ticks": 200.0, "objective_progress": 0.0, "objective_controller": 1.0, "max_ticks": 200, "n_agents": 30, "seed": 1606, "objective_radius": 10, "wall_prob": 0.0879555515249245, "cover_prob": 0.07464280543588594, "choke_prob": 0.04691275787530608, "stochasticity": 0.18047433240459906, "adaptation_rate": 0.05077945551607141, "weapon_cooldown_ticks": 3}