{"ticks": 200.0, "objective_progress": 0.18, "objective_controller": 1.0, "max_ticks": 200, "n_agents": 30, "seed": 3081, "objective_radius": 8, "wall_prob": 0.0927734375, "cover_prob": 0.12890625, "choke_prob": 0.06992187500000001, "stochasticity": 0.369140625, "adaptation_rate": 0.12109375, "weapon_cooldown_ticks": 2}