{"ticks": 200.0, "objective_progress": 0.0, "objective_controller": 1.0, "max_ticks": 200, "n_agents": 30, "seed": 2236, "objective_radius": 11, "wall_prob": 0.0810546875, "cover_prob": 0.10234375000000001, "choke_prob": 0.06601562500000001, "stochasticity": 0.498046875, "adaptation_rate": 0.15390625000000002, "weapon_cooldown_ticks": 2}