{"ticks": 200.0, "objective_progress": 1.0, "objective_controller": 0.0, "max_ticks": 200, "n_agents": 30, "seed": 1537, "objective_radius": 8, "wall_prob": 0.19419984634067428, "cover_prob": 0.12161968376658237, "choke_prob": 0.011788947639883555, "stochasticity": 0.46210828329204123, "adaptation_rate": 0.05472769980054074, "weapon_cooldown_ticks": 2}