{"ticks": 200.0, "objective_progress": 0.45999999999999963, "objective_controller": 0.0, "max_ticks": 200, "n_agents": 30, "seed": 1462, "objective_radius": 7, "wall_prob": 0.04170513578416035, "cover_prob": 0.18981834843590464, "choke_prob": 0.005627528391826267, "stochasticity": 0.07676329351397565, "adaptation_rate": 0.06017453383793493, "weapon_cooldown_ticks": 2}