{"ticks": 200.0, "objective_progress": 0.27999999999999997, "objective_controller": 1.0, "max_ticks": 200, "n_agents": 30, "seed": 1066, "objective_radius": 4, "wall_prob": 0.0378647273602616, "cover_prob": 0.002028304409117384, "choke_prob": 0.06535798413955564, "stochasticity": 0.4308097713277493, "adaptation_rate": 0.0717593802441731, "weapon_cooldown_ticks": 2}