{"ticks": 200.0, "objective_progress": 0.0, "objective_controller": 0.0, "max_ticks": 200, "n_agents": 30, "seed": 1243, "objective_radius": 5, "wall_prob": 0.06854942682984501, "cover_prob": 0.0514166633146928, "choke_prob": 0.06994726988461318, "stochasticity": 0.4193087432745162, "adaptation_rate": 0.06655381674794277, "weapon_cooldown_ticks": 3}