{"ticks": 200.0, "objective_progress": 0.4399999999999993, "objective_controller": 1.0, "max_ticks": 200, "n_agents": 30, "seed": 1088, "objective_radius": 12, "wall_prob": 0.007812265163267719, "cover_prob": 0.09330744279397388, "choke_prob": 0.001022779246088178, "stochasticity": 0.007753876845091996, "adaptation_rate": 0.16734914305954673, "weapon_cooldown_ticks": 2}