{"ticks": 200.0, "objective_progress": 0.3, "objective_controller": 1.0, "max_ticks": 200, "n_agents": 30, "seed": 2428, "objective_radius": 4, "wall_prob": 0.2197265625, "cover_prob": 0.08671875000000001, "choke_prob": 0.09257812500000001, "stochasticity": 0.236328125, "adaptation_rate": 0.08828125, "weapon_cooldown_ticks": 3}