{"ticks": 200.0, "objective_progress": 0.31999999999999945, "objective_controller": 1.0, "max_ticks": 200, "n_agents": 30, "seed": 1831, "objective_radius": 8, "wall_prob": 0.11286603860258101, "cover_prob": 0.15950043185524232, "choke_prob": 0.09351613530352004, "stochasticity": 0.4937674223698291, "adaptation_rate": 0.18359276496906918, "weapon_cooldown_ticks": 1}