{"ticks": 200.0, "objective_progress": 1.0, "objective_controller": 1.0, "max_ticks": 200, "n_agents": 30, "seed": 1036, "objective_radius": 7, "wall_prob": 0.016725497222048916, "cover_prob": 0.01809838139776774, "choke_prob": 0.0747835097035261, "stochasticity": 0.4220690082582487, "adaptation_rate": 0.1015043986030566, "weapon_cooldown_ticks": 2}