{"ticks": 200.0, "objective_progress": 0.0, "objective_controller": 0.0, "max_ticks": 200, "n_agents": 30, "seed": 1121, "objective_radius": 12, "wall_prob": 0.10032001154367522, "cover_prob": 0.08572925392476617, "choke_prob": 0.04704835369415496, "stochasticity": 0.45191220454675435, "adaptation_rate": 0.12352254502995322, "weapon_cooldown_ticks": 2}