{"ticks": 200.0, "objective_progress": 0.0, "objective_controller": 0.0, "max_ticks": 200, "n_agents": 30, "seed": 1489, "objective_radius": 6, "wall_prob": 0.06960366145470534, "cover_prob": 0.12226131618831299, "choke_prob": 0.0811540415303325, "stochasticity": 0.10816198675981867, "adaptation_rate": 0.15516875086109982, "weapon_cooldown_ticks": 3}