{"ticks": 200.0, "objective_progress": 1.0, "objective_controller": 1.0, "max_ticks": 200, "n_agents": 30, "seed": 2521, "objective_radius": 5, "wall_prob": 0.072265625, "cover_prob": 0.18281250000000002, "choke_prob": 0.07421875, "stochasticity": 0.10546875, "adaptation_rate": 0.15156250000000002, "weapon_cooldown_ticks": 2}