{"ticks": 200.0, "objective_progress": 0.08000000000000002, "objective_controller": 0.0, "max_ticks": 200, "n_agents": 30, "seed": 1067, "objective_radius": 9, "wall_prob": 0.15941373989613455, "cover_prob": 0.16575048307313944, "choke_prob": 0.08316694769190633, "stochasticity": 0.4734430441972454, "adaptation_rate": 0.12943363277394568, "weapon_cooldown_ticks": 2}