{"ticks": 200.0, "objective_progress": 0.0, "objective_controller": 1.0, "max_ticks": 200, "n_agents": 30, "seed": 2528, "objective_radius": 11, "wall_prob": 0.1181640625, "cover_prob": 0.04296875, "choke_prob": 0.014453125, "stochasticity": 0.427734375, "adaptation_rate": 0.14765625000000002, "weapon_cooldown_ticks": 2}