{"ticks": 200.0, "objective_progress": 0.0, "objective_controller": 1.0, "max_ticks": 200, "n_agents": 30, "seed": 1632, "objective_radius": 11, "wall_prob": 0.21073171047218361, "cover_prob": 0.1364521960747794, "choke_prob": 0.01509869520416648, "stochasticity": 0.43743591671155296, "adaptation_rate": 0.02641153784776118, "weapon_cooldown_ticks": 3}