{"ticks": 200.0, "objective_progress": 1.0, "objective_controller": 1.0, "max_ticks": 200, "n_agents": 30, "seed": 1421, "objective_radius": 6, "wall_prob": 0.2133325854787528, "cover_prob": 0.08352243276608594, "choke_prob": 0.08874965446292872, "stochasticity": 0.3071618101919911, "adaptation_rate": 0.12104566204537968, "weapon_cooldown_ticks": 1}