{"ticks": 200.0, "objective_progress": 0.0, "objective_controller": 1.0, "max_ticks": 200, "n_agents": 30, "seed": 1391, "objective_radius": 11, "wall_prob": 0.06733410121986681, "cover_prob": 0.05833483721136702, "choke_prob": 0.04242631896127357, "stochasticity": 0.03827623154801937, "adaptation_rate": 0.05456866511562208, "weapon_cooldown_ticks": 2}