{"ticks": 200.0, "objective_progress": 0.5199999999999995, "objective_controller": 1.0, "max_ticks": 200, "n_agents": 30, "seed": 2442, "objective_radius": 10, "wall_prob": 0.2275390625, "cover_prob": 0.0054687500000000005, "choke_prob": 0.058203125, "stochasticity": 0.021484375, "adaptation_rate": 0.04453125, "weapon_cooldown_ticks": 1}