{"ticks": 200.0, "objective_progress": 0.0, "objective_controller": 0.0, "max_ticks": 200, "n_agents": 30, "seed": 1922, "objective_radius": 8, "wall_prob": 0.11175581406276572, "cover_prob": 0.03235277986366011, "choke_prob": 0.04297514359203313, "stochasticity": 0.4526520303013322, "adaptation_rate": 0.08202236849464097, "weapon_cooldown_ticks": 3}