{"ticks": 200.0, "objective_progress": 0.0, "objective_controller": 0.0, "max_ticks": 200, "n_agents": 30, "seed": 1154, "objective_radius": 5, "wall_prob": 0.03483726153330411, "cover_prob": 0.12290487630350955, "choke_prob": 0.0663414744615071, "stochasticity": 0.14863544592480268, "adaptation_rate": 0.1530503034515951, "weapon_cooldown_ticks": 2}