{"ticks": 200.0, "objective_progress": 0.0, "objective_controller": 0.0, "max_ticks": 200, "n_agents": 30, "seed": 1062, "objective_radius": 11, "wall_prob": 0.146713366592335, "cover_prob": 0.16439484718371067, "choke_prob": 0.053992126570475085, "stochasticity": 0.3338045430029979, "adaptation_rate": 0.0465208155349737, "weapon_cooldown_ticks": 2}