{"ticks": 200.0, "objective_progress": 1.0, "objective_controller": 0.0, "max_ticks": 200, "n_agents": 30, "seed": 2123, "objective_radius": 11, "wall_prob": 0.208984375, "cover_prob": 0.0015625, "choke_prob": 0.07734375, "stochasticity": 0.41796875, "adaptation_rate": 0.09843750000000001, "weapon_cooldown_ticks": 1}