{"ticks": 200.0, "objective_progress": 1.0, "objective_controller": 0.0, "max_ticks": 200, "n_agents": 30, "seed": 1817, "objective_radius": 9, "wall_prob": 0.0680996109758556, "cover_prob": 0.014606398798225909, "choke_prob": 0.025065562616396177, "stochasticity": 0.1394412726360292, "adaptation_rate": 0.0022853312001282033, "weapon_cooldown_ticks": 1}