{"ticks": 200.0, "objective_progress": 1.0, "objective_controller": 1.0, "max_ticks": 200, "n_agents": 30, "seed": 1386, "objective_radius": 4, "wall_prob": 0.2294186114758167, "cover_prob": 0.02795667872475996, "choke_prob": 0.025876590951068864, "stochasticity": 0.39373024254423894, "adaptation_rate": 0.18651922028728718, "weapon_cooldown_ticks": 3}