{"ticks": 200.0, "objective_progress": 0.29999999999999977, "objective_controller": 0.0, "max_ticks": 200, "n_agents": 30, "seed": 1334, "objective_radius": 8, "wall_prob": 0.21254328598425518, "cover_prob": 0.17069388674206887, "choke_prob": 0.02131110714561327, "stochasticity": 0.28000560054260454, "adaptation_rate": 0.06638299948574138, "weapon_cooldown_ticks": 1}