{"ticks": 200.0, "objective_progress": 0.5799999999999997, "objective_controller": 1.0, "max_ticks": 200, "n_agents": 30, "seed": 2011, "objective_radius": 7, "wall_prob": 0.08222319513613649, "cover_prob": 0.1728624880057842, "choke_prob": 0.029175288812214425, "stochasticity": 0.061024738148928837, "adaptation_rate": 0.1195917581029876, "weapon_cooldown_ticks": 3}