{"ticks": 200.0, "objective_progress": 1.0, "objective_controller": 0.0, "max_ticks": 200, "n_agents": 30, "seed": 1899, "objective_radius": 8, "wall_prob": 0.23006026211728794, "cover_prob": 0.005400145200427267, "choke_prob": 0.09712052332253494, "stochasticity": 0.2940684292996999, "adaptation_rate": 0.1333148072141586, "weapon_cooldown_ticks": 1}