{"ticks": 200.0, "objective_progress": 1.0, "objective_controller": 0.0, "max_ticks": 200, "n_agents": 30, "seed": 1871, "objective_radius": 7, "wall_prob": 0.21398100680211968, "cover_prob": 0.14550716250427428, "choke_prob": 0.0815762267910747, "stochasticity": 0.06471534675029562, "adaptation_rate": 0.12693949294978935, "weapon_cooldown_ticks": 2}