{"ticks": 200.0, "objective_progress": 0.0, "objective_controller": 0.0, "max_ticks": 200, "n_agents": 30, "seed": 1406, "objective_radius": 8, "wall_prob": 0.07716684244444225, "cover_prob": 0.02649977975860365, "choke_prob": 0.029883488459588176, "stochasticity": 0.37298940263814295, "adaptation_rate": 0.017873475995089493, "weapon_cooldown_ticks": 3}