{"ticks": 200.0, "objective_progress": 0.0, "objective_controller": 1.0, "max_ticks": 200, "n_agents": 30, "seed": 1156, "objective_radius": 11, "wall_prob": 0.2027833875459145, "cover_prob": 0.10950885626816785, "choke_prob": 0.02409250556184315, "stochasticity": 0.04870612676168239, "adaptation_rate": 0.12702185837343713, "weapon_cooldown_ticks": 3}