{"ticks": 200.0, "objective_progress": 1.0, "objective_controller": 0.0, "max_ticks": 200, "n_agents": 30, "seed": 1418, "objective_radius": 4, "wall_prob": 0.23067031075206756, "cover_prob": 0.07234950418139234, "choke_prob": 0.042918691809765784, "stochasticity": 0.08700529470003206, "adaptation_rate": 0.07661923369365455, "weapon_cooldown_ticks": 2}