{"ticks": 200.0, "objective_progress": 0.0, "objective_controller": 0.0, "max_ticks": 200, "n_agents": 30, "seed": 1941, "objective_radius": 9, "wall_prob": 0.16148068139623695, "cover_prob": 0.1966850532627827, "choke_prob": 0.009912636192203816, "stochasticity": 0.2623225019712469, "adaptation_rate": 0.12365719264770447, "weapon_cooldown_ticks": 1}