{"ticks": 200.0, "objective_progress": 0.78, "objective_controller": 1.0, "max_ticks": 200, "n_agents": 30, "seed": 3020, "objective_radius": 8, "wall_prob": 0.1396484375, "cover_prob": 0.08359375000000001, "choke_prob": 0.026171875, "stochasticity": 0.337890625, "adaptation_rate": 0.05859375, "weapon_cooldown_ticks": 2}