{"ticks": 200.0, "objective_progress": 1.0, "objective_controller": 0.0, "max_ticks": 200, "n_agents": 30, "seed": 1138, "objective_radius": 9, "wall_prob": 0.0642189967701823, "cover_prob": 0.04696861204330453, "choke_prob": 0.07623915769448916, "stochasticity": 0.49519924450208125, "adaptation_rate": 0.1873245943050802, "weapon_cooldown_ticks": 1}