{"ticks": 200.0, "objective_progress": 0.0, "objective_controller": 1.0, "max_ticks": 200, "n_agents": 30, "seed": 2524, "objective_radius": 11, "wall_prob": 0.009765625, "cover_prob": 0.13593750000000002, "choke_prob": 0.07578125000000001, "stochasticity": 0.30078125, "adaptation_rate": 0.1921875, "weapon_cooldown_ticks": 3}