{"ticks": 200.0, "objective_progress": 1.0, "objective_controller": 1.0, "max_ticks": 200, "n_agents": 30, "seed": 1435, "objective_radius": 5, "wall_prob": 0.030361863402307742, "cover_prob": 0.17427635561044844, "choke_prob": 0.018539937534598632, "stochasticity": 0.2361062350621093, "adaptation_rate": 0.0025827812844442357, "weapon_cooldown_ticks": 2}