{"ticks": 200.0, "objective_progress": 1.0, "objective_controller": 1.0, "max_ticks": 200, "n_agents": 30, "seed": 1909, "objective_radius": 5, "wall_prob": 0.14606565069074837, "cover_prob": 0.1752971416058208, "choke_prob": 0.03281246812900553, "stochasticity": 0.20925608348193878, "adaptation_rate": 6.355060555232274e-05, "weapon_cooldown_ticks": 2}