{"ticks": 200.0, "objective_progress": 0.8399999999999999, "objective_controller": 1.0, "max_ticks": 200, "n_agents": 30, "seed": 1904, "objective_radius": 5, "wall_prob": 0.08467902240632201, "cover_prob": 0.04899293442274602, "choke_prob": 0.04174198232523735, "stochasticity": 0.41154660368067664, "adaptation_rate": 0.0744759070701892, "weapon_cooldown_ticks": 3}