{"ticks": 200.0, "objective_progress": 0.0, "objective_controller": 1.0, "max_ticks": 200, "n_agents": 30, "seed": 1248, "objective_radius": 5, "wall_prob": 0.10182234834299572, "cover_prob": 0.1775839866976307, "choke_prob": 0.01316557269787109, "stochasticity": 0.1845890375074318, "adaptation_rate": 0.1438364071681455, "weapon_cooldown_ticks": 3}