{"ticks": 200.0, "objective_progress": 0.0, "objective_controller": 1.0, "max_ticks": 200, "n_agents": 30, "seed": 1300, "objective_radius": 8, "wall_prob": 0.013720141229747884, "cover_prob": 0.029412007736726465, "choke_prob": 0.06806635423907409, "stochasticity": 0.15005410271060546, "adaptation_rate": 0.006288424182602706, "weapon_cooldown_ticks": 2}