{"ticks": 200.0, "objective_progress": 1.0, "objective_controller": 1.0, "max_ticks": 200, "n_agents": 30, "seed": 2066, "objective_radius": 4, "wall_prob": 0.2392578125, "cover_prob": 0.03828125, "choke_prob": 0.006640625000000001, "stochasticity": 0.388671875, "adaptation_rate": 0.16015625, "weapon_cooldown_ticks": 2}