{"ticks": 200.0, "objective_progress": 0.19999999999999965, "objective_controller": 1.0, "max_ticks": 200, "n_agents": 30, "seed": 2782, "objective_radius": 11, "wall_prob": 0.2470703125, "cover_prob": 0.10546875, "choke_prob": 0.046484375, "stochasticity": 0.154296875, "adaptation_rate": 0.04296875, "weapon_cooldown_ticks": 1}