{"ticks": 200.0, "objective_progress": 0.0, "objective_controller": 0.0, "max_ticks": 200, "n_agents": 30, "seed": 2488, "objective_radius": 9, "wall_prob": 0.025390625, "cover_prob": 0.19843750000000002, "choke_prob": 0.032031250000000004, "stochasticity": 0.20703125, "adaptation_rate": 0.1046875, "weapon_cooldown_ticks": 3}