{"ticks": 200.0, "objective_progress": 1.0, "objective_controller": 1.0, "max_ticks": 200, "n_agents": 30, "seed": 1364, "objective_radius": 7, "wall_prob": 0.21924010585989714, "cover_prob": 0.14729634409869313, "choke_prob": 0.04830764515572861, "stochasticity": 0.20301934525247722, "adaptation_rate": 0.064735522642341, "weapon_cooldown_ticks": 1}