{"ticks": 200.0, "objective_progress": 0.0, "objective_controller": 0.0, "max_ticks": 200, "n_agents": 30, "seed": 2956, "objective_radius": 12, "wall_prob": 0.1025390625, "cover_prob": 0.12265625000000001, "choke_prob": 0.035546875, "stochasticity": 0.103515625, "adaptation_rate": 0.12734375, "weapon_cooldown_ticks": 2}