{"ticks": 200.0, "objective_progress": 0.6799999999999997, "objective_controller": 0.0, "max_ticks": 200, "n_agents": 30, "seed": 2795, "objective_radius": 5, "wall_prob": 0.0263671875, "cover_prob": 0.14296875, "choke_prob": 0.024609375000000003, "stochasticity": 0.298828125, "adaptation_rate": 0.09296875, "weapon_cooldown_ticks": 2}