{"ticks": 200.0, "objective_progress": 1.0, "objective_controller": 1.0, "max_ticks": 200, "n_agents": 30, "seed": 1253, "objective_radius": 5, "wall_prob": 0.08286187175077227, "cover_prob": 0.0983037683712587, "choke_prob": 0.09875896720756405, "stochasticity": 0.13380650359813775, "adaptation_rate": 0.01891920583067565, "weapon_cooldown_ticks": 2}