{"ticks": 200.0, "objective_progress": 1.0, "objective_controller": 0.0, "max_ticks": 200, "n_agents": 30, "seed": 1070, "objective_radius": 3, "wall_prob": 0.09844011628865258, "cover_prob": 0.17269929157664143, "choke_prob": 0.021388809414241983, "stochasticity": 0.23701590414636658, "adaptation_rate": 0.11795326943774445, "weapon_cooldown_ticks": 2}