{"ticks": 200.0, "objective_progress": 0.0, "objective_controller": 0.0, "max_ticks": 200, "n_agents": 30, "seed": 1362, "objective_radius": 11, "wall_prob": 0.027752908720866956, "cover_prob": 0.17592724717315888, "choke_prob": 0.01934334861780138, "stochasticity": 0.19235628986040046, "adaptation_rate": 0.016187275457568876, "weapon_cooldown_ticks": 3}