{"ticks": 200.0, "objective_progress": 0.0, "objective_controller": 1.0, "max_ticks": 200, "n_agents": 30, "seed": 1641, "objective_radius": 10, "wall_prob": 0.13553089571390783, "cover_prob": 0.1568378659944211, "choke_prob": 0.09965503970474907, "stochasticity": 0.2534938399257188, "adaptation_rate": 0.1749732014427343, "weapon_cooldown_ticks": 2}