{"ticks": 200.0, "objective_progress": 0.8199999999999998, "objective_controller": 0.0, "max_ticks": 200, "n_agents": 30, "seed": 1174, "objective_radius": 5, "wall_prob": 0.09002003727825073, "cover_prob": 0.044318206724686574, "choke_prob": 0.03919350283411954, "stochasticity": 0.15279980368036222, "adaptation_rate": 0.059500764562562425, "weapon_cooldown_ticks": 2}