{"ticks": 200.0, "objective_progress": 1.0, "objective_controller": 0.0, "max_ticks": 200, "n_agents": 30, "seed": 2062, "objective_radius": 4, "wall_prob": 0.0576171875, "cover_prob": 0.13828125, "choke_prob": 0.061328125000000004, "stochasticity": 0.056640625, "adaptation_rate": 0.18828125, "weapon_cooldown_ticks": 1}