{"ticks": 200.0, "objective_progress": 0.0, "objective_controller": 0.0, "max_ticks": 200, "n_agents": 30, "seed": 1085, "objective_radius": 8, "wall_prob": 0.007380643240352632, "cover_prob": 0.1245498284237522, "choke_prob": 0.038498181980711796, "stochasticity": 0.36114573130712435, "adaptation_rate": 0.012397798824400556, "weapon_cooldown_ticks": 3}