{"ticks": 200.0, "objective_progress": 0.8799999999999999, "objective_controller": 1.0, "max_ticks": 200, "n_agents": 30, "seed": 2922, "objective_radius": 9, "wall_prob": 0.0849609375, "cover_prob": 0.16015625, "choke_prob": 0.004296875, "stochasticity": 0.384765625, "adaptation_rate": 0.16484375, "weapon_cooldown_ticks": 2}