{"ticks": 200.0, "objective_progress": 0.0, "objective_controller": 0.0, "max_ticks": 200, "n_agents": 30, "seed": 1832, "objective_radius": 7, "wall_prob": 0.17973273751613172, "cover_prob": 0.0703680430920501, "choke_prob": 0.011308324041712324, "stochasticity": 0.006314086818693636, "adaptation_rate": 0.09833745234127365, "weapon_cooldown_ticks": 2}