{"ticks": 200.0, "objective_progress": 1.0, "objective_controller": 1.0, "max_ticks": 200, "n_agents": 30, "seed": 1564, "objective_radius": 4, "wall_prob": 0.02226667656308213, "cover_prob": 0.16548750171435705, "choke_prob": 0.0509774696985434, "stochasticity": 0.28484795911828875, "adaptation_rate": 0.041599012562576004, "weapon_cooldown_ticks": 2}