{"ticks": 200.0, "objective_progress": 0.98, "objective_controller": 0.0, "max_ticks": 200, "n_agents": 30, "seed": 1207, "objective_radius": 4, "wall_prob": 0.18986122777871298, "cover_prob": 0.08274107972887468, "choke_prob": 0.08137941272722338, "stochasticity": 0.424086862345414, "adaptation_rate": 0.07527683619832964, "weapon_cooldown_ticks": 2}