{"ticks": 200.0, "objective_progress": 0.49999999999999944, "objective_controller": 0.0, "max_ticks": 200, "n_agents": 30, "seed": 1233, "objective_radius": 11, "wall_prob": 0.08188406226652606, "cover_prob": 0.09237279789990671, "choke_prob": 0.043793928829036315, "stochasticity": 0.2411078547770916, "adaptation_rate": 0.07268395903485016, "weapon_cooldown_ticks": 2}