{"ticks": 200.0, "objective_progress": 0.09999999999999999, "objective_controller": 1.0, "max_ticks": 200, "n_agents": 30, "seed": 1913, "objective_radius": 10, "wall_prob": 0.022106413935983938, "cover_prob": 0.030973110442033453, "choke_prob": 0.0755057909190463, "stochasticity": 0.06254384729375194, "adaptation_rate": 0.1408717095399259, "weapon_cooldown_ticks": 1}