{"ticks": 200.0, "objective_progress": 0.08, "objective_controller": 1.0, "max_ticks": 200, "n_agents": 30, "seed": 1719, "objective_radius": 8, "wall_prob": 0.1656758429415087, "cover_prob": 0.1825623659276766, "choke_prob": 0.026105816086232986, "stochasticity": 0.345789272560034, "adaptation_rate": 0.04499926472239907, "weapon_cooldown_ticks": 2}