{"ticks": 200.0, "objective_progress": 0.9200000000000003, "objective_controller": 0.0, "max_ticks": 200, "n_agents": 30, "seed": 1938, "objective_radius": 8, "wall_prob": 0.030919067385734595, "cover_prob": 0.11564909023059, "choke_prob": 0.0618543532570817, "stochasticity": 0.4820069273385027, "adaptation_rate": 0.07014396061808874, "weapon_cooldown_ticks": 1}