{"ticks": 200.0, "objective_progress": 0.32, "objective_controller": 0.0, "max_ticks": 200, "n_agents": 30, "seed": 3097, "objective_radius": 3, "wall_prob": 0.0791015625, "cover_prob": 0.04609375, "choke_prob": 0.0011718750000000002, "stochasticity": 0.271484375, "adaptation_rate": 0.014843750000000001, "weapon_cooldown_ticks": 2}