{"ticks": 200.0, "objective_progress": 0.0, "objective_controller": 1.0, "max_ticks": 200, "n_agents": 30, "seed": 1948, "objective_radius": 11, "wall_prob": 0.17460416546956267, "cover_prob": 0.19962274490681706, "choke_prob": 0.03324118163007977, "stochasticity": 0.28211054483949577, "adaptation_rate": 0.08028748640502936, "weapon_cooldown_ticks": 3}