{"ticks": 200.0, "objective_progress": 0.0, "objective_controller": 1.0, "max_ticks": 200, "n_agents": 30, "seed": 1883, "objective_radius": 9, "wall_prob": 0.0947259580411485, "cover_prob": 0.03331323076655319, "choke_prob": 0.056488572676004836, "stochasticity": 0.49614410766308886, "adaptation_rate": 0.08387120795804018, "weapon_cooldown_ticks": 2}