{"ticks": 200.0, "objective_progress": 0.0, "objective_controller": 0.0, "max_ticks": 200, "n_agents": 30, "seed": 1281, "objective_radius": 12, "wall_prob": 0.219914266075033, "cover_prob": 0.004325669444957668, "choke_prob": 0.06584224950138767, "stochasticity": 0.15551366952193413, "adaptation_rate": 0.19827936097841253, "weapon_cooldown_ticks": 2}