{"ticks": 200.0, "objective_progress": 0.0, "objective_controller": 1.0, "max_ticks": 200, "n_agents": 30, "seed": 2490, "objective_radius": 9, "wall_prob": 0.119140625, "cover_prob": 0.19843750000000002, "choke_prob": 0.06796875000000001, "stochasticity": 0.20703125, "adaptation_rate": 0.1046875, "weapon_cooldown_ticks": 3}