{"ticks": 200.0, "objective_progress": 1.0, "objective_controller": 0.0, "max_ticks": 200, "n_agents": 30, "seed": 1572, "objective_radius": 4, "wall_prob": 0.08772366110699725, "cover_prob": 0.11915995627342531, "choke_prob": 0.0008600889029714526, "stochasticity": 0.2696765755536301, "adaptation_rate": 0.057910644983106135, "weapon_cooldown_ticks": 2}