{"ticks": 200.0, "objective_progress": 0.39999999999999997, "objective_controller": 1.0, "max_ticks": 200, "n_agents": 30, "seed": 1096, "objective_radius": 8, "wall_prob": 0.21576550465022593, "cover_prob": 0.1292350032671936, "choke_prob": 0.023510024391789525, "stochasticity": 0.3280139458673983, "adaptation_rate": 0.16908594771203866, "weapon_cooldown_ticks": 1}