{"ticks": 200.0, "objective_progress": 1.0, "objective_controller": 1.0, "max_ticks": 200, "n_agents": 30, "seed": 1889, "objective_radius": 11, "wall_prob": 0.17248355040784133, "cover_prob": 0.09285596663848324, "choke_prob": 0.03883510741843038, "stochasticity": 0.03494931259386623, "adaptation_rate": 0.18463518380902974, "weapon_cooldown_ticks": 2}