{"ticks": 200.0, "objective_progress": 0.9800000000000003, "objective_controller": 0.0, "max_ticks": 200, "n_agents": 30, "seed": 2534, "objective_radius": 6, "wall_prob": 0.197265625, "cover_prob": 0.0328125, "choke_prob": 0.025781250000000002, "stochasticity": 0.05078125, "adaptation_rate": 0.0921875, "weapon_cooldown_ticks": 2}