{"ticks": 200.0, "objective_progress": 1.0, "objective_controller": 0.0, "max_ticks": 200, "n_agents": 30, "seed": 1014, "objective_radius": 4, "wall_prob": 0.11757294997101062, "cover_prob": 0.1867554321148811, "choke_prob": 0.03811109669430444, "stochasticity": 0.3019264355414483, "adaptation_rate": 0.08782523449013284, "weapon_cooldown_ticks": 1}