{"ticks": 200.0, "objective_progress": 1.0, "objective_controller": 0.0, "max_ticks": 200, "n_agents": 30, "seed": 1002, "objective_radius": 4, "wall_prob": 0.12375692813113151, "cover_prob": 0.09679092816071805, "choke_prob": 0.08590262147730016, "stochasticity": 0.4828215963226395, "adaptation_rate": 0.16670987712629698, "weapon_cooldown_ticks": 2}