{"ticks": 200.0, "objective_progress": 0.019999999999999993, "objective_controller": 0.0, "max_ticks": 200, "n_agents": 30, "seed": 2179, "objective_radius": 9, "wall_prob": 0.0341796875, "cover_prob": 0.14453125, "choke_prob": 0.08945312500000001, "stochasticity": 0.291015625, "adaptation_rate": 0.14453125, "weapon_cooldown_ticks": 2}