{"ticks": 200.0, "objective_progress": 0.0, "objective_controller": 1.0, "max_ticks": 200, "n_agents": 30, "seed": 1754, "objective_radius": 11, "wall_prob": 0.21648314062008647, "cover_prob": 0.05439545785668514, "choke_prob": 0.05816310644959738, "stochasticity": 0.49834409106386424, "adaptation_rate": 0.1602155941367325, "weapon_cooldown_ticks": 1}