{"ticks": 200.0, "objective_progress": 0.0, "objective_controller": 0.0, "max_ticks": 200, "n_agents": 30, "seed": 1812, "objective_radius": 11, "wall_prob": 0.1275948629425515, "cover_prob": 0.03148408571497663, "choke_prob": 0.08262820596224416, "stochasticity": 0.010103981064403729, "adaptation_rate": 0.023754404354118887, "weapon_cooldown_ticks": 2}