{"ticks": 200.0, "objective_progress": 1.0, "objective_controller": 0.0, "max_ticks": 200, "n_agents": 30, "seed": 3016, "objective_radius": 7, "wall_prob": 0.0322265625, "cover_prob": 0.18359375, "choke_prob": 0.019921875000000002, "stochasticity": 0.052734375, "adaptation_rate": 0.07734375, "weapon_cooldown_ticks": 1}