{"ticks": 200.0, "objective_progress": 0.0, "objective_controller": 1.0, "max_ticks": 200, "n_agents": 30, "seed": 1792, "objective_radius": 9, "wall_prob": 0.05751129338715801, "cover_prob": 0.09156285613966919, "choke_prob": 0.07917970759484379, "stochasticity": 0.18868202362247544, "adaptation_rate": 0.1050185007265298, "weapon_cooldown_ticks": 3}