{"ticks": 200.0, "objective_progress": 0.0, "objective_controller": 1.0, "max_ticks": 200, "n_agents": 30, "seed": 1331, "objective_radius": 10, "wall_prob": 0.06824110161720869, "cover_prob": 0.10147382275985384, "choke_prob": 0.05411950506830361, "stochasticity": 0.3919145888339262, "adaptation_rate": 0.16540396960172654, "weapon_cooldown_ticks": 2}