{"ticks": 200.0, "objective_progress": 0.03999999999999987, "objective_controller": 0.0, "max_ticks": 200, "n_agents": 30, "seed": 1447, "objective_radius": 10, "wall_prob": 0.07686069994000738, "cover_prob": 0.17365406485163112, "choke_prob": 0.03641135752618493, "stochasticity": 0.3840571109567935, "adaptation_rate": 0.19749184406206458, "weapon_cooldown_ticks": 1}