{"ticks": 200.0, "objective_progress": 0.12000000000000005, "objective_controller": 1.0, "max_ticks": 200, "n_agents": 30, "seed": 1973, "objective_radius": 5, "wall_prob": 0.14507503713035966, "cover_prob": 0.12847845733331728, "choke_prob": 0.08385349805655777, "stochasticity": 0.07736568901033518, "adaptation_rate": 0.11588918747559758, "weapon_cooldown_ticks": 3}