{"ticks": 200.0, "objective_progress": 0.0, "objective_controller": 1.0, "max_ticks": 200, "n_agents": 30, "seed": 1810, "objective_radius": 11, "wall_prob": 0.06298650331863694, "cover_prob": 0.14495890186339663, "choke_prob": 0.09764565924200345, "stochasticity": 0.24675333977764036, "adaptation_rate": 0.04540698252299852, "weapon_cooldown_ticks": 2}