{"ticks": 200.0, "objective_progress": 0.0, "objective_controller": 1.0, "max_ticks": 200, "n_agents": 30, "seed": 1499, "objective_radius": 12, "wall_prob": 0.061024113039925304, "cover_prob": 0.10391124243146453, "choke_prob": 0.06363345319839174, "stochasticity": 0.4265886512166032, "adaptation_rate": 0.13868195873855213, "weapon_cooldown_ticks": 2}