{"ticks": 200.0, "objective_progress": 0.7599999999999998, "objective_controller": 1.0, "max_ticks": 200, "n_agents": 30, "seed": 1697, "objective_radius": 5, "wall_prob": 0.1979772910123452, "cover_prob": 0.09336086875885136, "choke_prob": 0.026619922445513474, "stochasticity": 0.13777175994615665, "adaptation_rate": 0.14291576184941243, "weapon_cooldown_ticks": 3}