{"ticks": 200.0, "objective_progress": 0.02, "objective_controller": 1.0, "max_ticks": 200, "n_agents": 30, "seed": 1410, "objective_radius": 12, "wall_prob": 0.1378293611712267, "cover_prob": 0.1238661873879285, "choke_prob": 0.04976735264561049, "stochasticity": 0.4553313815111415, "adaptation_rate": 0.16040234779334606, "weapon_cooldown_ticks": 2}