{"ticks": 200.0, "objective_progress": 0.43999999999999956, "objective_controller": 1.0, "max_ticks": 200, "n_agents": 30, "seed": 1367, "objective_radius": 4, "wall_prob": 0.04494045332616393, "cover_prob": 0.11601548926262972, "choke_prob": 0.039258157733120726, "stochasticity": 0.3780917404162511, "adaptation_rate": 0.10611261865912372, "weapon_cooldown_ticks": 3}