{"ticks": 200.0, "objective_progress": 0.0, "objective_controller": 1.0, "max_ticks": 200, "n_agents": 30, "seed": 2018, "objective_radius": 9, "wall_prob": 0.010459970798983162, "cover_prob": 0.0007132199305915191, "choke_prob": 0.07358363895211913, "stochasticity": 0.313687868142009, "adaptation_rate": 0.15484807836514028, "weapon_cooldown_ticks": 3}