{"ticks": 200.0, "objective_progress": 0.8800000000000002, "objective_controller": 0.0, "max_ticks": 200, "n_agents": 30, "seed": 1591, "objective_radius": 7, "wall_prob": 0.05206044433182558, "cover_prob": 0.026665812231338317, "choke_prob": 0.09192248457004662, "stochasticity": 0.47885814011771816, "adaptation_rate": 0.19391780247072282, "weapon_cooldown_ticks": 1}