{"ticks": 200.0, "objective_progress": 0.6799999999999997, "objective_controller": 1.0, "max_ticks": 200, "n_agents": 30, "seed": 2038, "objective_radius": 6, "wall_prob": 0.2451171875, "cover_prob": 0.18359375, "choke_prob": 0.08164062500000001, "stochasticity": 0.263671875, "adaptation_rate": 0.11015625000000001, "weapon_cooldown_ticks": 2}