{"ticks": 200.0, "objective_progress": 0.0, "objective_controller": 0.0, "max_ticks": 200, "n_agents": 30, "seed": 1393, "objective_radius": 11, "wall_prob": 0.020364112830508974, "cover_prob": 0.17314038554911007, "choke_prob": 0.09622473780100071, "stochasticity": 0.06237453567177803, "adaptation_rate": 0.16454976842277014, "weapon_cooldown_ticks": 2}