{"ticks": 200.0, "objective_progress": 0.0, "objective_controller": 1.0, "max_ticks": 200, "n_agents": 30, "seed": 1282, "objective_radius": 5, "wall_prob": 0.20442086413739607, "cover_prob": 0.12108819743715836, "choke_prob": 0.06034941653588504, "stochasticity": 0.3739033342376299, "adaptation_rate": 0.19283474159742592, "weapon_cooldown_ticks": 2}