{"ticks": 200.0, "objective_progress": 1.0, "objective_controller": 0.0, "max_ticks": 200, "n_agents": 30, "seed": 2692, "objective_radius": 4, "wall_prob": 0.1767578125, "cover_prob": 0.049218750000000006, "choke_prob": 0.012109375, "stochasticity": 0.482421875, "adaptation_rate": 0.03671875, "weapon_cooldown_ticks": 1}