{"ticks": 200.0, "objective_progress": 0.0, "objective_controller": 0.0, "max_ticks": 200, "n_agents": 30, "seed": 2173, "objective_radius": 6, "wall_prob": 0.130859375, "cover_prob": 0.08281250000000001, "choke_prob": 0.07421875, "stochasticity": 0.33984375, "adaptation_rate": 0.15781250000000002, "weapon_cooldown_ticks": 3}