{"ticks": 200.0, "objective_progress": 0.0, "objective_controller": 1.0, "max_ticks": 200, "n_agents": 30, "seed": 1392, "objective_radius": 5, "wall_prob": 0.16062845198979045, "cover_prob": 0.10607175627128684, "choke_prob": 0.045358981369820965, "stochasticity": 0.4730910987766943, "adaptation_rate": 0.11054329808866721, "weapon_cooldown_ticks": 3}