{"ticks": 200.0, "objective_progress": 0.04, "objective_controller": 1.0, "max_ticks": 200, "n_agents": 30, "seed": 2319, "objective_radius": 6, "wall_prob": 0.220703125, "cover_prob": 0.1296875, "choke_prob": 0.08359375000000001, "stochasticity": 0.37890625, "adaptation_rate": 0.17343750000000002, "weapon_cooldown_ticks": 2}