{"ticks": 200.0, "objective_progress": 0.38, "objective_controller": 1.0, "max_ticks": 200, "n_agents": 30, "seed": 1833, "objective_radius": 5, "wall_prob": 0.2394304868797682, "cover_prob": 0.09999483318445784, "choke_prob": 0.024574887245470432, "stochasticity": 0.04182534452382589, "adaptation_rate": 0.08894544503358551, "weapon_cooldown_ticks": 3}