{"ticks": 200.0, "objective_progress": 0.63, "objective_controller": 1.0, "max_ticks": 200, "n_agents": 30, "seed": 1699, "objective_radius": 4, "wall_prob": 0.05673258203770398, "cover_prob": 0.04550851375146913, "choke_prob": 0.06001550941772585, "stochasticity": 0.378737006128693, "adaptation_rate": 0.003965226854311432, "weapon_cooldown_ticks": 1}