{"ticks": 200.0, "objective_progress": 0.21999999999999953, "objective_controller": 0.0, "max_ticks": 200, "n_agents": 30, "seed": 2091, "objective_radius": 4, "wall_prob": 0.0673828125, "cover_prob": 0.19609375, "choke_prob": 0.000390625, "stochasticity": 0.357421875, "adaptation_rate": 0.047656250000000004, "weapon_cooldown_ticks": 3}