{"ticks": 200.0, "objective_progress": 1.0, "objective_controller": 1.0, "max_ticks": 200, "n_agents": 30, "seed": 1371, "objective_radius": 6, "wall_prob": 0.24716982321618972, "cover_prob": 0.046732867939493584, "choke_prob": 0.00572425763185311, "stochasticity": 0.3463505444091674, "adaptation_rate": 0.18752455329666468, "weapon_cooldown_ticks": 2}