{"ticks": 200.0, "objective_progress": 0.0, "objective_controller": 1.0, "max_ticks": 200, "n_agents": 30, "seed": 1829, "objective_radius": 11, "wall_prob": 0.15038985518377754, "cover_prob": 0.18590561943451325, "choke_prob": 0.0642804139161215, "stochasticity": 0.4248076801363275, "adaptation_rate": 0.08065246801924227, "weapon_cooldown_ticks": 3}