{"ticks": 200.0, "objective_progress": 0.84, "objective_controller": 0.0, "max_ticks": 200, "n_agents": 30, "seed": 1942, "objective_radius": 4, "wall_prob": 0.22173315396383753, "cover_prob": 0.03696627966149383, "choke_prob": 0.007895244071213656, "stochasticity": 0.3056316568562596, "adaptation_rate": 0.17720775758976656, "weapon_cooldown_ticks": 3}