{"ticks": 200.0, "objective_progress": 1.0, "objective_controller": 0.0, "max_ticks": 200, "n_agents": 30, "seed": 1104, "objective_radius": 5, "wall_prob": 0.24214371188598818, "cover_prob": 0.173889116896379, "choke_prob": 0.010116826991274433, "stochasticity": 0.3272265301244627, "adaptation_rate": 0.19817716231840307, "weapon_cooldown_ticks": 1}