{"ticks": 200.0, "objective_progress": 0.4599999999999995, "objective_controller": 0.0, "max_ticks": 200, "n_agents": 30, "seed": 1560, "objective_radius": 8, "wall_prob": 0.0938228980069058, "cover_prob": 0.10930419418018887, "choke_prob": 0.020083017381049798, "stochasticity": 0.16941824342354708, "adaptation_rate": 0.07426231766590946, "weapon_cooldown_ticks": 2}