{"ticks": 200.0, "objective_progress": 0.0, "objective_controller": 1.0, "max_ticks": 200, "n_agents": 30, "seed": 2004, "objective_radius": 11, "wall_prob": 0.12982115994019705, "cover_prob": 0.16694612618145965, "choke_prob": 0.042102258091447256, "stochasticity": 0.24930079021608254, "adaptation_rate": 0.15148382642051028, "weapon_cooldown_ticks": 3}