{"ticks": 200.0, "objective_progress": 1.0, "objective_controller": 1.0, "max_ticks": 200, "n_agents": 30, "seed": 1061, "objective_radius": 8, "wall_prob": 0.00824271373635268, "cover_prob": 0.1326590758115245, "choke_prob": 0.01867989138793889, "stochasticity": 0.44123638443997376, "adaptation_rate": 0.016579344434408512, "weapon_cooldown_ticks": 2}