{"ticks": 200.0, "objective_progress": 0.0, "objective_controller": 0.0, "max_ticks": 200, "n_agents": 30, "seed": 1083, "objective_radius": 10, "wall_prob": 0.18527953927993085, "cover_prob": 0.11094411633283144, "choke_prob": 0.016430009611147108, "stochasticity": 0.4082682948271871, "adaptation_rate": 0.060661726231079766, "weapon_cooldown_ticks": 1}