{"ticks": 200.0, "objective_progress": 0.7599999999999998, "objective_controller": 1.0, "max_ticks": 200, "n_agents": 30, "seed": 2469, "objective_radius": 9, "wall_prob": 0.056640625, "cover_prob": 0.1484375, "choke_prob": 0.00703125, "stochasticity": 0.33203125, "adaptation_rate": 0.0546875, "weapon_cooldown_ticks": 2}