{"ticks": 200.0, "objective_progress": 0.0, "objective_controller": 0.0, "max_ticks": 200, "n_agents": 30, "seed": 1125, "objective_radius": 9, "wall_prob": 0.002201933823729551, "cover_prob": 0.08509192904100683, "choke_prob": 0.03945382723974693, "stochasticity": 0.38008759476117543, "adaptation_rate": 0.04645995303875811, "weapon_cooldown_ticks": 3}