{"ticks": 200.0, "objective_progress": 1.0, "objective_controller": 0.0, "max_ticks": 200, "n_agents": 30, "seed": 1984, "objective_radius": 4, "wall_prob": 0.14476828926963337, "cover_prob": 0.11195854752960172, "choke_prob": 0.09457677720648064, "stochasticity": 0.27569052388280724, "adaptation_rate": 0.044154861378100645, "weapon_cooldown_ticks": 2}