{"ticks": 200.0, "objective_progress": 0.0, "objective_controller": 1.0, "max_ticks": 200, "n_agents": 30, "seed": 1625, "objective_radius": 12, "wall_prob": 0.20522372475386505, "cover_prob": 0.008046933840932849, "choke_prob": 0.07255901794505941, "stochasticity": 0.1218008266969458, "adaptation_rate": 0.03081126647204853, "weapon_cooldown_ticks": 3}