{"ticks": 200.0, "objective_progress": 0.0, "objective_controller": 0.0, "max_ticks": 200, "n_agents": 30, "seed": 1201, "objective_radius": 7, "wall_prob": 0.2390628596432204, "cover_prob": 0.16973058592791568, "choke_prob": 0.04739677547329639, "stochasticity": 0.45376623001971716, "adaptation_rate": 0.1376698283939842, "weapon_cooldown_ticks": 3}