{"ticks": 200.0, "objective_progress": 1.0, "objective_controller": 0.0, "max_ticks": 200, "n_agents": 30, "seed": 1477, "objective_radius": 3, "wall_prob": 0.09993444721610141, "cover_prob": 0.07284774295441032, "choke_prob": 0.0877853397286348, "stochasticity": 0.2670697069140038, "adaptation_rate": 0.05245780789184282, "weapon_cooldown_ticks": 3}