{"ticks": 200.0, "objective_progress": 0.7399999999999998, "objective_controller": 1.0, "max_ticks": 200, "n_agents": 30, "seed": 2416, "objective_radius": 9, "wall_prob": 0.0537109375, "cover_prob": 0.18671875000000002, "choke_prob": 0.042578125, "stochasticity": 0.474609375, "adaptation_rate": 0.18828125, "weapon_cooldown_ticks": 2}