{"ticks": 200.0, "objective_progress": 0.0, "objective_controller": 1.0, "max_ticks": 200, "n_agents": 30, "seed": 1251, "objective_radius": 11, "wall_prob": 0.011193663225875304, "cover_prob": 0.15507711710109814, "choke_prob": 0.07274280508012229, "stochasticity": 0.2520331932722377, "adaptation_rate": 0.044526776195714414, "weapon_cooldown_ticks": 1}