{"ticks": 200.0, "objective_progress": 0.04, "objective_controller": 1.0, "max_ticks": 200, "n_agents": 30, "seed": 1277, "objective_radius": 8, "wall_prob": 0.19652610453380912, "cover_prob": 0.1699276029058836, "choke_prob": 0.09520252706435138, "stochasticity": 0.44665278750117227, "adaptation_rate": 0.08716962504697538, "weapon_cooldown_ticks": 1}