{"ticks": 200.0, "objective_progress": 0.0, "objective_controller": 1.0, "max_ticks": 200, "n_agents": 30, "seed": 2309, "objective_radius": 10, "wall_prob": 0.0791015625, "cover_prob": 0.022656250000000003, "choke_prob": 0.098828125, "stochasticity": 0.005859375, "adaptation_rate": 0.10078125, "weapon_cooldown_ticks": 2}