{"ticks": 200.0, "objective_progress": 1.0, "objective_controller": 1.0, "max_ticks": 200, "n_agents": 30, "seed": 1246, "objective_radius": 8, "wall_prob": 0.22824078720264226, "cover_prob": 0.005635517992726356, "choke_prob": 0.07299178468260678, "stochasticity": 0.031260902589858044, "adaptation_rate": 0.07966967622955566, "weapon_cooldown_ticks": 1}