{"ticks": 200.0, "objective_progress": 1.0, "objective_controller": 1.0, "max_ticks": 200, "n_agents": 30, "seed": 1988, "objective_radius": 3, "wall_prob": 0.12149399370226839, "cover_prob": 0.15588037281869777, "choke_prob": 0.0037894304839072137, "stochasticity": 0.2617389830122282, "adaptation_rate": 0.1368208997409152, "weapon_cooldown_ticks": 2}