{"ticks": 200.0, "objective_progress": 0.0, "objective_controller": 1.0, "max_ticks": 200, "n_agents": 30, "seed": 1698, "objective_radius": 12, "wall_prob": 0.20936667374269013, "cover_prob": 0.06990206561043018, "choke_prob": 0.04385937366644932, "stochasticity": 0.25426660011979124, "adaptation_rate": 0.16994780505287702, "weapon_cooldown_ticks": 2}