{"ticks": 200.0, "objective_progress": 0.6199999999999997, "objective_controller": 1.0, "max_ticks": 200, "n_agents": 30, "seed": 1451, "objective_radius": 6, "wall_prob": 0.21839576953240378, "cover_prob": 0.05181183273909195, "choke_prob": 0.05513006695030767, "stochasticity": 0.2344791867951859, "adaptation_rate": 0.17593174615839557, "weapon_cooldown_ticks": 2}