{"ticks": 200.0, "objective_progress": 0.09999999999999987, "objective_controller": 0.0, "max_ticks": 200, "n_agents": 30, "seed": 2218, "objective_radius": 5, "wall_prob": 0.052734375, "cover_prob": 0.0703125, "choke_prob": 0.0054687500000000005, "stochasticity": 0.24609375, "adaptation_rate": 0.1703125, "weapon_cooldown_ticks": 2}