{"ticks": 200.0, "objective_progress": 1.0, "objective_controller": 0.0, "max_ticks": 200, "n_agents": 30, "seed": 2062, "objective_radius": 4, "wall_prob": 0.154296875, "cover_prob": 0.09843750000000001, "choke_prob": 0.08203125, "stochasticity": 0.30078125, "adaptation_rate": 0.060937500000000006, "weapon_cooldown_ticks": 2}