{"ticks": 200.0, "objective_progress": 0.0, "objective_controller": 1.0, "max_ticks": 200, "n_agents": 30, "seed": 2017, "objective_radius": 10, "wall_prob": 0.2431108650977841, "cover_prob": 0.02257176996232923, "choke_prob": 0.0550496211505825, "stochasticity": 0.040097487627052474, "adaptation_rate": 0.000717046380123984, "weapon_cooldown_ticks": 2}