{"ticks": 200.0, "objective_progress": 1.0, "objective_controller": 0.0, "max_ticks": 200, "n_agents": 30, "seed": 1159, "objective_radius": 7, "wall_prob": 0.1489612403743757, "cover_prob": 0.02200940589300485, "choke_prob": 0.07314117878961675, "stochasticity": 0.41364406542757454, "adaptation_rate": 0.18816124334686585, "weapon_cooldown_ticks": 2}