{"ticks": 200.0, "objective_progress": 0.0, "objective_controller": 0.0, "max_ticks": 200, "n_agents": 30, "seed": 1887, "objective_radius": 11, "wall_prob": 0.04924665815621071, "cover_prob": 0.1460248768847443, "choke_prob": 0.07390492812039677, "stochasticity": 0.045886035053834595, "adaptation_rate": 0.15449818471461674, "weapon_cooldown_ticks": 2}