{"ticks": 200.0, "objective_progress": 1.0, "objective_controller": 1.0, "max_ticks": 200, "n_agents": 30, "seed": 2753, "objective_radius": 6, "wall_prob": 0.1357421875, "cover_prob": 0.025781250000000002, "choke_prob": 0.055859375, "stochasticity": 0.142578125, "adaptation_rate": 0.16796875, "weapon_cooldown_ticks": 1}