{"ticks": 200.0, "objective_progress": 0.0, "objective_controller": 1.0, "max_ticks": 200, "n_agents": 30, "seed": 1741, "objective_radius": 6, "wall_prob": 0.1640712533004458, "cover_prob": 0.1274944437715826, "choke_prob": 0.0017484265256310116, "stochasticity": 0.3945651823802586, "adaptation_rate": 0.15629429347187065, "weapon_cooldown_ticks": 3}