{"ticks": 200.0, "objective_progress": 0.19999999999999937, "objective_controller": 1.0, "max_ticks": 200, "n_agents": 30, "seed": 1010, "objective_radius": 7, "wall_prob": 0.13080524405676627, "cover_prob": 0.10985210845594229, "choke_prob": 0.08797954784149958, "stochasticity": 0.2675620607045772, "adaptation_rate": 0.1766825464334453, "weapon_cooldown_ticks": 3}