{"ticks": 200.0, "objective_progress": 0.0, "objective_controller": 1.0, "max_ticks": 200, "n_agents": 30, "seed": 1583, "objective_radius": 8, "wall_prob": 0.2344866416981644, "cover_prob": 0.03837458968395216, "choke_prob": 0.07250116912464014, "stochasticity": 0.026080098443115193, "adaptation_rate": 0.12321816890865245, "weapon_cooldown_ticks": 3}