{"ticks": 200.0, "objective_progress": 0.0, "objective_controller": 1.0, "max_ticks": 200, "n_agents": 30, "seed": 1429, "objective_radius": 9, "wall_prob": 0.058262671397953096, "cover_prob": 0.09823832564721838, "choke_prob": 0.010170308483162003, "stochasticity": 0.25570438693586584, "adaptation_rate": 0.045139891499033885, "weapon_cooldown_ticks": 3}