{"ticks": 200.0, "objective_progress": 0.0, "objective_controller": 1.0, "max_ticks": 200, "n_agents": 30, "seed": 1381, "objective_radius": 11, "wall_prob": 0.07052189119634128, "cover_prob": 0.07386044176164798, "choke_prob": 0.04520497802208538, "stochasticity": 0.13537832044321751, "adaptation_rate": 0.15284524351196793, "weapon_cooldown_ticks": 3}