{"ticks": 200.0, "objective_progress": 0.7799999999999998, "objective_controller": 1.0, "max_ticks": 200, "n_agents": 30, "seed": 1540, "objective_radius": 8, "wall_prob": 0.014966411262104249, "cover_prob": 0.036131676741039745, "choke_prob": 0.009671023669723413, "stochasticity": 0.057831567093465396, "adaptation_rate": 0.06824470601128212, "weapon_cooldown_ticks": 2}