{"ticks": 200.0, "objective_progress": 1.0, "objective_controller": 0.0, "max_ticks": 200, "n_agents": 30, "seed": 2446, "objective_radius": 8, "wall_prob": 0.2275390625, "cover_prob": 0.0054687500000000005, "choke_prob": 0.058203125, "stochasticity": 0.314453125, "adaptation_rate": 0.04453125, "weapon_cooldown_ticks": 1}