{"ticks": 200.0, "objective_progress": 0.6799999999999997, "objective_controller": 1.0, "max_ticks": 200, "n_agents": 30, "seed": 2277, "objective_radius": 8, "wall_prob": 0.0908203125, "cover_prob": 0.02734375, "choke_prob": 0.028515625000000003, "stochasticity": 0.310546875, "adaptation_rate": 0.17890625000000002, "weapon_cooldown_ticks": 2}