{"ticks": 200.0, "objective_progress": 0.0, "objective_controller": 0.0, "max_ticks": 200, "n_agents": 30, "seed": 1417, "objective_radius": 10, "wall_prob": 0.184964029003685, "cover_prob": 0.04176758819111398, "choke_prob": 0.07531167324418928, "stochasticity": 0.28553180552382057, "adaptation_rate": 0.16437092797524708, "weapon_cooldown_ticks": 2}