{"ticks": 200.0, "objective_progress": 0.7600000000000001, "objective_controller": 1.0, "max_ticks": 200, "n_agents": 30, "seed": 2255, "objective_radius": 6, "wall_prob": 0.044921875, "cover_prob": 0.1546875, "choke_prob": 0.09296875, "stochasticity": 0.05859375, "adaptation_rate": 0.1953125, "weapon_cooldown_ticks": 1}