{"ticks": 200.0, "objective_progress": 0.3199999999999997, "objective_controller": 1.0, "max_ticks": 200, "n_agents": 30, "seed": 2066, "objective_radius": 4, "wall_prob": 0.193359375, "cover_prob": 0.19843750000000002, "choke_prob": 0.09609375, "stochasticity": 0.26171875, "adaptation_rate": 0.0140625, "weapon_cooldown_ticks": 1}