{"ticks": 200.0, "objective_progress": 0.47999999999999954, "objective_controller": 1.0, "max_ticks": 200, "n_agents": 30, "seed": 2582, "objective_radius": 3, "wall_prob": 0.0498046875, "cover_prob": 0.11953125, "choke_prob": 0.090234375, "stochasticity": 0.126953125, "adaptation_rate": 0.14921875, "weapon_cooldown_ticks": 2}