{"ticks": 200.0, "objective_progress": 1.0, "objective_controller": 1.0, "max_ticks": 200, "n_agents": 30, "seed": 1884, "objective_radius": 9, "wall_prob": 0.22781618188654543, "cover_prob": 0.009151718233252979, "choke_prob": 0.040035522565076566, "stochasticity": 0.34846332550265824, "adaptation_rate": 0.002895772953753446, "weapon_cooldown_ticks": 1}