{"ticks": 200.0, "objective_progress": 0.0, "objective_controller": 0.0, "max_ticks": 200, "n_agents": 30, "seed": 1742, "objective_radius": 7, "wall_prob": 0.055433467770188594, "cover_prob": 0.15262588539645036, "choke_prob": 0.0341059046391177, "stochasticity": 0.4459843856587123, "adaptation_rate": 0.103384136635614, "weapon_cooldown_ticks": 3}