{"ticks": 200.0, "objective_progress": 0.0, "objective_controller": 1.0, "max_ticks": 200, "n_agents": 30, "seed": 1529, "objective_radius": 9, "wall_prob": 0.13743124373950494, "cover_prob": 0.19466611133333134, "choke_prob": 0.0298728799925813, "stochasticity": 0.08484586285168587, "adaptation_rate": 0.007101625985517103, "weapon_cooldown_ticks": 3}