{"ticks": 200.0, "objective_progress": 0.95, "objective_controller": 1.0, "max_ticks": 200, "n_agents": 30, "seed": 1993, "objective_radius": 4, "wall_prob": 0.18379329822213003, "cover_prob": 0.09693717024512513, "choke_prob": 0.019566976012536007, "stochasticity": 0.47920554901621715, "adaptation_rate": 0.052080906092146786, "weapon_cooldown_ticks": 1}