{"ticks": 200.0, "objective_progress": 0.8999999999999999, "objective_controller": 0.0, "max_ticks": 200, "n_agents": 30, "seed": 1511, "objective_radius": 8, "wall_prob": 0.09777311816495635, "cover_prob": 0.007396933498716171, "choke_prob": 0.08944246423385951, "stochasticity": 0.12607383479094073, "adaptation_rate": 0.06116645263815773, "weapon_cooldown_ticks": 2}