{"ticks": 200.0, "objective_progress": 0.1, "objective_controller": 0.0, "max_ticks": 200, "n_agents": 30, "seed": 2009, "objective_radius": 11, "wall_prob": 0.18182264104098128, "cover_prob": 0.04941820090244704, "choke_prob": 0.0662980945222507, "stochasticity": 0.11960200754624055, "adaptation_rate": 0.13967140794322544, "weapon_cooldown_ticks": 1}