{"ticks": 200.0, "objective_progress": 0.0999999999999997, "objective_controller": 1.0, "max_ticks": 200, "n_agents": 30, "seed": 2462, "objective_radius": 6, "wall_prob": 0.150390625, "cover_prob": 0.09531250000000001, "choke_prob": 0.01953125, "stochasticity": 0.26953125, "adaptation_rate": 0.029687500000000002, "weapon_cooldown_ticks": 1}