{"ticks": 200.0, "objective_progress": 1.0, "objective_controller": 0.0, "max_ticks": 200, "n_agents": 30, "seed": 1935, "objective_radius": 5, "wall_prob": 0.20008687880169432, "cover_prob": 0.09083155116233899, "choke_prob": 0.07245947665917284, "stochasticity": 0.1859096260582735, "adaptation_rate": 0.049358656576722275, "weapon_cooldown_ticks": 2}