{"ticks": 200.0, "objective_progress": 1.0, "objective_controller": 0.0, "max_ticks": 200, "n_agents": 30, "seed": 2808, "objective_radius": 9, "wall_prob": 0.1513671875, "cover_prob": 0.11328125, "choke_prob": 0.074609375, "stochasticity": 0.048828125, "adaptation_rate": 0.19296875000000002, "weapon_cooldown_ticks": 2}