{"ticks": 200.0, "objective_progress": 0.0, "objective_controller": 1.0, "max_ticks": 200, "n_agents": 30, "seed": 1893, "objective_radius": 7, "wall_prob": 0.02448208169950357, "cover_prob": 0.006579916835711176, "choke_prob": 0.09264888150432579, "stochasticity": 0.4878927754395468, "adaptation_rate": 0.14898700490799194, "weapon_cooldown_ticks": 3}