{"ticks": 200.0, "objective_progress": 0.0, "objective_controller": 0.0, "max_ticks": 200, "n_agents": 30, "seed": 1408, "objective_radius": 8, "wall_prob": 0.2041631561560332, "cover_prob": 0.06465126886599419, "choke_prob": 0.09288557044750997, "stochasticity": 0.3321237222145081, "adaptation_rate": 0.02628481627737061, "weapon_cooldown_ticks": 3}