{"ticks": 200.0, "objective_progress": 0.0, "objective_controller": 1.0, "max_ticks": 200, "n_agents": 30, "seed": 1521, "objective_radius": 7, "wall_prob": 0.15447192862995196, "cover_prob": 0.10349245703843123, "choke_prob": 0.09336013762966998, "stochasticity": 0.11310428826978504, "adaptation_rate": 0.1606662760133886, "weapon_cooldown_ticks": 3}