{"ticks": 200.0, "objective_progress": 0.07999999999999997, "objective_controller": 0.0, "max_ticks": 200, "n_agents": 30, "seed": 1160, "objective_radius": 10, "wall_prob": 0.21607296423636177, "cover_prob": 0.05799766534966544, "choke_prob": 0.0862390149351742, "stochasticity": 0.39258980335921856, "adaptation_rate": 0.022427617824138886, "weapon_cooldown_ticks": 2}