{"ticks": 200.0, "objective_progress": 0.0, "objective_controller": 0.0, "max_ticks": 200, "n_agents": 30, "seed": 1725, "objective_radius": 3, "wall_prob": 0.17605114151287563, "cover_prob": 0.05105391647151435, "choke_prob": 0.0777623456567621, "stochasticity": 0.2902615311421533, "adaptation_rate": 0.18288292996701605, "weapon_cooldown_ticks": 3}