{"ticks": 200.0, "objective_progress": 1.0, "objective_controller": 0.0, "max_ticks": 200, "n_agents": 30, "seed": 1791, "objective_radius": 4, "wall_prob": 0.0010045242364942484, "cover_prob": 0.05539348538245273, "choke_prob": 0.01904727614999655, "stochasticity": 0.03530859764073787, "adaptation_rate": 0.0909538042034742, "weapon_cooldown_ticks": 2}