{"ticks": 200.0, "objective_progress": 0.0, "objective_controller": 0.0, "max_ticks": 200, "n_agents": 30, "seed": 1775, "objective_radius": 8, "wall_prob": 0.11358637919290215, "cover_prob": 0.19385439896448187, "choke_prob": 0.06475256709373751, "stochasticity": 0.3672387759990407, "adaptation_rate": 0.08320252521177801, "weapon_cooldown_ticks": 3}