{"ticks": 200.0, "objective_progress": 0.0, "objective_controller": 1.0, "max_ticks": 200, "n_agents": 30, "seed": 2505, "objective_radius": 10, "wall_prob": 0.0556640625, "cover_prob": 0.09296875, "choke_prob": 0.039453125000000006, "stochasticity": 0.052734375, "adaptation_rate": 0.18203125, "weapon_cooldown_ticks": 3}