{"ticks": 200.0, "objective_progress": 1.0, "objective_controller": 0.0, "max_ticks": 200, "n_agents": 30, "seed": 1999, "objective_radius": 5, "wall_prob": 0.19343021219370227, "cover_prob": 0.03424614551593457, "choke_prob": 0.02531406129316646, "stochasticity": 0.3598662814312577, "adaptation_rate": 0.05220017761257232, "weapon_cooldown_ticks": 2}