{"ticks": 200.0, "objective_progress": 0.0, "objective_controller": 1.0, "max_ticks": 200, "n_agents": 30, "seed": 1596, "objective_radius": 11, "wall_prob": 0.0600318798485552, "cover_prob": 0.009391865433350863, "choke_prob": 0.05541124817464012, "stochasticity": 0.30601275983165593, "adaptation_rate": 0.12460867005862562, "weapon_cooldown_ticks": 3}