{"ticks": 200.0, "objective_progress": 0.0, "objective_controller": 1.0, "max_ticks": 200, "n_agents": 30, "seed": 1178, "objective_radius": 8, "wall_prob": 0.19607883132470427, "cover_prob": 0.018714899123767996, "choke_prob": 0.008299234929068817, "stochasticity": 0.210493304402793, "adaptation_rate": 0.1282069554926782, "weapon_cooldown_ticks": 2}