{"ticks": 200.0, "objective_progress": 1.0, "objective_controller": 1.0, "max_ticks": 200, "n_agents": 30, "seed": 1286, "objective_radius": 7, "wall_prob": 0.04704559686611496, "cover_prob": 0.018212747654753697, "choke_prob": 0.07763384709605368, "stochasticity": 0.02569340246706642, "adaptation_rate": 0.001346188308662387, "weapon_cooldown_ticks": 3}