{"ticks": 200.0, "objective_progress": 0.419999999999999, "objective_controller": 1.0, "max_ticks": 200, "n_agents": 30, "seed": 1145, "objective_radius": 8, "wall_prob": 0.06772748321074029, "cover_prob": 0.06802822693914638, "choke_prob": 0.0537397852287999, "stochasticity": 0.3082374633480618, "adaptation_rate": 0.18851683835520666, "weapon_cooldown_ticks": 2}