{"ticks": 200.0, "objective_progress": 0.0, "objective_controller": 1.0, "max_ticks": 200, "n_agents": 30, "seed": 1295, "objective_radius": 12, "wall_prob": 0.2396094676392091, "cover_prob": 0.15844386405793268, "choke_prob": 0.04716486167496097, "stochasticity": 0.3326697900550298, "adaptation_rate": 0.010588675842603862, "weapon_cooldown_ticks": 3}