{"ticks": 200.0, "objective_progress": 0.02, "objective_controller": 1.0, "max_ticks": 200, "n_agents": 30, "seed": 1739, "objective_radius": 10, "wall_prob": 0.05168257696440708, "cover_prob": 0.12506095427544237, "choke_prob": 0.06846815981523391, "stochasticity": 0.0658629468759295, "adaptation_rate": 0.17988852766876762, "weapon_cooldown_ticks": 1}