{"ticks": 200.0, "objective_progress": 0.0, "objective_controller": 0.0, "max_ticks": 200, "n_agents": 30, "seed": 1013, "objective_radius": 12, "wall_prob": 0.16190042669758797, "cover_prob": 0.013601364173051009, "choke_prob": 0.0263085681104097, "stochasticity": 0.376450486136161, "adaptation_rate": 0.19992990972158545, "weapon_cooldown_ticks": 2}