{"ticks": 200.0, "objective_progress": 1.0, "objective_controller": 0.0, "max_ticks": 200, "n_agents": 30, "seed": 1271, "objective_radius": 8, "wall_prob": 0.2417775368142478, "cover_prob": 0.09468734418136876, "choke_prob": 0.00872586419136835, "stochasticity": 0.312519279944111, "adaptation_rate": 0.1557286711316601, "weapon_cooldown_ticks": 2}