{"ticks": 200.0, "objective_progress": 1.0, "objective_controller": 0.0, "max_ticks": 200, "n_agents": 30, "seed": 1681, "objective_radius": 3, "wall_prob": 0.15780119943154036, "cover_prob": 0.10814610525371392, "choke_prob": 0.03493093870773031, "stochasticity": 0.4601581331076502, "adaptation_rate": 0.06546366844181409, "weapon_cooldown_ticks": 2}