{"ticks": 200.0, "objective_progress": 1.0, "objective_controller": 1.0, "max_ticks": 200, "n_agents": 30, "seed": 1242, "objective_radius": 5, "wall_prob": 0.08311505090316791, "cover_prob": 0.03107919809493864, "choke_prob": 0.0904286960183626, "stochasticity": 0.3266571884826806, "adaptation_rate": 0.029207643779854076, "weapon_cooldown_ticks": 2}