{"ticks": 200.0, "objective_progress": 0.0, "objective_controller": 1.0, "max_ticks": 200, "n_agents": 30, "seed": 1967, "objective_radius": 6, "wall_prob": 0.21700943907673848, "cover_prob": 0.18608840830592496, "choke_prob": 0.04342273486840348, "stochasticity": 0.4301783885426518, "adaptation_rate": 0.07838889272642385, "weapon_cooldown_ticks": 3}