{"ticks": 200.0, "objective_progress": 0.8600000000000002, "objective_controller": 0.0, "max_ticks": 200, "n_agents": 30, "seed": 2251, "objective_radius": 6, "wall_prob": 0.2060546875, "cover_prob": 0.18203125, "choke_prob": 0.033203125, "stochasticity": 0.259765625, "adaptation_rate": 0.057031250000000006, "weapon_cooldown_ticks": 2}