{"ticks": 200.0, "objective_progress": 0.04, "objective_controller": 0.0, "max_ticks": 200, "n_agents": 30, "seed": 1128, "objective_radius": 7, "wall_prob": 0.10543746591807363, "cover_prob": 0.038909964101098905, "choke_prob": 0.06096138577411672, "stochasticity": 0.12019971932667224, "adaptation_rate": 0.16555828113550433, "weapon_cooldown_ticks": 1}