{"ticks": 200.0, "objective_progress": 0.09999999999999999, "objective_controller": 1.0, "max_ticks": 200, "n_agents": 30, "seed": 1278, "objective_radius": 7, "wall_prob": 0.16261936217382764, "cover_prob": 0.02963900035914678, "choke_prob": 0.08465748033942823, "stochasticity": 0.05334008150672679, "adaptation_rate": 0.019588224291034375, "weapon_cooldown_ticks": 2}