{"ticks": 200.0, "objective_progress": 0.0, "objective_controller": 0.0, "max_ticks": 200, "n_agents": 30, "seed": 1361, "objective_radius": 10, "wall_prob": 0.15493023641973458, "cover_prob": 0.0590900085533167, "choke_prob": 0.05879345737690711, "stochasticity": 0.3158810750298062, "adaptation_rate": 0.14665767858812812, "weapon_cooldown_ticks": 2}