{"ticks": 200.0, "objective_progress": 0.7400000000000001, "objective_controller": 1.0, "max_ticks": 200, "n_agents": 30, "seed": 1327, "objective_radius": 6, "wall_prob": 0.05004726606386612, "cover_prob": 0.19176360986955862, "choke_prob": 0.0533192662450153, "stochasticity": 0.26544661245587575, "adaptation_rate": 0.1095744873139263, "weapon_cooldown_ticks": 1}