{"ticks": 200.0, "objective_progress": 0.05999999999999939, "objective_controller": 0.0, "max_ticks": 200, "n_agents": 30, "seed": 2421, "objective_radius": 9, "wall_prob": 0.0947265625, "cover_prob": 0.18671875000000002, "choke_prob": 0.042578125, "stochasticity": 0.474609375, "adaptation_rate": 0.18828125, "weapon_cooldown_ticks": 1}