{"ticks": 200.0, "objective_progress": 0.41999999999999993, "objective_controller": 1.0, "max_ticks": 200, "n_agents": 30, "seed": 1185, "objective_radius": 6, "wall_prob": 0.06509083973795887, "cover_prob": 0.07026032922353699, "choke_prob": 0.08017850800233617, "stochasticity": 0.03395324762248868, "adaptation_rate": 0.08516601259662913, "weapon_cooldown_ticks": 1}