{"ticks": 200.0, "objective_progress": 0.5599999999999999, "objective_controller": 0.0, "max_ticks": 200, "n_agents": 30, "seed": 1249, "objective_radius": 4, "wall_prob": 0.0613868988587655, "cover_prob": 0.07994538985956445, "choke_prob": 0.00417122270289816, "stochasticity": 0.2592896309213706, "adaptation_rate": 0.15369039848874927, "weapon_cooldown_ticks": 2}