{"ticks": 200.0, "objective_progress": 0.3399999999999997, "objective_controller": 0.0, "max_ticks": 200, "n_agents": 30, "seed": 1546, "objective_radius": 4, "wall_prob": 0.054228354898853755, "cover_prob": 0.12795812910939394, "choke_prob": 0.027384308644000016, "stochasticity": 0.36679570540904016, "adaptation_rate": 0.0799568903598118, "weapon_cooldown_ticks": 2}