{"ticks": 200.0, "objective_progress": 0.0, "objective_controller": 1.0, "max_ticks": 200, "n_agents": 30, "seed": 2589, "objective_radius": 8, "wall_prob": 0.1748046875, "cover_prob": 0.01953125, "choke_prob": 0.08085937500000001, "stochasticity": 0.376953125, "adaptation_rate": 0.07421875, "weapon_cooldown_ticks": 3}