{"ticks": 200.0, "objective_progress": 0.0, "objective_controller": 1.0, "max_ticks": 200, "n_agents": 30, "seed": 1101, "objective_radius": 10, "wall_prob": 0.0850954257227321, "cover_prob": 0.02329376660228329, "choke_prob": 0.020988699763311358, "stochasticity": 0.08078663832217717, "adaptation_rate": 0.1299038062971686, "weapon_cooldown_ticks": 3}