{"ticks": 200.0, "objective_progress": 0.8799999999999999, "objective_controller": 1.0, "max_ticks": 200, "n_agents": 30, "seed": 1959, "objective_radius": 6, "wall_prob": 0.05844318057368684, "cover_prob": 0.16852457283038716, "choke_prob": 0.0012865145457898058, "stochasticity": 0.07907155598134721, "adaptation_rate": 0.17691282971556863, "weapon_cooldown_ticks": 1}