{"ticks": 200.0, "objective_progress": 0.8399999999999999, "objective_controller": 1.0, "max_ticks": 200, "n_agents": 30, "seed": 1469, "objective_radius": 10, "wall_prob": 0.1756746761314836, "cover_prob": 0.020496420734891975, "choke_prob": 0.0011962569463597895, "stochasticity": 0.41353061377731953, "adaptation_rate": 0.13822750861806715, "weapon_cooldown_ticks": 2}