{"ticks": 200.0, "objective_progress": 1.0, "objective_controller": 0.0, "max_ticks": 200, "n_agents": 30, "seed": 1257, "objective_radius": 4, "wall_prob": 0.20062112405735233, "cover_prob": 0.19753691848364918, "choke_prob": 0.031107635843242776, "stochasticity": 0.2804616923815137, "adaptation_rate": 0.1454286639083131, "weapon_cooldown_ticks": 3}