{"ticks": 200.0, "objective_progress": 0.8399999999999995, "objective_controller": 0.0, "max_ticks": 200, "n_agents": 30, "seed": 2014, "objective_radius": 4, "wall_prob": 0.20688375656991154, "cover_prob": 0.08486428184730689, "choke_prob": 0.03734218663966103, "stochasticity": 0.43138915789295346, "adaptation_rate": 0.12743466853819685, "weapon_cooldown_ticks": 3}