{"ticks": 200.0, "objective_progress": 0.94, "objective_controller": 0.0, "max_ticks": 200, "n_agents": 30, "seed": 2758, "objective_radius": 7, "wall_prob": 0.0595703125, "cover_prob": 0.05078125, "choke_prob": 0.068359375, "stochasticity": 0.205078125, "adaptation_rate": 0.0054687500000000005, "weapon_cooldown_ticks": 2}