{"ticks": 200.0, "objective_progress": 1.0, "objective_controller": 0.0, "max_ticks": 200, "n_agents": 30, "seed": 1475, "objective_radius": 7, "wall_prob": 0.20207579350701, "cover_prob": 0.1808832407394476, "choke_prob": 0.05312018971426044, "stochasticity": 0.32406914906314466, "adaptation_rate": 0.19866740485600104, "weapon_cooldown_ticks": 2}