{"ticks": 200.0, "objective_progress": 0.08, "objective_controller": 0.0, "max_ticks": 200, "n_agents": 30, "seed": 1348, "objective_radius": 10, "wall_prob": 0.10835638591622929, "cover_prob": 0.15621832612104325, "choke_prob": 0.07117134554051764, "stochasticity": 0.3869038066665854, "adaptation_rate": 0.12837031498858184, "weapon_cooldown_ticks": 2}