{"ticks": 200.0, "objective_progress": 0.02, "objective_controller": 0.0, "max_ticks": 200, "n_agents": 30, "seed": 1317, "objective_radius": 4, "wall_prob": 0.20555353953354283, "cover_prob": 0.03286140831995704, "choke_prob": 0.02834380927744148, "stochasticity": 0.12134825320650565, "adaptation_rate": 0.08865163060201048, "weapon_cooldown_ticks": 3}