{"ticks": 200.0, "objective_progress": 0.0, "objective_controller": 1.0, "max_ticks": 200, "n_agents": 30, "seed": 1318, "objective_radius": 12, "wall_prob": 0.09960668240383846, "cover_prob": 0.1749010063585491, "choke_prob": 0.06668838441323373, "stochasticity": 0.2889673921027962, "adaptation_rate": 0.035666344357831135, "weapon_cooldown_ticks": 3}