{"ticks": 200.0, "objective_progress": 0.0, "objective_controller": 1.0, "max_ticks": 200, "n_agents": 30, "seed": 2377, "objective_radius": 11, "wall_prob": 0.048828125, "cover_prob": 0.15156250000000002, "choke_prob": 0.06484375, "stochasticity": 0.18359375, "adaptation_rate": 0.08281250000000001, "weapon_cooldown_ticks": 1}