{"ticks": 200.0, "objective_progress": 0.8400000000000002, "objective_controller": 0.0, "max_ticks": 200, "n_agents": 30, "seed": 1788, "objective_radius": 4, "wall_prob": 0.22128171019228712, "cover_prob": 0.09665838701377177, "choke_prob": 0.08407188021513372, "stochasticity": 0.0917188491652319, "adaptation_rate": 0.1002733550004747, "weapon_cooldown_ticks": 2}