{"ticks": 200.0, "objective_progress": 1.0, "objective_controller": 0.0, "max_ticks": 200, "n_agents": 30, "seed": 1796, "objective_radius": 7, "wall_prob": 0.18738080996156767, "cover_prob": 0.19532488557319636, "choke_prob": 0.0806136883188935, "stochasticity": 0.34768619010480284, "adaptation_rate": 0.11744980671444985, "weapon_cooldown_ticks": 3}