{"ticks": 200.0, "objective_progress": 0.0, "objective_controller": 0.0, "max_ticks": 200, "n_agents": 30, "seed": 2350, "objective_radius": 9, "wall_prob": 0.1943359375, "cover_prob": 0.14765625000000002, "choke_prob": 0.09726562500000001, "stochasticity": 0.455078125, "adaptation_rate": 0.10390625, "weapon_cooldown_ticks": 3}