{"ticks": 200.0, "objective_progress": 0.98, "objective_controller": 0.0, "max_ticks": 200, "n_agents": 30, "seed": 1094, "objective_radius": 9, "wall_prob": 0.21456545497127977, "cover_prob": 0.00312696877319134, "choke_prob": 0.09244899714030128, "stochasticity": 0.22858671212768675, "adaptation_rate": 0.18231323764319998, "weapon_cooldown_ticks": 1}