{"ticks": 200.0, "objective_progress": 0.08, "objective_controller": 0.0, "max_ticks": 200, "n_agents": 30, "seed": 1106, "objective_radius": 11, "wall_prob": 0.14377483496700957, "cover_prob": 0.06937524682330443, "choke_prob": 0.08547404587843262, "stochasticity": 0.46442057895914496, "adaptation_rate": 0.10207838197768121, "weapon_cooldown_ticks": 2}