{"ticks": 200.0, "objective_progress": 1.0, "objective_controller": 0.0, "max_ticks": 200, "n_agents": 30, "seed": 1413, "objective_radius": 6, "wall_prob": 0.010207737180060633, "cover_prob": 0.14100237663672918, "choke_prob": 0.03780375778676807, "stochasticity": 0.20517243239424213, "adaptation_rate": 0.150673719067141, "weapon_cooldown_ticks": 1}