{"ticks": 200.0, "objective_progress": 0.96, "objective_controller": 1.0, "max_ticks": 200, "n_agents": 30, "seed": 2566, "objective_radius": 8, "wall_prob": 0.0771484375, "cover_prob": 0.15390625000000002, "choke_prob": 0.031640625, "stochasticity": 0.283203125, "adaptation_rate": 0.17265625, "weapon_cooldown_ticks": 2}