{"ticks": 200.0, "objective_progress": 0.04, "objective_controller": 1.0, "max_ticks": 200, "n_agents": 30, "seed": 2197, "objective_radius": 8, "wall_prob": 0.0029296875, "cover_prob": 0.16953125000000002, "choke_prob": 0.07695312500000001, "stochasticity": 0.103515625, "adaptation_rate": 0.11953125, "weapon_cooldown_ticks": 2}