{"ticks": 200.0, "objective_progress": 0.47999999999999987, "objective_controller": 1.0, "max_ticks": 200, "n_agents": 30, "seed": 2848, "objective_radius": 8, "wall_prob": 0.0126953125, "cover_prob": 0.18828125, "choke_prob": 0.062109375, "stochasticity": 0.111328125, "adaptation_rate": 0.11796875000000001, "weapon_cooldown_ticks": 2}