{"ticks": 200.0, "objective_progress": 0.13999999999999999, "objective_controller": 1.0, "max_ticks": 200, "n_agents": 30, "seed": 2920, "objective_radius": 9, "wall_prob": 0.1181640625, "cover_prob": 0.16015625, "choke_prob": 0.079296875, "stochasticity": 0.384765625, "adaptation_rate": 0.16484375, "weapon_cooldown_ticks": 2}