{"ticks": 200.0, "objective_progress": 0.0, "objective_controller": 1.0, "max_ticks": 200, "n_agents": 30, "seed": 1626, "objective_radius": 8, "wall_prob": 0.24666160307099316, "cover_prob": 0.05551294665952198, "choke_prob": 0.023666951103672146, "stochasticity": 0.11365507903043925, "adaptation_rate": 0.03609130193857201, "weapon_cooldown_ticks": 3}