{"ticks": 200.0, "objective_progress": 0.0, "objective_controller": 0.0, "max_ticks": 200, "n_agents": 30, "seed": 1005, "objective_radius": 10, "wall_prob": 0.004941120122575794, "cover_prob": 0.09189771831293655, "choke_prob": 0.05388193452185898, "stochasticity": 0.3287820869456936, "adaptation_rate": 0.06219030371806045, "weapon_cooldown_ticks": 3}