{"ticks": 200.0, "objective_progress": 0.8999999999999999, "objective_controller": 1.0, "max_ticks": 200, "n_agents": 30, "seed": 1008, "objective_radius": 6, "wall_prob": 0.17848557685361288, "cover_prob": 0.015647360047196034, "choke_prob": 0.040921687670637495, "stochasticity": 0.21487212338828507, "adaptation_rate": 0.033293693230362915, "weapon_cooldown_ticks": 2}