{"ticks": 200.0, "objective_progress": 1.0, "objective_controller": 1.0, "max_ticks": 200, "n_agents": 30, "seed": 1762, "objective_radius": 3, "wall_prob": 0.10275776365727747, "cover_prob": 0.12490676475444473, "choke_prob": 0.042343164331889616, "stochasticity": 0.2844899896624705, "adaptation_rate": 0.1870788395227222, "weapon_cooldown_ticks": 2}