{"ticks": 200.0, "objective_progress": 0.0, "objective_controller": 0.0, "max_ticks": 200, "n_agents": 30, "seed": 2741, "objective_radius": 11, "wall_prob": 0.0107421875, "cover_prob": 0.030468750000000003, "choke_prob": 0.005859375, "stochasticity": 0.392578125, "adaptation_rate": 0.18046875, "weapon_cooldown_ticks": 2}