{"ticks": 200.0, "objective_progress": 0.3799999999999996, "objective_controller": 0.0, "max_ticks": 200, "n_agents": 30, "seed": 2258, "objective_radius": 6, "wall_prob": 0.0283203125, "cover_prob": 0.07734375, "choke_prob": 0.003515625, "stochasticity": 0.185546875, "adaptation_rate": 0.18203125, "weapon_cooldown_ticks": 2}