{"ticks": 200.0, "objective_progress": 0.25999999999999973, "objective_controller": 1.0, "max_ticks": 200, "n_agents": 30, "seed": 1439, "objective_radius": 6, "wall_prob": 0.07864554013101081, "cover_prob": 0.07767285897756232, "choke_prob": 0.027134618536113448, "stochasticity": 0.23570326531375452, "adaptation_rate": 0.011215917655940544, "weapon_cooldown_ticks": 1}