{"ticks": 200.0, "objective_progress": 1.0, "objective_controller": 1.0, "max_ticks": 200, "n_agents": 30, "seed": 1423, "objective_radius": 6, "wall_prob": 0.043350643117012776, "cover_prob": 0.13532159653379758, "choke_prob": 0.03251251283754103, "stochasticity": 0.16364364893263303, "adaptation_rate": 0.13549784563125442, "weapon_cooldown_ticks": 2}