{"ticks": 200.0, "objective_progress": 0.03999999999999938, "objective_controller": 0.0, "max_ticks": 200, "n_agents": 30, "seed": 1175, "objective_radius": 7, "wall_prob": 0.1662713610834774, "cover_prob": 0.15353844678339038, "choke_prob": 0.09564062804046858, "stochasticity": 0.23020538851997696, "adaptation_rate": 0.089273391457598, "weapon_cooldown_ticks": 2}