{"ticks": 200.0, "objective_progress": 0.4799999999999991, "objective_controller": 1.0, "max_ticks": 200, "n_agents": 30, "seed": 1017, "objective_radius": 8, "wall_prob": 0.16295210381299793, "cover_prob": 0.12617432221341393, "choke_prob": 0.06717615505521149, "stochasticity": 0.4421214407471506, "adaptation_rate": 0.07616972811708164, "weapon_cooldown_ticks": 2}