{"ticks": 200.0, "objective_progress": 1.0, "objective_controller": 1.0, "max_ticks": 200, "n_agents": 30, "seed": 2543, "objective_radius": 5, "wall_prob": 0.103515625, "cover_prob": 0.15781250000000002, "choke_prob": 0.03828125, "stochasticity": 0.11328125, "adaptation_rate": 0.0171875, "weapon_cooldown_ticks": 3}