{"ticks": 200.0, "objective_progress": 0.4599999999999994, "objective_controller": 0.0, "max_ticks": 200, "n_agents": 30, "seed": 3052, "objective_radius": 9, "wall_prob": 0.1884765625, "cover_prob": 0.05859375, "choke_prob": 0.082421875, "stochasticity": 0.240234375, "adaptation_rate": 0.0023437500000000003, "weapon_cooldown_ticks": 2}