{"ticks": 200.0, "objective_progress": 0.0, "objective_controller": 1.0, "max_ticks": 200, "n_agents": 30, "seed": 1743, "objective_radius": 10, "wall_prob": 0.17262314779675456, "cover_prob": 0.019005434855856596, "choke_prob": 0.013519043059184799, "stochasticity": 0.12725866642158631, "adaptation_rate": 0.1962808794743729, "weapon_cooldown_ticks": 2}