{"ticks": 200.0, "objective_progress": 0.39999999999999986, "objective_controller": 0.0, "max_ticks": 200, "n_agents": 30, "seed": 1539, "objective_radius": 9, "wall_prob": 0.11414060186859686, "cover_prob": 0.1978617955344962, "choke_prob": 0.04942647709778295, "stochasticity": 0.009297729837289274, "adaptation_rate": 0.0738852286221716, "weapon_cooldown_ticks": 3}