{"ticks": 200.0, "objective_progress": 0.0, "objective_controller": 1.0, "max_ticks": 200, "n_agents": 30, "seed": 1522, "objective_radius": 12, "wall_prob": 0.24086813910050522, "cover_prob": 0.022948130679644144, "choke_prob": 0.08536047599110796, "stochasticity": 0.27069736261189503, "adaptation_rate": 0.1531639700426423, "weapon_cooldown_ticks": 3}