{"ticks": 200.0, "objective_progress": 0.8199999999999998, "objective_controller": 0.0, "max_ticks": 200, "n_agents": 30, "seed": 1911, "objective_radius": 6, "wall_prob": 0.11558336747145125, "cover_prob": 0.14679659941026144, "choke_prob": 0.09596185788527296, "stochasticity": 0.24415116136832202, "adaptation_rate": 0.03698128766597549, "weapon_cooldown_ticks": 2}