{"ticks": 200.0, "objective_progress": 1.0, "objective_controller": 0.0, "max_ticks": 200, "n_agents": 30, "seed": 2793, "objective_radius": 4, "wall_prob": 0.0263671875, "cover_prob": 0.013281250000000001, "choke_prob": 0.024609375000000003, "stochasticity": 0.298828125, "adaptation_rate": 0.09296875, "weapon_cooldown_ticks": 2}