{"ticks": 200.0, "objective_progress": 0.98, "objective_controller": 0.0, "max_ticks": 200, "n_agents": 30, "seed": 1311, "objective_radius": 5, "wall_prob": 0.07286103498119433, "cover_prob": 0.1469664741485373, "choke_prob": 0.09235603986689898, "stochasticity": 0.049521569898653146, "adaptation_rate": 0.06749162094470146, "weapon_cooldown_ticks": 2}