{"ticks": 200.0, "objective_progress": 0.0, "objective_controller": 1.0, "max_ticks": 200, "n_agents": 30, "seed": 1044, "objective_radius": 8, "wall_prob": 0.21412020945629717, "cover_prob": 0.15706979251838862, "choke_prob": 0.09560197334955636, "stochasticity": 0.1492799111394798, "adaptation_rate": 0.01415798685031915, "weapon_cooldown_ticks": 3}