{"ticks": 200.0, "objective_progress": 0.0, "objective_controller": 1.0, "max_ticks": 200, "n_agents": 30, "seed": 1470, "objective_radius": 11, "wall_prob": 0.03880008324898374, "cover_prob": 0.11961253955131007, "choke_prob": 0.024972320864322068, "stochasticity": 0.19482306067125654, "adaptation_rate": 0.008630754430918463, "weapon_cooldown_ticks": 3}