{"ticks": 200.0, "objective_progress": 0.0, "objective_controller": 0.0, "max_ticks": 200, "n_agents": 30, "seed": 1216, "objective_radius": 12, "wall_prob": 0.09831043622689707, "cover_prob": 0.06921837867716056, "choke_prob": 0.03964015394181139, "stochasticity": 0.1940008715637088, "adaptation_rate": 0.015256584021045547, "weapon_cooldown_ticks": 2}