{"ticks": 200.0, "objective_progress": 1.0, "objective_controller": 0.0, "max_ticks": 200, "n_agents": 30, "seed": 1232, "objective_radius": 5, "wall_prob": 0.07250441862232515, "cover_prob": 0.06898590236792058, "choke_prob": 0.0939971354528674, "stochasticity": 0.31523335184227413, "adaptation_rate": 0.08749876823941102, "weapon_cooldown_ticks": 2}