{"ticks": 200.0, "objective_progress": 0.0, "objective_controller": 1.0, "max_ticks": 200, "n_agents": 30, "seed": 1453, "objective_radius": 9, "wall_prob": 0.1883548396918665, "cover_prob": 0.17912728464063377, "choke_prob": 0.06857163352611333, "stochasticity": 0.492763163129589, "adaptation_rate": 0.10776832673883707, "weapon_cooldown_ticks": 2}