{"ticks": 200.0, "objective_progress": 0.5399999999999996, "objective_controller": 0.0, "max_ticks": 200, "n_agents": 30, "seed": 1263, "objective_radius": 6, "wall_prob": 0.035707962616291604, "cover_prob": 0.10447310431670849, "choke_prob": 0.0352513690798641, "stochasticity": 0.3104847759235903, "adaptation_rate": 0.046805621056289215, "weapon_cooldown_ticks": 2}