{"ticks": 200.0, "objective_progress": 0.47999999999999987, "objective_controller": 0.0, "max_ticks": 200, "n_agents": 30, "seed": 2720, "objective_radius": 4, "wall_prob": 0.0732421875, "cover_prob": 0.17578125, "choke_prob": 0.030859375, "stochasticity": 0.017578125, "adaptation_rate": 0.030468750000000003, "weapon_cooldown_ticks": 3}