{"ticks": 200.0, "objective_progress": 0.0, "objective_controller": 1.0, "max_ticks": 200, "n_agents": 30, "seed": 1502, "objective_radius": 9, "wall_prob": 0.025292343422495756, "cover_prob": 0.11634511980674576, "choke_prob": 0.08621875656494321, "stochasticity": 0.09088394262455698, "adaptation_rate": 0.12627558657812468, "weapon_cooldown_ticks": 3}