{"ticks": 200.0, "objective_progress": 0.0, "objective_controller": 1.0, "max_ticks": 200, "n_agents": 30, "seed": 1238, "objective_radius": 9, "wall_prob": 0.21208428690318035, "cover_prob": 0.1517367705375413, "choke_prob": 0.017355460473462515, "stochasticity": 0.30497883768707285, "adaptation_rate": 0.0036372681663874064, "weapon_cooldown_ticks": 1}