{"ticks": 200.0, "objective_progress": 1.0, "objective_controller": 0.0, "max_ticks": 200, "n_agents": 30, "seed": 1748, "objective_radius": 6, "wall_prob": 0.2485967191406214, "cover_prob": 0.14635450196698496, "choke_prob": 0.0867667028941147, "stochasticity": 0.17249688699665353, "adaptation_rate": 0.08750460491243717, "weapon_cooldown_ticks": 2}