{"ticks": 200.0, "objective_progress": 1.0, "objective_controller": 0.0, "max_ticks": 200, "n_agents": 30, "seed": 1958, "objective_radius": 7, "wall_prob": 0.20836660658410103, "cover_prob": 0.006691500932320359, "choke_prob": 0.06436351719075646, "stochasticity": 0.42756973776293244, "adaptation_rate": 0.13667030217400106, "weapon_cooldown_ticks": 2}