{"ticks": 200.0, "objective_progress": 0.98, "objective_controller": 1.0, "max_ticks": 200, "n_agents": 30, "seed": 2437, "objective_radius": 4, "wall_prob": 0.087890625, "cover_prob": 0.0234375, "choke_prob": 0.09453125000000001, "stochasticity": 0.32421875, "adaptation_rate": 0.07968750000000001, "weapon_cooldown_ticks": 3}