{"ticks": 200.0, "objective_progress": 0.3199999999999994, "objective_controller": 1.0, "max_ticks": 200, "n_agents": 30, "seed": 2347, "objective_radius": 9, "wall_prob": 0.001953125, "cover_prob": 0.1046875, "choke_prob": 0.09765625, "stochasticity": 0.21484375, "adaptation_rate": 0.09843750000000001, "weapon_cooldown_ticks": 2}