{"ticks": 200.0, "objective_progress": 0.22999999999999968, "objective_controller": 1.0, "max_ticks": 200, "n_agents": 30, "seed": 2035, "objective_radius": 7, "wall_prob": 0.0888671875, "cover_prob": 0.11328125, "choke_prob": 0.098828125, "stochasticity": 0.494140625, "adaptation_rate": 0.013281250000000001, "weapon_cooldown_ticks": 1}