{"ticks": 200.0, "objective_progress": 0.08, "objective_controller": 1.0, "max_ticks": 200, "n_agents": 30, "seed": 1547, "objective_radius": 11, "wall_prob": 0.09626640463629285, "cover_prob": 0.0379379303597144, "choke_prob": 0.027327221633552064, "stochasticity": 0.2528544410743779, "adaptation_rate": 0.17647756037376275, "weapon_cooldown_ticks": 2}