{"ticks": 200.0, "objective_progress": 0.5399999999999999, "objective_controller": 1.0, "max_ticks": 200, "n_agents": 30, "seed": 2613, "objective_radius": 11, "wall_prob": 0.0810546875, "cover_prob": 0.04453125, "choke_prob": 0.0027343750000000003, "stochasticity": 0.064453125, "adaptation_rate": 0.19921875, "weapon_cooldown_ticks": 1}