{"ticks": 200.0, "objective_progress": 0.0, "objective_controller": 0.0, "max_ticks": 200, "n_agents": 30, "seed": 1353, "objective_radius": 5, "wall_prob": 0.1679917896285398, "cover_prob": 0.14073227598482405, "choke_prob": 0.09175273739965584, "stochasticity": 0.38305302147020664, "adaptation_rate": 0.13241470513320697, "weapon_cooldown_ticks": 3}