{"ticks": 200.0, "objective_progress": 1.0, "objective_controller": 1.0, "max_ticks": 200, "n_agents": 30, "seed": 1551, "objective_radius": 6, "wall_prob": 0.1949063338587588, "cover_prob": 0.0846759655689992, "choke_prob": 0.05560991904350574, "stochasticity": 0.27018367303775503, "adaptation_rate": 0.12908387758018403, "weapon_cooldown_ticks": 1}