{"ticks": 200.0, "objective_progress": 1.0, "objective_controller": 0.0, "max_ticks": 200, "n_agents": 30, "seed": 2609, "objective_radius": 5, "wall_prob": 0.2373046875, "cover_prob": 0.06953125, "choke_prob": 0.015234375000000001, "stochasticity": 0.001953125, "adaptation_rate": 0.09921875000000001, "weapon_cooldown_ticks": 2}