{"ticks": 200.0, "objective_progress": 0.5399999999999996, "objective_controller": 0.0, "max_ticks": 200, "n_agents": 30, "seed": 1200, "objective_radius": 8, "wall_prob": 0.16096382935923437, "cover_prob": 0.030315676900910943, "choke_prob": 0.04760759387009154, "stochasticity": 0.20629487643029581, "adaptation_rate": 0.10891646258958675, "weapon_cooldown_ticks": 1}