{"ticks": 200.0, "objective_progress": 1.0, "objective_controller": 1.0, "max_ticks": 200, "n_agents": 30, "seed": 1000, "objective_radius": 7, "wall_prob": 0.05617744762707398, "cover_prob": 0.19097824933050417, "choke_prob": 0.051261514685493226, "stochasticity": 0.08862284825426106, "adaptation_rate": 0.08275172820105128, "weapon_cooldown_ticks": 1}