{"ticks": 200.0, "objective_progress": 1.0, "objective_controller": 0.0, "max_ticks": 200, "n_agents": 30, "seed": 1355, "objective_radius": 5, "wall_prob": 0.1539285703497711, "cover_prob": 0.18780117025656012, "choke_prob": 0.0870373095817882, "stochasticity": 0.02124323366385486, "adaptation_rate": 0.1691531388400595, "weapon_cooldown_ticks": 1}