{"ticks": 200.0, "objective_progress": 0.0, "objective_controller": 1.0, "max_ticks": 200, "n_agents": 30, "seed": 1058, "objective_radius": 9, "wall_prob": 0.23275542094696688, "cover_prob": 0.12144826074892119, "choke_prob": 0.06472298333393783, "stochasticity": 0.4806008298758184, "adaptation_rate": 0.11140070592899005, "weapon_cooldown_ticks": 3}