{"ticks": 200.0, "objective_progress": 1.0, "objective_controller": 1.0, "max_ticks": 200, "n_agents": 30, "seed": 2364, "objective_radius": 5, "wall_prob": 0.111328125, "cover_prob": 0.1171875, "choke_prob": 0.014843750000000001, "stochasticity": 0.03515625, "adaptation_rate": 0.1609375, "weapon_cooldown_ticks": 1}