{"ticks": 200.0, "objective_progress": 0.74, "objective_controller": 0.0, "max_ticks": 200, "n_agents": 30, "seed": 1535, "objective_radius": 5, "wall_prob": 0.07989172274726822, "cover_prob": 0.01310940025826689, "choke_prob": 0.07289488850161288, "stochasticity": 0.44874526858081676, "adaptation_rate": 0.004792408157507386, "weapon_cooldown_ticks": 3}