{"ticks": 200.0, "objective_progress": 0.03999999999999975, "objective_controller": 1.0, "max_ticks": 200, "n_agents": 30, "seed": 1372, "objective_radius": 6, "wall_prob": 0.015597684284906545, "cover_prob": 0.19493098612720322, "choke_prob": 0.0026155483537321817, "stochasticity": 0.46078418465019433, "adaptation_rate": 0.005728217307428574, "weapon_cooldown_ticks": 2}