{"ticks": 200.0, "objective_progress": 0.64, "objective_controller": 1.0, "max_ticks": 200, "n_agents": 30, "seed": 2507, "objective_radius": 4, "wall_prob": 0.0556640625, "cover_prob": 0.12890625, "choke_prob": 0.039453125000000006, "stochasticity": 0.052734375, "adaptation_rate": 0.18203125, "weapon_cooldown_ticks": 3}