{"ticks": 200.0, "objective_progress": 0.04, "objective_controller": 1.0, "max_ticks": 200, "n_agents": 30, "seed": 1585, "objective_radius": 9, "wall_prob": 0.00633748838889886, "cover_prob": 0.019886131288285404, "choke_prob": 0.047985695135580014, "stochasticity": 0.20991370994301245, "adaptation_rate": 0.048795655216776083, "weapon_cooldown_ticks": 1}