{"ticks": 200.0, "objective_progress": 1.0, "objective_controller": 0.0, "max_ticks": 200, "n_agents": 30, "seed": 2067, "objective_radius": 4, "wall_prob": 0.193359375, "cover_prob": 0.1390625, "choke_prob": 0.032031250000000004, "stochasticity": 0.26171875, "adaptation_rate": 0.0140625, "weapon_cooldown_ticks": 1}