{"ticks": 200.0, "objective_progress": 1.0, "objective_controller": 0.0, "max_ticks": 200, "n_agents": 30, "seed": 1736, "objective_radius": 4, "wall_prob": 0.010550860082447749, "cover_prob": 0.1355317647110011, "choke_prob": 0.04422299284126268, "stochasticity": 0.3091929434770708, "adaptation_rate": 0.11360798213693796, "weapon_cooldown_ticks": 2}