{"ticks": 200.0, "objective_progress": 0.11999999999999938, "objective_controller": 0.0, "max_ticks": 200, "n_agents": 30, "seed": 1428, "objective_radius": 8, "wall_prob": 0.22314191012354928, "cover_prob": 0.1983248572089277, "choke_prob": 0.06605287052519089, "stochasticity": 0.393491854470356, "adaptation_rate": 0.1330130601285871, "weapon_cooldown_ticks": 1}