{"ticks": 200.0, "objective_progress": 0.3599999999999999, "objective_controller": 1.0, "max_ticks": 200, "n_agents": 30, "seed": 2227, "objective_radius": 9, "wall_prob": 0.0185546875, "cover_prob": 0.05234375, "choke_prob": 0.041015625, "stochasticity": 0.373046875, "adaptation_rate": 0.10390625, "weapon_cooldown_ticks": 2}