{"ticks": 200.0, "objective_progress": 1.0, "objective_controller": 1.0, "max_ticks": 200, "n_agents": 30, "seed": 1258, "objective_radius": 4, "wall_prob": 0.08535345462181573, "cover_prob": 0.048811339572118244, "choke_prob": 0.0017856931516482767, "stochasticity": 0.19007520736486452, "adaptation_rate": 0.09725352484041233, "weapon_cooldown_ticks": 3}