{"ticks": 200.0, "objective_progress": 1.0, "objective_controller": 0.0, "max_ticks": 200, "n_agents": 30, "seed": 2141, "objective_radius": 4, "wall_prob": 0.146484375, "cover_prob": 0.051562500000000004, "choke_prob": 0.05234375, "stochasticity": 0.04296875, "adaptation_rate": 0.0484375, "weapon_cooldown_ticks": 2}