{"ticks": 200.0, "objective_progress": 0.019999999999999993, "objective_controller": 1.0, "max_ticks": 200, "n_agents": 30, "seed": 1446, "objective_radius": 9, "wall_prob": 0.2243564343611511, "cover_prob": 0.01612264114327206, "choke_prob": 0.0029199900928054716, "stochasticity": 0.0027762916343897198, "adaptation_rate": 0.16980158226285658, "weapon_cooldown_ticks": 3}