{"ticks": 200.0, "objective_progress": 1.0, "objective_controller": 0.0, "max_ticks": 200, "n_agents": 30, "seed": 2022, "objective_radius": 3, "wall_prob": 0.03769994340112236, "cover_prob": 0.10710874810215538, "choke_prob": 0.06354526290290184, "stochasticity": 0.11064776671035723, "adaptation_rate": 0.028414991799753972, "weapon_cooldown_ticks": 2}