{"ticks": 200.0, "objective_progress": 0.0, "objective_controller": 1.0, "max_ticks": 200, "n_agents": 30, "seed": 1730, "objective_radius": 11, "wall_prob": 0.07646194306558206, "cover_prob": 0.08905390761769066, "choke_prob": 0.024868022063562246, "stochasticity": 0.16828269813692556, "adaptation_rate": 0.03398176291734924, "weapon_cooldown_ticks": 3}