{"ticks": 200.0, "objective_progress": 0.0, "objective_controller": 1.0, "max_ticks": 200, "n_agents": 30, "seed": 1333, "objective_radius": 12, "wall_prob": 0.21159548268749528, "cover_prob": 0.14575598053142014, "choke_prob": 0.028670009191547198, "stochasticity": 0.4992029068400973, "adaptation_rate": 0.1308288436880823, "weapon_cooldown_ticks": 2}