{"ticks": 200.0, "objective_progress": 0.0, "objective_controller": 1.0, "max_ticks": 200, "n_agents": 30, "seed": 1974, "objective_radius": 10, "wall_prob": 0.16504649702223873, "cover_prob": 0.10066796399398233, "choke_prob": 0.07543860869492974, "stochasticity": 0.34128632528031044, "adaptation_rate": 0.18114689795320343, "weapon_cooldown_ticks": 2}