{"ticks": 200.0, "objective_progress": 1.0, "objective_controller": 0.0, "max_ticks": 200, "n_agents": 30, "seed": 1211, "objective_radius": 8, "wall_prob": 0.04349399706630854, "cover_prob": 0.04283889717911814, "choke_prob": 0.06509065447280207, "stochasticity": 0.33833093756486865, "adaptation_rate": 0.010505403012848092, "weapon_cooldown_ticks": 1}