{"ticks": 200.0, "objective_progress": 1.0, "objective_controller": 1.0, "max_ticks": 200, "n_agents": 30, "seed": 1676, "objective_radius": 6, "wall_prob": 0.1643952622613092, "cover_prob": 0.11391467474503013, "choke_prob": 0.05855621296392652, "stochasticity": 0.4360745247551775, "adaptation_rate": 0.015701173452125634, "weapon_cooldown_ticks": 2}