{"ticks": 200.0, "objective_progress": 0.5399999999999997, "objective_controller": 1.0, "max_ticks": 200, "n_agents": 30, "seed": 2409, "objective_radius": 11, "wall_prob": 0.1572265625, "cover_prob": 0.03671875, "choke_prob": 0.003515625, "stochasticity": 0.349609375, "adaptation_rate": 0.13828125, "weapon_cooldown_ticks": 2}