{"ticks": 200.0, "objective_progress": 0.22000000000000003, "objective_controller": 0.0, "max_ticks": 200, "n_agents": 30, "seed": 2320, "objective_radius": 6, "wall_prob": 0.220703125, "cover_prob": 0.1296875, "choke_prob": 0.06015625, "stochasticity": 0.27734375, "adaptation_rate": 0.17343750000000002, "weapon_cooldown_ticks": 2}