{"ticks": 200.0, "objective_progress": 0.0, "objective_controller": 1.0, "max_ticks": 200, "n_agents": 30, "seed": 2890, "objective_radius": 7, "wall_prob": 0.1494140625, "cover_prob": 0.0023437500000000003, "choke_prob": 0.091796875, "stochasticity": 0.349609375, "adaptation_rate": 0.10859375, "weapon_cooldown_ticks": 3}