{"ticks": 200.0, "objective_progress": 0.0, "objective_controller": 1.0, "max_ticks": 200, "n_agents": 30, "seed": 1490, "objective_radius": 11, "wall_prob": 0.004586896894936374, "cover_prob": 0.04343282257039946, "choke_prob": 0.00576894130373946, "stochasticity": 0.07567613059087669, "adaptation_rate": 0.14814045610083798, "weapon_cooldown_ticks": 2}