{"ticks": 200.0, "objective_progress": 0.0, "objective_controller": 0.0, "max_ticks": 200, "n_agents": 30, "seed": 1071, "objective_radius": 12, "wall_prob": 0.040620092270439855, "cover_prob": 0.04182648581490053, "choke_prob": 0.09549756817019601, "stochasticity": 0.10663495540611848, "adaptation_rate": 0.09794271925487336, "weapon_cooldown_ticks": 1}