{"ticks": 200.0, "objective_progress": 1.0, "objective_controller": 0.0, "max_ticks": 200, "n_agents": 30, "seed": 2089, "objective_radius": 6, "wall_prob": 0.1044921875, "cover_prob": 0.00078125, "choke_prob": 0.055078125000000006, "stochasticity": 0.087890625, "adaptation_rate": 0.12578125, "weapon_cooldown_ticks": 2}