{"ticks": 200.0, "objective_progress": 0.0, "objective_controller": 1.0, "max_ticks": 200, "n_agents": 30, "seed": 1313, "objective_radius": 9, "wall_prob": 0.18105793232723266, "cover_prob": 0.14623681880034184, "choke_prob": 0.014188449231318807, "stochasticity": 0.25478727446570026, "adaptation_rate": 0.14272108716393225, "weapon_cooldown_ticks": 2}