{"ticks": 200.0, "objective_progress": 0.08, "objective_controller": 0.0, "max_ticks": 200, "n_agents": 30, "seed": 1823, "objective_radius": 5, "wall_prob": 0.06559586856536169, "cover_prob": 0.015848672068163327, "choke_prob": 0.03269809572087487, "stochasticity": 0.15794836722024297, "adaptation_rate": 0.05576739475119259, "weapon_cooldown_ticks": 3}