{"ticks": 200.0, "objective_progress": 0.8499999999999999, "objective_controller": 1.0, "max_ticks": 200, "n_agents": 30, "seed": 2004, "objective_radius": 3, "wall_prob": 0.099609375, "cover_prob": 0.1640625, "choke_prob": 0.09453125000000001, "stochasticity": 0.32421875, "adaptation_rate": 0.0890625, "weapon_cooldown_ticks": 2}