{"ticks": 200.0, "objective_progress": 0.0, "objective_controller": 1.0, "max_ticks": 200, "n_agents": 30, "seed": 1022, "objective_radius": 8, "wall_prob": 0.0735859329487134, "cover_prob": 0.08009400856246197, "choke_prob": 0.0197655111788573, "stochasticity": 0.18632769134822463, "adaptation_rate": 0.1056692866422673, "weapon_cooldown_ticks": 3}