{"ticks": 200.0, "objective_progress": 0.3399999999999993, "objective_controller": 0.0, "max_ticks": 200, "n_agents": 30, "seed": 2324, "objective_radius": 7, "wall_prob": 0.064453125, "cover_prob": 0.1546875, "choke_prob": 0.07265625, "stochasticity": 0.44140625, "adaptation_rate": 0.1484375, "weapon_cooldown_ticks": 1}