{"ticks": 200.0, "objective_progress": 1.0, "objective_controller": 1.0, "max_ticks": 200, "n_agents": 30, "seed": 2386, "objective_radius": 9, "wall_prob": 0.2099609375, "cover_prob": 0.06015625, "choke_prob": 0.06601562500000001, "stochasticity": 0.298828125, "adaptation_rate": 0.01640625, "weapon_cooldown_ticks": 2}