{"ticks": 200.0, "objective_progress": 1.0, "objective_controller": 0.0, "max_ticks": 200, "n_agents": 30, "seed": 1283, "objective_radius": 4, "wall_prob": 0.21171720687051993, "cover_prob": 0.05158113292896069, "choke_prob": 0.09820140778145936, "stochasticity": 0.30788192747420656, "adaptation_rate": 0.04163025862625385, "weapon_cooldown_ticks": 2}