{"ticks": 200.0, "objective_progress": 0.0, "objective_controller": 0.0, "max_ticks": 200, "n_agents": 30, "seed": 1003, "objective_radius": 9, "wall_prob": 0.1926280881166177, "cover_prob": 0.1944383774594489, "choke_prob": 0.09147548140412884, "stochasticity": 0.4199856895697225, "adaptation_rate": 0.09984673835150999, "weapon_cooldown_ticks": 2}