{"ticks": 200.0, "objective_progress": 0.4799999999999996, "objective_controller": 1.0, "max_ticks": 200, "n_agents": 30, "seed": 2825, "objective_radius": 7, "wall_prob": 0.2138671875, "cover_prob": 0.16328125000000002, "choke_prob": 0.099609375, "stochasticity": 0.423828125, "adaptation_rate": 0.030468750000000003, "weapon_cooldown_ticks": 2}