{"ticks": 200.0, "objective_progress": 0.4599999999999995, "objective_controller": 1.0, "max_ticks": 200, "n_agents": 30, "seed": 1385, "objective_radius": 11, "wall_prob": 0.03940812338329794, "cover_prob": 0.04109971121425506, "choke_prob": 0.06225312397941451, "stochasticity": 0.11841457111300463, "adaptation_rate": 0.19978987405666648, "weapon_cooldown_ticks": 2}