{"ticks": 200.0, "objective_progress": 1.0, "objective_controller": 0.0, "max_ticks": 200, "n_agents": 30, "seed": 1622, "objective_radius": 6, "wall_prob": 0.07897296282602126, "cover_prob": 0.17663963471328242, "choke_prob": 0.08099233702629897, "stochasticity": 0.2927146679347375, "adaptation_rate": 0.10274940837011858, "weapon_cooldown_ticks": 1}