{"ticks": 200.0, "objective_progress": 0.8999999999999999, "objective_controller": 1.0, "max_ticks": 200, "n_agents": 30, "seed": 1274, "objective_radius": 10, "wall_prob": 0.05572467803556646, "cover_prob": 0.1719524287553476, "choke_prob": 0.04204533105296502, "stochasticity": 0.14276677424265447, "adaptation_rate": 0.178779191527181, "weapon_cooldown_ticks": 1}