{"ticks": 200.0, "objective_progress": 0.0, "objective_controller": 1.0, "max_ticks": 200, "n_agents": 30, "seed": 1137, "objective_radius": 10, "wall_prob": 0.19003193987668757, "cover_prob": 0.16884111832572699, "choke_prob": 0.0927218747692408, "stochasticity": 0.0055523442880345405, "adaptation_rate": 0.06081720405226011, "weapon_cooldown_ticks": 1}