{"ticks": 200.0, "objective_progress": 0.0, "objective_controller": 1.0, "max_ticks": 200, "n_agents": 30, "seed": 1506, "objective_radius": 11, "wall_prob": 0.024983678543804257, "cover_prob": 0.10473453920543292, "choke_prob": 0.049634632789615364, "stochasticity": 0.29624167036795346, "adaptation_rate": 0.18326688898902685, "weapon_cooldown_ticks": 2}