{"ticks": 200.0, "objective_progress": 0.07999999999999999, "objective_controller": 1.0, "max_ticks": 200, "n_agents": 30, "seed": 2984, "objective_radius": 11, "wall_prob": 0.1943359375, "cover_prob": 0.13984375000000002, "choke_prob": 0.048046875, "stochasticity": 0.041015625, "adaptation_rate": 0.15234375, "weapon_cooldown_ticks": 1}