{"ticks": 200.0, "objective_progress": 0.49999999999999944, "objective_controller": 1.0, "max_ticks": 200, "n_agents": 30, "seed": 1894, "objective_radius": 8, "wall_prob": 0.028871847358412837, "cover_prob": 0.10679950426776848, "choke_prob": 0.055743172416061165, "stochasticity": 0.1337331658482686, "adaptation_rate": 0.11701242731157224, "weapon_cooldown_ticks": 2}