{"ticks": 200.0, "objective_progress": 0.0, "objective_controller": 0.0, "max_ticks": 200, "n_agents": 30, "seed": 1380, "objective_radius": 11, "wall_prob": 0.20872271879920437, "cover_prob": 0.19114788655846437, "choke_prob": 0.06980958769516711, "stochasticity": 0.2835163134439186, "adaptation_rate": 0.15892709627145857, "weapon_cooldown_ticks": 2}