{"ticks": 200.0, "objective_progress": 0.0, "objective_controller": 1.0, "max_ticks": 200, "n_agents": 30, "seed": 1717, "objective_radius": 11, "wall_prob": 0.14920428529918053, "cover_prob": 0.029759466873502935, "choke_prob": 0.04006104335083721, "stochasticity": 0.20351171840295934, "adaptation_rate": 0.09195071555286616, "weapon_cooldown_ticks": 2}