{"ticks": 200.0, "objective_progress": 0.15999999999999986, "objective_controller": 1.0, "max_ticks": 200, "n_agents": 30, "seed": 1040, "objective_radius": 10, "wall_prob": 0.08143416913401406, "cover_prob": 0.09584584088336039, "choke_prob": 0.0478998864006472, "stochasticity": 0.1972316994435798, "adaptation_rate": 0.1483253244325112, "weapon_cooldown_ticks": 2}