{"ticks": 200.0, "objective_progress": 0.019999999999999993, "objective_controller": 1.0, "max_ticks": 200, "n_agents": 30, "seed": 1454, "objective_radius": 7, "wall_prob": 0.22716598816469175, "cover_prob": 0.1625674058970881, "choke_prob": 0.007538543363734416, "stochasticity": 0.4743380564739809, "adaptation_rate": 0.15171647547415723, "weapon_cooldown_ticks": 2}