{"ticks": 200.0, "objective_progress": 0.04, "objective_controller": 0.0, "max_ticks": 200, "n_agents": 30, "seed": 1052, "objective_radius": 9, "wall_prob": 0.06525267985605757, "cover_prob": 0.0833440057017014, "choke_prob": 0.025399506052867112, "stochasticity": 0.4439761122116298, "adaptation_rate": 0.1657387719943504, "weapon_cooldown_ticks": 2}