{"ticks": 200.0, "objective_progress": 0.0, "objective_controller": 0.0, "max_ticks": 200, "n_agents": 30, "seed": 1668, "objective_radius": 12, "wall_prob": 0.15235525883774179, "cover_prob": 0.11043013736339025, "choke_prob": 0.041811358347881966, "stochasticity": 0.09380048141737614, "adaptation_rate": 0.06899195583361911, "weapon_cooldown_ticks": 2}