{"ticks": 200.0, "objective_progress": 0.0, "objective_controller": 1.0, "max_ticks": 200, "n_agents": 30, "seed": 1577, "objective_radius": 11, "wall_prob": 0.2333614488181297, "cover_prob": 0.06629738876250289, "choke_prob": 0.03622361203446947, "stochasticity": 0.41100930642483563, "adaptation_rate": 0.12283770380923253, "weapon_cooldown_ticks": 2}