{"ticks": 200.0, "objective_progress": 0.0, "objective_controller": 1.0, "max_ticks": 200, "n_agents": 30, "seed": 1365, "objective_radius": 10, "wall_prob": 0.24808754896874768, "cover_prob": 0.14654177514365496, "choke_prob": 0.05740424694616565, "stochasticity": 0.3742893862784026, "adaptation_rate": 0.17417977773196883, "weapon_cooldown_ticks": 2}