{"ticks": 200.0, "objective_progress": 1.0, "objective_controller": 0.0, "max_ticks": 200, "n_agents": 30, "seed": 1217, "objective_radius": 8, "wall_prob": 0.2277456258488641, "cover_prob": 0.09885400515518, "choke_prob": 0.038632131584592694, "stochasticity": 0.12488238385033398, "adaptation_rate": 0.19153731905201032, "weapon_cooldown_ticks": 2}