{"ticks": 200.0, "objective_progress": 0.9199999999999999, "objective_controller": 1.0, "max_ticks": 200, "n_agents": 30, "seed": 1168, "objective_radius": 8, "wall_prob": 0.08859187981896044, "cover_prob": 0.0612610839962819, "choke_prob": 0.04858951345989128, "stochasticity": 0.1918295453160491, "adaptation_rate": 0.08577223343572031, "weapon_cooldown_ticks": 2}