{"ticks": 200.0, "objective_progress": 0.0, "objective_controller": 1.0, "max_ticks": 200, "n_agents": 30, "seed": 2391, "objective_radius": 7, "wall_prob": 0.173828125, "cover_prob": 0.0671875, "choke_prob": 0.039843750000000004, "stochasticity": 0.16015625, "adaptation_rate": 0.11093750000000001, "weapon_cooldown_ticks": 3}