{"ticks": 200.0, "objective_progress": 1.0, "objective_controller": 1.0, "max_ticks": 200, "n_agents": 30, "seed": 1759, "objective_radius": 5, "wall_prob": 0.019704497587113807, "cover_prob": 0.128860364388962, "choke_prob": 0.06308240012355558, "stochasticity": 0.2249388307825329, "adaptation_rate": 0.09391713653956507, "weapon_cooldown_ticks": 2}