{"ticks": 200.0, "objective_progress": 0.379999999999999, "objective_controller": 1.0, "max_ticks": 200, "n_agents": 30, "seed": 1828, "objective_radius": 10, "wall_prob": 0.09744665150287932, "cover_prob": 0.04498897921637491, "choke_prob": 0.07715880133407349, "stochasticity": 0.07304389106927592, "adaptation_rate": 0.14421470687766844, "weapon_cooldown_ticks": 1}