{"ticks": 200.0, "objective_progress": 0.0, "objective_controller": 1.0, "max_ticks": 200, "n_agents": 30, "seed": 1202, "objective_radius": 10, "wall_prob": 0.10714247115571213, "cover_prob": 0.03476676028245303, "choke_prob": 0.016693919666355275, "stochasticity": 0.040973063917420754, "adaptation_rate": 0.19485522814083428, "weapon_cooldown_ticks": 2}