{"ticks": 200.0, "objective_progress": 0.0, "objective_controller": 0.0, "max_ticks": 200, "n_agents": 30, "seed": 2440, "objective_radius": 5, "wall_prob": 0.056640625, "cover_prob": 0.045312500000000006, "choke_prob": 0.055468750000000004, "stochasticity": 0.32421875, "adaptation_rate": 0.1390625, "weapon_cooldown_ticks": 3}