{"ticks": 200.0, "objective_progress": 1.0, "objective_controller": 1.0, "max_ticks": 200, "n_agents": 30, "seed": 1404, "objective_radius": 12, "wall_prob": 0.166037700455774, "cover_prob": 0.09751222650051977, "choke_prob": 0.06401541442283946, "stochasticity": 0.03069306140505572, "adaptation_rate": 0.11384032751517015, "weapon_cooldown_ticks": 2}