{"ticks": 200.0, "objective_progress": 0.0, "objective_controller": 0.0, "max_ticks": 200, "n_agents": 30, "seed": 2392, "objective_radius": 7, "wall_prob": 0.173828125, "cover_prob": 0.0671875, "choke_prob": 0.09140625000000001, "stochasticity": 0.30859375, "adaptation_rate": 0.11093750000000001, "weapon_cooldown_ticks": 3}