{"ticks": 200.0, "objective_progress": 1.0, "objective_controller": 1.0, "max_ticks": 200, "n_agents": 30, "seed": 1165, "objective_radius": 5, "wall_prob": 0.24944137203874683, "cover_prob": 0.16597654836718645, "choke_prob": 0.03003456956626782, "stochasticity": 0.26126073059711724, "adaptation_rate": 0.12808197423868936, "weapon_cooldown_ticks": 2}