{"ticks": 200.0, "objective_progress": 1.0, "objective_controller": 0.0, "max_ticks": 200, "n_agents": 30, "seed": 1590, "objective_radius": 5, "wall_prob": 0.18342111163902267, "cover_prob": 0.035269918162931915, "choke_prob": 0.02815637831986949, "stochasticity": 0.10489654817231953, "adaptation_rate": 0.13710596729146515, "weapon_cooldown_ticks": 2}