{"ticks": 200.0, "objective_progress": 0.05999999999999958, "objective_controller": 0.0, "max_ticks": 200, "n_agents": 30, "seed": 1738, "objective_radius": 5, "wall_prob": 0.06126784114970478, "cover_prob": 0.14232625108100938, "choke_prob": 0.08594261516102689, "stochasticity": 0.08364500039172934, "adaptation_rate": 0.10831634272312765, "weapon_cooldown_ticks": 2}