{"ticks": 200.0, "objective_progress": 0.0, "objective_controller": 1.0, "max_ticks": 200, "n_agents": 30, "seed": 1463, "objective_radius": 9, "wall_prob": 0.1864739880007728, "cover_prob": 0.10590810492473149, "choke_prob": 0.021580718907511037, "stochasticity": 0.2083625022123468, "adaptation_rate": 0.19301981810587182, "weapon_cooldown_ticks": 3}