{"ticks": 200.0, "objective_progress": 0.0, "objective_controller": 0.0, "max_ticks": 200, "n_agents": 30, "seed": 1403, "objective_radius": 11, "wall_prob": 0.17798927596920053, "cover_prob": 0.040113121984756854, "choke_prob": 0.04618459681155383, "stochasticity": 0.21468521457499787, "adaptation_rate": 0.0406973248829392, "weapon_cooldown_ticks": 2}