{"ticks": 200.0, "objective_progress": 0.0, "objective_controller": 0.0, "max_ticks": 200, "n_agents": 30, "seed": 1320, "objective_radius": 10, "wall_prob": 0.1472844251484907, "cover_prob": 0.1322278548309636, "choke_prob": 0.08468530665637182, "stochasticity": 0.4446196896776468, "adaptation_rate": 0.1338427399518252, "weapon_cooldown_ticks": 3}