{"ticks": 200.0, "objective_progress": 1.0, "objective_controller": 0.0, "max_ticks": 200, "n_agents": 30, "seed": 1602, "objective_radius": 6, "wall_prob": 0.06690031450790015, "cover_prob": 0.0048846332500583406, "choke_prob": 0.07702585655637573, "stochasticity": 0.12319011292495768, "adaptation_rate": 0.022799078791691473, "weapon_cooldown_ticks": 1}