{"ticks": 200.0, "objective_progress": 0.3399999999999988, "objective_controller": 0.0, "max_ticks": 200, "n_agents": 30, "seed": 2818, "objective_radius": 11, "wall_prob": 0.2314453125, "cover_prob": 0.09296875, "choke_prob": 0.015234375000000001, "stochasticity": 0.123046875, "adaptation_rate": 0.13046875, "weapon_cooldown_ticks": 2}