{"ticks": 200.0, "objective_progress": 0.29999999999999905, "objective_controller": 0.0, "max_ticks": 200, "n_agents": 30, "seed": 1102, "objective_radius": 10, "wall_prob": 0.14676334171001718, "cover_prob": 0.08250955608131832, "choke_prob": 0.060905580501836934, "stochasticity": 0.04144097918560681, "adaptation_rate": 0.10060218669909443, "weapon_cooldown_ticks": 1}