{"ticks": 200.0, "objective_progress": 0.0, "objective_controller": 1.0, "max_ticks": 200, "n_agents": 30, "seed": 2992, "objective_radius": 8, "wall_prob": 0.1337890625, "cover_prob": 0.047656250000000004, "choke_prob": 0.073046875, "stochasticity": 0.166015625, "adaptation_rate": 0.10234375000000001, "weapon_cooldown_ticks": 3}