{"ticks": 200.0, "objective_progress": 0.8999999999999999, "objective_controller": 1.0, "max_ticks": 200, "n_agents": 30, "seed": 3001, "objective_radius": 4, "wall_prob": 0.0087890625, "cover_prob": 0.14765625000000002, "choke_prob": 0.023046875, "stochasticity": 0.416015625, "adaptation_rate": 0.0023437500000000003, "weapon_cooldown_ticks": 2}