{"ticks": 200.0, "objective_progress": 1.0, "objective_controller": 0.0, "max_ticks": 200, "n_agents": 30, "seed": 1466, "objective_radius": 4, "wall_prob": 0.08481249683333249, "cover_prob": 0.18227873289620639, "choke_prob": 0.030217273103726502, "stochasticity": 0.38871169278938184, "adaptation_rate": 0.025870206344988024, "weapon_cooldown_ticks": 2}