{"ticks": 200.0, "objective_progress": 0.07999999999999999, "objective_controller": 0.0, "max_ticks": 200, "n_agents": 30, "seed": 1172, "objective_radius": 10, "wall_prob": 0.1024186733086189, "cover_prob": 0.03576540712700736, "choke_prob": 0.05216647878445271, "stochasticity": 0.011115939884817577, "adaptation_rate": 0.09979290577769499, "weapon_cooldown_ticks": 2}