{"ticks": 200.0, "objective_progress": 0.0, "objective_controller": -1.0, "max_ticks": 200, "n_agents": 30, "seed": 2952, "objective_radius": 10, "wall_prob": 0.1630859375, "cover_prob": 0.07265625, "choke_prob": 0.060546875, "stochasticity": 0.228515625, "adaptation_rate": 0.17734375000000002, "weapon_cooldown_ticks": 3}