{"ticks": 200.0, "objective_progress": 1.0, "objective_controller": 1.0, "max_ticks": 200, "n_agents": 30, "seed": 1228, "objective_radius": 3, "wall_prob": 0.11225836764816961, "cover_prob": 0.14159391748700864, "choke_prob": 0.06173601864994038, "stochasticity": 0.06964168480399616, "adaptation_rate": 0.12518985368834687, "weapon_cooldown_ticks": 1}