{"ticks": 200.0, "objective_progress": 0.0, "objective_controller": 0.0, "max_ticks": 200, "n_agents": 30, "seed": 2458, "objective_radius": 8, "wall_prob": 0.244140625, "cover_prob": 0.1953125, "choke_prob": 0.030468750000000003, "stochasticity": 0.19921875, "adaptation_rate": 0.18906250000000002, "weapon_cooldown_ticks": 2}