{"ticks": 200.0, "objective_progress": 1.0, "objective_controller": 0.0, "max_ticks": 200, "n_agents": 30, "seed": 2098, "objective_radius": 4, "wall_prob": 0.0419921875, "cover_prob": 0.05078125, "choke_prob": 0.080078125, "stochasticity": 0.212890625, "adaptation_rate": 0.07578125000000001, "weapon_cooldown_ticks": 2}