{"ticks": 200.0, "objective_progress": 1.0, "objective_controller": 0.0, "max_ticks": 200, "n_agents": 30, "seed": 1399, "objective_radius": 10, "wall_prob": 0.13544581622553545, "cover_prob": 0.1128758107406016, "choke_prob": 0.03452920898811351, "stochasticity": 0.4379192751284277, "adaptation_rate": 0.15011952847832685, "weapon_cooldown_ticks": 1}