{"ticks": 200.0, "objective_progress": 1.0, "objective_controller": 1.0, "max_ticks": 200, "n_agents": 30, "seed": 1703, "objective_radius": 3, "wall_prob": 0.24062575333454464, "cover_prob": 0.14985214743725983, "choke_prob": 0.021046704867370883, "stochasticity": 0.09001424015112389, "adaptation_rate": 0.038113823784444244, "weapon_cooldown_ticks": 2}