{"ticks": 200.0, "objective_progress": 1.0, "objective_controller": 1.0, "max_ticks": 200, "n_agents": 30, "seed": 2251, "objective_radius": 6, "wall_prob": 0.115234375, "cover_prob": 0.029687500000000002, "choke_prob": 0.01015625, "stochasticity": 0.00390625, "adaptation_rate": 0.1921875, "weapon_cooldown_ticks": 1}