{"ticks": 200.0, "objective_progress": 1.0, "objective_controller": 0.0, "max_ticks": 200, "n_agents": 30, "seed": 2861, "objective_radius": 3, "wall_prob": 0.1826171875, "cover_prob": 0.08828125, "choke_prob": 0.012109375, "stochasticity": 0.361328125, "adaptation_rate": 0.055468750000000004, "weapon_cooldown_ticks": 1}