{"ticks": 200.0, "objective_progress": 0.0, "objective_controller": 1.0, "max_ticks": 200, "n_agents": 30, "seed": 2744, "objective_radius": 11, "wall_prob": 0.0107421875, "cover_prob": 0.12578125, "choke_prob": 0.005859375, "stochasticity": 0.392578125, "adaptation_rate": 0.06796875000000001, "weapon_cooldown_ticks": 2}