{"ticks": 200.0, "objective_progress": 0.5599999999999999, "objective_controller": 1.0, "max_ticks": 200, "n_agents": 30, "seed": 1041, "objective_radius": 3, "wall_prob": 0.021051713451554332, "cover_prob": 0.19479804691980573, "choke_prob": 0.03040262999093713, "stochasticity": 0.00896936495257525, "adaptation_rate": 0.018266630371575276, "weapon_cooldown_ticks": 3}