{"ticks": 200.0, "objective_progress": 1.0, "objective_controller": 1.0, "max_ticks": 200, "n_agents": 30, "seed": 2548, "objective_radius": 6, "wall_prob": 0.041015625, "cover_prob": 0.15781250000000002, "choke_prob": 0.08671875000000001, "stochasticity": 0.41796875, "adaptation_rate": 0.026562500000000003, "weapon_cooldown_ticks": 2}