{"ticks": 200.0, "objective_progress": 0.7799999999999998, "objective_controller": 0.0, "max_ticks": 200, "n_agents": 30, "seed": 1198, "objective_radius": 12, "wall_prob": 0.21527584092901977, "cover_prob": 0.11298823027930337, "choke_prob": 0.0783588648842633, "stochasticity": 0.058772691024359294, "adaptation_rate": 0.07370375815489186, "weapon_cooldown_ticks": 1}