{"ticks": 200.0, "objective_progress": 0.0, "objective_controller": 1.0, "max_ticks": 200, "n_agents": 30, "seed": 1387, "objective_radius": 11, "wall_prob": 0.21804484836421428, "cover_prob": 0.08635574682331663, "choke_prob": 0.09058183001114917, "stochasticity": 0.27827190201600555, "adaptation_rate": 0.10871541591181795, "weapon_cooldown_ticks": 3}