{"ticks": 200.0, "objective_progress": 1.0, "objective_controller": 0.0, "max_ticks": 200, "n_agents": 30, "seed": 1851, "objective_radius": 5, "wall_prob": 0.1998622029240192, "cover_prob": 0.013795879446661075, "choke_prob": 0.02809548191491387, "stochasticity": 0.14962221284407165, "adaptation_rate": 0.12043169643807157, "weapon_cooldown_ticks": 1}