{"ticks": 200.0, "objective_progress": 0.0, "objective_controller": 1.0, "max_ticks": 200, "n_agents": 30, "seed": 1695, "objective_radius": 12, "wall_prob": 0.23604473525133124, "cover_prob": 0.021688923571904144, "choke_prob": 0.04475336984450649, "stochasticity": 0.1567652155761983, "adaptation_rate": 0.03053111898626895, "weapon_cooldown_ticks": 2}