{"ticks": 200.0, "objective_progress": 0.10000000000000009, "objective_controller": 1.0, "max_ticks": 200, "n_agents": 30, "seed": 2339, "objective_radius": 11, "wall_prob": 0.189453125, "cover_prob": 0.0546875, "choke_prob": 0.022656250000000003, "stochasticity": 0.19140625, "adaptation_rate": 0.1953125, "weapon_cooldown_ticks": 2}