{"ticks": 200.0, "objective_progress": 0.6999999999999998, "objective_controller": 1.0, "max_ticks": 200, "n_agents": 30, "seed": 1932, "objective_radius": 11, "wall_prob": 0.1808001523407789, "cover_prob": 0.11734736579807592, "choke_prob": 0.0256053972242777, "stochasticity": 0.4032225443795879, "adaptation_rate": 0.06393854868617514, "weapon_cooldown_ticks": 2}