{"ticks": 200.0, "objective_progress": 0.6199999999999999, "objective_controller": 0.0, "max_ticks": 200, "n_agents": 30, "seed": 2397, "objective_radius": 8, "wall_prob": 0.017578125, "cover_prob": 0.0421875, "choke_prob": 0.07890625000000001, "stochasticity": 0.22265625, "adaptation_rate": 0.1859375, "weapon_cooldown_ticks": 2}