{"ticks": 200.0, "objective_progress": 1.0, "objective_controller": 1.0, "max_ticks": 200, "n_agents": 30, "seed": 1972, "objective_radius": 7, "wall_prob": 0.1513102799967714, "cover_prob": 0.14887540494700066, "choke_prob": 0.017687366134406638, "stochasticity": 0.09058454447058138, "adaptation_rate": 0.09057876379817226, "weapon_cooldown_ticks": 2}