{"ticks": 200.0, "objective_progress": 0.0, "objective_controller": 0.0, "max_ticks": 200, "n_agents": 30, "seed": 1122, "objective_radius": 10, "wall_prob": 0.009087857905578409, "cover_prob": 0.0009220883497773896, "choke_prob": 0.020399782119484386, "stochasticity": 0.3940867241607257, "adaptation_rate": 0.10678135048810247, "weapon_cooldown_ticks": 2}