{"ticks": 200.0, "objective_progress": 0.0, "objective_controller": 1.0, "max_ticks": 200, "n_agents": 30, "seed": 1618, "objective_radius": 7, "wall_prob": 0.21372935809701463, "cover_prob": 0.060317865556437325, "choke_prob": 0.01786802979139322, "stochasticity": 0.2574473998276973, "adaptation_rate": 0.05176828879269636, "weapon_cooldown_ticks": 2}