{"ticks": 200.0, "objective_progress": 0.0, "objective_controller": 0.0, "max_ticks": 200, "n_agents": 30, "seed": 2010, "objective_radius": 11, "wall_prob": 0.1385378581433286, "cover_prob": 0.04378655571176508, "choke_prob": 0.018938177314405186, "stochasticity": 0.10302937267036535, "adaptation_rate": 0.15909972418898727, "weapon_cooldown_ticks": 2}