{"ticks": 200.0, "objective_progress": 0.039999999999999994, "objective_controller": 1.0, "max_ticks": 200, "n_agents": 30, "seed": 2048, "objective_radius": 11, "wall_prob": 0.130859375, "cover_prob": 0.0484375, "choke_prob": 0.07109375, "stochasticity": 0.13671875, "adaptation_rate": 0.1640625, "weapon_cooldown_ticks": 2}