{"ticks": 200.0, "objective_progress": 1.0, "objective_controller": 0.0, "max_ticks": 200, "n_agents": 30, "seed": 2575, "objective_radius": 4, "wall_prob": 0.2021484375, "cover_prob": 0.05390625, "choke_prob": 0.08164062500000001, "stochasticity": 0.033203125, "adaptation_rate": 0.07265625, "weapon_cooldown_ticks": 1}