{"ticks": 200.0, "objective_progress": 1.0, "objective_controller": 0.0, "max_ticks": 200, "n_agents": 30, "seed": 2944, "objective_radius": 6, "wall_prob": 0.1650390625, "cover_prob": 0.11484375000000001, "choke_prob": 0.060546875, "stochasticity": 0.193359375, "adaptation_rate": 0.04609375, "weapon_cooldown_ticks": 2}