{"ticks": 200.0, "objective_progress": 1.0, "objective_controller": 1.0, "max_ticks": 200, "n_agents": 30, "seed": 1076, "objective_radius": 3, "wall_prob": 0.04458219343352985, "cover_prob": 0.1299968514059581, "choke_prob": 0.02688890933375562, "stochasticity": 0.2424816605089825, "adaptation_rate": 0.015463181399694458, "weapon_cooldown_ticks": 2}