{"ticks": 200.0, "objective_progress": 0.0, "objective_controller": 0.0, "max_ticks": 200, "n_agents": 30, "seed": 1214, "objective_radius": 9, "wall_prob": 0.14343969876869692, "cover_prob": 0.0271166571815499, "choke_prob": 0.0047477560945389284, "stochasticity": 0.47805913880741213, "adaptation_rate": 0.021841716315854486, "weapon_cooldown_ticks": 3}