{"ticks": 200.0, "objective_progress": 0.7600000000000001, "objective_controller": 1.0, "max_ticks": 200, "n_agents": 30, "seed": 1009, "objective_radius": 5, "wall_prob": 0.246482465627421, "cover_prob": 0.13463022580999648, "choke_prob": 0.043238174169300786, "stochasticity": 0.30648270498051317, "adaptation_rate": 0.1763640535569761, "weapon_cooldown_ticks": 3}