{"ticks": 200.0, "objective_progress": 1.0, "objective_controller": 0.0, "max_ticks": 200, "n_agents": 30, "seed": 1147, "objective_radius": 7, "wall_prob": 0.24147836579788098, "cover_prob": 0.19227355204610463, "choke_prob": 0.07314631064673624, "stochasticity": 0.25851907796887347, "adaptation_rate": 0.04179976826224074, "weapon_cooldown_ticks": 1}