{"ticks": 200.0, "objective_progress": 0.38, "objective_controller": 0.0, "max_ticks": 200, "n_agents": 30, "seed": 1452, "objective_radius": 12, "wall_prob": 0.15978157106391222, "cover_prob": 0.05623087258407608, "choke_prob": 0.06787589309310907, "stochasticity": 0.0334501266040818, "adaptation_rate": 0.05644575201020219, "weapon_cooldown_ticks": 2}