{"ticks": 200.0, "objective_progress": 0.98, "objective_controller": 0.0, "max_ticks": 200, "n_agents": 30, "seed": 1557, "objective_radius": 6, "wall_prob": 0.1318268269952894, "cover_prob": 0.07943996791076757, "choke_prob": 0.06245188933210719, "stochasticity": 0.02162307368863766, "adaptation_rate": 0.04563302949228233, "weapon_cooldown_ticks": 2}