{"ticks": 200.0, "objective_progress": 0.24000000000000002, "objective_controller": 0.0, "max_ticks": 200, "n_agents": 30, "seed": 1865, "objective_radius": 4, "wall_prob": 0.09888272906074069, "cover_prob": 0.07010555864487207, "choke_prob": 0.03665795077717384, "stochasticity": 0.4572458779432992, "adaptation_rate": 0.03643554157110945, "weapon_cooldown_ticks": 2}