{"ticks": 200.0, "objective_progress": 0.6199999999999994, "objective_controller": 0.0, "max_ticks": 200, "n_agents": 30, "seed": 1416, "objective_radius": 5, "wall_prob": 0.018735224949547376, "cover_prob": 0.14208628999242742, "choke_prob": 0.08682996867696942, "stochasticity": 0.36460158744617643, "adaptation_rate": 0.010828504376008219, "weapon_cooldown_ticks": 2}