{"ticks": 200.0, "objective_progress": 0.12000000000000006, "objective_controller": 0.0, "max_ticks": 200, "n_agents": 30, "seed": 1411, "objective_radius": 8, "wall_prob": 0.24448268426772082, "cover_prob": 0.08586944484884418, "choke_prob": 0.07091629367696799, "stochasticity": 0.40666579696437327, "adaptation_rate": 0.19037339385560037, "weapon_cooldown_ticks": 2}