{"ticks": 200.0, "objective_progress": 0.0, "objective_controller": 1.0, "max_ticks": 200, "n_agents": 30, "seed": 1664, "objective_radius": 6, "wall_prob": 0.05116790944616264, "cover_prob": 0.11527642109775381, "choke_prob": 0.03644495724835716, "stochasticity": 0.02445046456461443, "adaptation_rate": 0.042135896498476766, "weapon_cooldown_ticks": 3}