{"ticks": 200.0, "objective_progress": 0.019999999999999827, "objective_controller": 1.0, "max_ticks": 200, "n_agents": 30, "seed": 2083, "objective_radius": 9, "wall_prob": 0.1044921875, "cover_prob": 0.04609375, "choke_prob": 0.075390625, "stochasticity": 0.482421875, "adaptation_rate": 0.09765625, "weapon_cooldown_ticks": 1}