{"ticks": 200.0, "objective_progress": 0.12, "objective_controller": 0.0, "max_ticks": 200, "n_agents": 30, "seed": 1793, "objective_radius": 7, "wall_prob": 0.23101175518892864, "cover_prob": 0.16770565991908742, "choke_prob": 0.0323549565972187, "stochasticity": 0.02790441805688806, "adaptation_rate": 0.04968894209256175, "weapon_cooldown_ticks": 2}