{"ticks": 200.0, "objective_progress": 0.21999999999999986, "objective_controller": 1.0, "max_ticks": 200, "n_agents": 30, "seed": 2249, "objective_radius": 7, "wall_prob": 0.1845703125, "cover_prob": 0.0023437500000000003, "choke_prob": 0.016015625000000002, "stochasticity": 0.248046875, "adaptation_rate": 0.057031250000000006, "weapon_cooldown_ticks": 3}