{"ticks": 200.0, "objective_progress": 0.0, "objective_controller": 1.0, "max_ticks": 200, "n_agents": 30, "seed": 1946, "objective_radius": 6, "wall_prob": 0.16583017209330822, "cover_prob": 0.15933270148809942, "choke_prob": 0.09437078400099856, "stochasticity": 0.4004598291682244, "adaptation_rate": 0.14748055252437728, "weapon_cooldown_ticks": 3}