{"ticks": 200.0, "objective_progress": 0.0, "objective_controller": 1.0, "max_ticks": 200, "n_agents": 30, "seed": 1509, "objective_radius": 9, "wall_prob": 0.18440835658680688, "cover_prob": 0.16613283686773517, "choke_prob": 0.04348818990961804, "stochasticity": 0.46634186408298595, "adaptation_rate": 0.07187925798487585, "weapon_cooldown_ticks": 3}