{"ticks": 200.0, "objective_progress": 0.8399999999999999, "objective_controller": 1.0, "max_ticks": 200, "n_agents": 30, "seed": 2972, "objective_radius": 6, "wall_prob": 0.0693359375, "cover_prob": 0.09765625, "choke_prob": 0.098046875, "stochasticity": 0.291015625, "adaptation_rate": 0.05234375, "weapon_cooldown_ticks": 2}