{"ticks": 200.0, "objective_progress": 1.0, "objective_controller": 1.0, "max_ticks": 200, "n_agents": 30, "seed": 1440, "objective_radius": 4, "wall_prob": 0.05041003135604019, "cover_prob": 0.044757152243777826, "choke_prob": 0.01296882805075652, "stochasticity": 0.31483254621835816, "adaptation_rate": 0.032483876649403255, "weapon_cooldown_ticks": 1}