{"ticks": 200.0, "objective_progress": 0.0, "objective_controller": 1.0, "max_ticks": 200, "n_agents": 30, "seed": 1007, "objective_radius": 12, "wall_prob": 0.06197588321451846, "cover_prob": 0.16008135984311486, "choke_prob": 0.030502349493588224, "stochasticity": 0.29853171705474935, "adaptation_rate": 0.14239118854668056, "weapon_cooldown_ticks": 2}