{"ticks": 200.0, "objective_progress": 0.0, "objective_controller": 0.0, "max_ticks": 200, "n_agents": 30, "seed": 1614, "objective_radius": 11, "wall_prob": 0.22530727695510838, "cover_prob": 0.09420336751508081, "choke_prob": 0.07353308385340619, "stochasticity": 0.40458178362296293, "adaptation_rate": 0.1285844517285358, "weapon_cooldown_ticks": 2}