{"ticks": 200.0, "objective_progress": 1.0, "objective_controller": 1.0, "max_ticks": 200, "n_agents": 30, "seed": 1139, "objective_radius": 4, "wall_prob": 0.12204697325362525, "cover_prob": 0.004611220613315539, "choke_prob": 0.07580905142156114, "stochasticity": 0.05076975389079465, "adaptation_rate": 0.14941226320784187, "weapon_cooldown_ticks": 2}