{"ticks": 200.0, "objective_progress": 0.9199999999999999, "objective_controller": 1.0, "max_ticks": 200, "n_agents": 30, "seed": 1209, "objective_radius": 5, "wall_prob": 0.0693673457196847, "cover_prob": 0.06689550389770646, "choke_prob": 0.05771515990082317, "stochasticity": 0.23184945964908077, "adaptation_rate": 0.030885833305675292, "weapon_cooldown_ticks": 3}