{"ticks": 200.0, "objective_progress": 0.58, "objective_controller": 1.0, "max_ticks": 200, "n_agents": 30, "seed": 1264, "objective_radius": 9, "wall_prob": 0.03012025610826416, "cover_prob": 0.02832679349054032, "choke_prob": 0.0168986758697769, "stochasticity": 0.0738589152033197, "adaptation_rate": 0.04242594705301769, "weapon_cooldown_ticks": 2}