{"ticks": 200.0, "objective_progress": 0.06000000000000001, "objective_controller": 0.0, "max_ticks": 200, "n_agents": 30, "seed": 1492, "objective_radius": 9, "wall_prob": 0.16956956800298115, "cover_prob": 0.14759251372140186, "choke_prob": 0.04190680223657947, "stochasticity": 0.28140150589292867, "adaptation_rate": 0.17534725189857836, "weapon_cooldown_ticks": 2}