{"ticks": 200.0, "objective_progress": 1.0, "objective_controller": 0.0, "max_ticks": 200, "n_agents": 30, "seed": 1715, "objective_radius": 6, "wall_prob": 0.2449527618266295, "cover_prob": 0.10269300396743074, "choke_prob": 0.03391753958387662, "stochasticity": 0.39965697649487836, "adaptation_rate": 0.16168776811437344, "weapon_cooldown_ticks": 2}