{"ticks": 200.0, "objective_progress": 0.0, "objective_controller": 0.0, "max_ticks": 200, "n_agents": 30, "seed": 3037, "objective_radius": 6, "wall_prob": 0.0947265625, "cover_prob": 0.11640625, "choke_prob": 0.0011718750000000002, "stochasticity": 0.212890625, "adaptation_rate": 0.10859375, "weapon_cooldown_ticks": 3}