{"ticks": 200.0, "objective_progress": 1.0, "objective_controller": 0.0, "max_ticks": 200, "n_agents": 30, "seed": 1504, "objective_radius": 6, "wall_prob": 0.13240777916983584, "cover_prob": 0.08207610936910062, "choke_prob": 0.008496185768557896, "stochasticity": 0.1325751938231687, "adaptation_rate": 0.055863158312105414, "weapon_cooldown_ticks": 2}