{"ticks": 200.0, "objective_progress": 0.0, "objective_controller": 0.0, "max_ticks": 200, "n_agents": 30, "seed": 2076, "objective_radius": 5, "wall_prob": 0.052734375, "cover_prob": 0.026562500000000003, "choke_prob": 0.025781250000000002, "stochasticity": 0.10546875, "adaptation_rate": 0.026562500000000003, "weapon_cooldown_ticks": 3}