{"ticks": 200.0, "objective_progress": 0.84, "objective_controller": 0.0, "max_ticks": 200, "n_agents": 30, "seed": 1764, "objective_radius": 9, "wall_prob": 0.00513354258086443, "cover_prob": 0.014007679051776448, "choke_prob": 0.003420175789243868, "stochasticity": 0.1323011640490199, "adaptation_rate": 0.09255443648033802, "weapon_cooldown_ticks": 1}