{"ticks": 200.0, "objective_progress": 1.0, "objective_controller": 0.0, "max_ticks": 200, "n_agents": 30, "seed": 1224, "objective_radius": 3, "wall_prob": 0.20150103004030126, "cover_prob": 0.13383640920168602, "choke_prob": 0.03704419447132383, "stochasticity": 0.08531750148869599, "adaptation_rate": 0.10304745721419682, "weapon_cooldown_ticks": 2}