{"ticks": 200.0, "objective_progress": 0.0, "objective_controller": 0.0, "max_ticks": 200, "n_agents": 30, "seed": 1026, "objective_radius": 12, "wall_prob": 0.02965017354622838, "cover_prob": 0.10205837711263266, "choke_prob": 0.004630255088375864, "stochasticity": 0.17371956376819458, "adaptation_rate": 0.0900979908693054, "weapon_cooldown_ticks": 2}