{"ticks": 200.0, "objective_progress": 0.2599999999999995, "objective_controller": 1.0, "max_ticks": 200, "n_agents": 30, "seed": 2539, "objective_radius": 12, "wall_prob": 0.0458984375, "cover_prob": 0.17890625000000002, "choke_prob": 0.019140625, "stochasticity": 0.220703125, "adaptation_rate": 0.047656250000000004, "weapon_cooldown_ticks": 2}