{"ticks": 200.0, "objective_progress": 0.0, "objective_controller": 1.0, "max_ticks": 200, "n_agents": 30, "seed": 1384, "objective_radius": 9, "wall_prob": 0.21953591670938938, "cover_prob": 0.03628468015398366, "choke_prob": 0.07771227147845815, "stochasticity": 0.4580012179600412, "adaptation_rate": 0.1611535594996928, "weapon_cooldown_ticks": 3}