{"ticks": 200.0, "objective_progress": 0.0, "objective_controller": 1.0, "max_ticks": 200, "n_agents": 30, "seed": 2169, "objective_radius": 11, "wall_prob": 0.1064453125, "cover_prob": 0.08984375, "choke_prob": 0.08476562500000001, "stochasticity": 0.216796875, "adaptation_rate": 0.11640625, "weapon_cooldown_ticks": 1}