{"ticks": 200.0, "objective_progress": 0.0, "objective_controller": 0.0, "max_ticks": 200, "n_agents": 30, "seed": 1500, "objective_radius": 5, "wall_prob": 0.042991718132054116, "cover_prob": 0.02063117682766724, "choke_prob": 0.04055699009712735, "stochasticity": 0.04311116756093038, "adaptation_rate": 0.07589590916956573, "weapon_cooldown_ticks": 3}