{"ticks": 200.0, "objective_progress": 0.0, "objective_controller": 0.0, "max_ticks": 200, "n_agents": 30, "seed": 1895, "objective_radius": 9, "wall_prob": 0.11048128475680337, "cover_prob": 0.04667533485501118, "choke_prob": 0.023008534667447574, "stochasticity": 0.27154057042131113, "adaptation_rate": 0.15973072053494303, "weapon_cooldown_ticks": 3}