{"ticks": 200.0, "objective_progress": 1.0, "objective_controller": 0.0, "max_ticks": 200, "n_agents": 30, "seed": 1696, "objective_radius": 9, "wall_prob": 0.19692092810968453, "cover_prob": 0.019203609894125093, "choke_prob": 0.039760316390403234, "stochasticity": 0.01968588431092924, "adaptation_rate": 0.0034561716148543923, "weapon_cooldown_ticks": 1}