{"ticks": 200.0, "objective_progress": 1.0, "objective_controller": 1.0, "max_ticks": 200, "n_agents": 30, "seed": 1814, "objective_radius": 3, "wall_prob": 0.0315789973154846, "cover_prob": 0.08129934000758737, "choke_prob": 0.025116164395634067, "stochasticity": 0.36134818816862296, "adaptation_rate": 0.1298213788432395, "weapon_cooldown_ticks": 1}