{"ticks": 200.0, "objective_progress": 1.0, "objective_controller": 0.0, "max_ticks": 200, "n_agents": 30, "seed": 1432, "objective_radius": 3, "wall_prob": 0.08040191932062353, "cover_prob": 0.1124462144828885, "choke_prob": 0.015834054567919073, "stochasticity": 0.33866236593265775, "adaptation_rate": 0.08845139938539084, "weapon_cooldown_ticks": 2}