{"ticks": 200.0, "objective_progress": 1.0, "objective_controller": 0.0, "max_ticks": 200, "n_agents": 30, "seed": 1478, "objective_radius": 5, "wall_prob": 0.20298114857325023, "cover_prob": 0.17184528065460122, "choke_prob": 0.02880381488139576, "stochasticity": 0.373472718115602, "adaptation_rate": 0.04266317754179425, "weapon_cooldown_ticks": 1}