{"ticks": 200.0, "objective_progress": 0.8399999999999997, "objective_controller": 0.0, "max_ticks": 200, "n_agents": 30, "seed": 1561, "objective_radius": 8, "wall_prob": 0.20251284029051475, "cover_prob": 0.11876736948409489, "choke_prob": 0.012719594380053099, "stochasticity": 0.15495197806883937, "adaptation_rate": 0.1567838871490497, "weapon_cooldown_ticks": 2}