{"ticks": 200.0, "objective_progress": 0.0, "objective_controller": 1.0, "max_ticks": 200, "n_agents": 30, "seed": 1323, "objective_radius": 9, "wall_prob": 0.24353256185282374, "cover_prob": 0.15487351212632525, "choke_prob": 0.08082283232277974, "stochasticity": 0.12837027590193778, "adaptation_rate": 0.09898931915251667, "weapon_cooldown_ticks": 3}