{"ticks": 200.0, "objective_progress": 0.5399999999999996, "objective_controller": 1.0, "max_ticks": 200, "n_agents": 30, "seed": 2256, "objective_radius": 6, "wall_prob": 0.044921875, "cover_prob": 0.1953125, "choke_prob": 0.07265625, "stochasticity": 0.05859375, "adaptation_rate": 0.1953125, "weapon_cooldown_ticks": 1}