{"ticks": 200.0, "objective_progress": 1.0, "objective_controller": 0.0, "max_ticks": 200, "n_agents": 30, "seed": 1662, "objective_radius": 9, "wall_prob": 0.05417043478766435, "cover_prob": 0.12614808463505583, "choke_prob": 0.03968269914092315, "stochasticity": 0.4616054187112324, "adaptation_rate": 0.15863750501133722, "weapon_cooldown_ticks": 1}