{"ticks": 200.0, "objective_progress": 0.45999999999999996, "objective_controller": 1.0, "max_ticks": 200, "n_agents": 30, "seed": 3124, "objective_radius": 7, "wall_prob": 0.0478515625, "cover_prob": 0.02109375, "choke_prob": 0.038671875, "stochasticity": 0.208984375, "adaptation_rate": 0.18984375, "weapon_cooldown_ticks": 2}