{"ticks": 200.0, "objective_progress": 1.0, "objective_controller": 1.0, "max_ticks": 200, "n_agents": 30, "seed": 2395, "objective_radius": 4, "wall_prob": 0.236328125, "cover_prob": 0.0015625, "choke_prob": 0.039843750000000004, "stochasticity": 0.30859375, "adaptation_rate": 0.0328125, "weapon_cooldown_ticks": 2}