{"ticks": 200.0, "objective_progress": 0.0, "objective_controller": 0.0, "max_ticks": 200, "n_agents": 30, "seed": 2902, "objective_radius": 7, "wall_prob": 0.1806640625, "cover_prob": 0.11015625000000001, "choke_prob": 0.054296875, "stochasticity": 0.009765625, "adaptation_rate": 0.014843750000000001, "weapon_cooldown_ticks": 3}