{"ticks": 200.0, "objective_progress": 1.0, "objective_controller": 0.0, "max_ticks": 200, "n_agents": 30, "seed": 2845, "objective_radius": 5, "wall_prob": 0.0751953125, "cover_prob": 0.11796875000000001, "choke_prob": 0.052734375, "stochasticity": 0.060546875, "adaptation_rate": 0.0054687500000000005, "weapon_cooldown_ticks": 1}