{"ticks": 200.0, "objective_progress": 0.0, "objective_controller": 0.0, "max_ticks": 200, "n_agents": 30, "seed": 1427, "objective_radius": 9, "wall_prob": 0.06397195537013765, "cover_prob": 0.05926723592020257, "choke_prob": 0.049319104468512634, "stochasticity": 0.1545196091876161, "adaptation_rate": 0.002043360618062128, "weapon_cooldown_ticks": 3}