{"ticks": 200.0, "objective_progress": 0.1, "objective_controller": 0.0, "max_ticks": 200, "n_agents": 30, "seed": 1059, "objective_radius": 6, "wall_prob": 0.15639552008711993, "cover_prob": 0.18862105192831244, "choke_prob": 0.09732819470325076, "stochasticity": 0.31121074518203923, "adaptation_rate": 0.16773398444636833, "weapon_cooldown_ticks": 3}