{"ticks": 200.0, "objective_progress": 1.0, "objective_controller": 0.0, "max_ticks": 200, "n_agents": 30, "seed": 1996, "objective_radius": 4, "wall_prob": 0.11529110185734781, "cover_prob": 0.1777366504753271, "choke_prob": 0.04620462875962677, "stochasticity": 0.3824432122218555, "adaptation_rate": 0.09347096948608118, "weapon_cooldown_ticks": 2}