{"ticks": 200.0, "objective_progress": 1.0, "objective_controller": 0.0, "max_ticks": 200, "n_agents": 30, "seed": 1074, "objective_radius": 6, "wall_prob": 0.23747010886668146, "cover_prob": 0.14020698290831807, "choke_prob": 0.037944658759570156, "stochasticity": 0.20486771952352514, "adaptation_rate": 0.1779507568597286, "weapon_cooldown_ticks": 2}