{"ticks": 200.0, "objective_progress": 1.0, "objective_controller": 0.0, "max_ticks": 200, "n_agents": 30, "seed": 1611, "objective_radius": 9, "wall_prob": 0.12224808891049012, "cover_prob": 0.18453154044338976, "choke_prob": 0.012151023954477501, "stochasticity": 0.17320030204736842, "adaptation_rate": 0.1770149382009575, "weapon_cooldown_ticks": 1}