{"ticks": 200.0, "objective_progress": 0.06000000000000005, "objective_controller": 1.0, "max_ticks": 200, "n_agents": 30, "seed": 1795, "objective_radius": 6, "wall_prob": 0.178850687248198, "cover_prob": 0.10847516291131504, "choke_prob": 0.03766117100718105, "stochasticity": 0.4763793496227167, "adaptation_rate": 0.17569670452429303, "weapon_cooldown_ticks": 3}