{"ticks": 200.0, "objective_progress": 0.0, "objective_controller": 0.0, "max_ticks": 200, "n_agents": 30, "seed": 1161, "objective_radius": 5, "wall_prob": 0.0874480370853215, "cover_prob": 0.05894475880180672, "choke_prob": 0.017609206852813038, "stochasticity": 0.431981833718348, "adaptation_rate": 0.11800525344035358, "weapon_cooldown_ticks": 3}