{"ticks": 200.0, "objective_progress": 0.14000000000000004, "objective_controller": 1.0, "max_ticks": 200, "n_agents": 30, "seed": 1926, "objective_radius": 6, "wall_prob": 0.12517537461424263, "cover_prob": 0.017273554912855094, "choke_prob": 0.082306496852578, "stochasticity": 0.1039278257055331, "adaptation_rate": 0.09620981769801812, "weapon_cooldown_ticks": 2}