{"ticks": 200.0, "objective_progress": 0.7000000000000001, "objective_controller": 1.0, "max_ticks": 200, "n_agents": 30, "seed": 1460, "objective_radius": 4, "wall_prob": 0.11267303597081926, "cover_prob": 0.10011761248281965, "choke_prob": 0.056433218718217416, "stochasticity": 0.054471436217444394, "adaptation_rate": 0.15379140917348005, "weapon_cooldown_ticks": 2}