{"ticks": 200.0, "objective_progress": 1.0, "objective_controller": 0.0, "max_ticks": 200, "n_agents": 30, "seed": 2571, "objective_radius": 3, "wall_prob": 0.166015625, "cover_prob": 0.11093750000000001, "choke_prob": 0.06171875, "stochasticity": 0.23828125, "adaptation_rate": 0.0671875, "weapon_cooldown_ticks": 1}