{"ticks": 200.0, "objective_progress": 0.16, "objective_controller": 1.0, "max_ticks": 200, "n_agents": 30, "seed": 1220, "objective_radius": 7, "wall_prob": 0.14625642269684214, "cover_prob": 0.02901045445488434, "choke_prob": 0.017440606645769845, "stochasticity": 0.0283811243208763, "adaptation_rate": 0.15540305859473486, "weapon_cooldown_ticks": 2}