{"ticks": 200.0, "objective_progress": 0.0, "objective_controller": 0.0, "max_ticks": 200, "n_agents": 30, "seed": 2019, "objective_radius": 10, "wall_prob": 0.19446986834425914, "cover_prob": 0.027149319274667516, "choke_prob": 0.0431195420109858, "stochasticity": 0.3715533561389267, "adaptation_rate": 0.11618201374658771, "weapon_cooldown_ticks": 2}