{"ticks": 200.0, "objective_progress": 0.0, "objective_controller": 1.0, "max_ticks": 200, "n_agents": 30, "seed": 1084, "objective_radius": 11, "wall_prob": 0.22652934491351856, "cover_prob": 0.133067578809366, "choke_prob": 0.0568220482625949, "stochasticity": 0.3267306521307154, "adaptation_rate": 0.13601237324040097, "weapon_cooldown_ticks": 3}