{"ticks": 200.0, "objective_progress": 0.4599999999999995, "objective_controller": 1.0, "max_ticks": 200, "n_agents": 30, "seed": 1897, "objective_radius": 3, "wall_prob": 0.20317736119824975, "cover_prob": 0.1480000097814274, "choke_prob": 0.09009404786163747, "stochasticity": 0.19119759047518048, "adaptation_rate": 0.13913908473972383, "weapon_cooldown_ticks": 2}