{"ticks": 200.0, "objective_progress": 0.0, "objective_controller": 1.0, "max_ticks": 200, "n_agents": 30, "seed": 1780, "objective_radius": 9, "wall_prob": 0.06905092256860278, "cover_prob": 0.18121514742792014, "choke_prob": 0.035933910472752614, "stochasticity": 0.24633742559432567, "adaptation_rate": 0.08698128390648145, "weapon_cooldown_ticks": 1}