{"ticks": 200.0, "objective_progress": 0.5599999999999996, "objective_controller": 0.0, "max_ticks": 200, "n_agents": 30, "seed": 2075, "objective_radius": 5, "wall_prob": 0.0048828125, "cover_prob": 0.10078125, "choke_prob": 0.025390625, "stochasticity": 0.232421875, "adaptation_rate": 0.19765625, "weapon_cooldown_ticks": 2}