{"ticks": 200.0, "objective_progress": 1.0, "objective_controller": 0.0, "max_ticks": 200, "n_agents": 30, "seed": 1845, "objective_radius": 3, "wall_prob": 0.16393273904665778, "cover_prob": 0.03660871288224178, "choke_prob": 0.000658300838067484, "stochasticity": 0.28388196358619355, "adaptation_rate": 0.055380327103592024, "weapon_cooldown_ticks": 1}