{"ticks": 200.0, "objective_progress": 0.04, "objective_controller": 0.0, "max_ticks": 200, "n_agents": 30, "seed": 1488, "objective_radius": 6, "wall_prob": 0.17408890390062695, "cover_prob": 0.1952544857085815, "choke_prob": 0.07893645410508852, "stochasticity": 0.08054292931818628, "adaptation_rate": 0.007555300245127178, "weapon_cooldown_ticks": 3}