{"ticks": 200.0, "objective_progress": 0.6199999999999997, "objective_controller": 1.0, "max_ticks": 200, "n_agents": 30, "seed": 1194, "objective_radius": 6, "wall_prob": 0.23398626174197085, "cover_prob": 0.1312330729957624, "choke_prob": 0.02978301030482256, "stochasticity": 0.010416092322782525, "adaptation_rate": 0.11022009250210418, "weapon_cooldown_ticks": 3}