{"ticks": 200.0, "objective_progress": 0.6199999999999999, "objective_controller": 0.0, "max_ticks": 200, "n_agents": 30, "seed": 2449, "objective_radius": 10, "wall_prob": 0.0302734375, "cover_prob": 0.09140625000000001, "choke_prob": 0.025390625, "stochasticity": 0.314453125, "adaptation_rate": 0.11015625000000001, "weapon_cooldown_ticks": 1}