{"ticks": 200.0, "objective_progress": 0.42, "objective_controller": 0.0, "max_ticks": 200, "n_agents": 30, "seed": 2523, "objective_radius": 7, "wall_prob": 0.072265625, "cover_prob": 0.13593750000000002, "choke_prob": 0.07578125000000001, "stochasticity": 0.30078125, "adaptation_rate": 0.1921875, "weapon_cooldown_ticks": 3}