{"ticks": 200.0, "objective_progress": 0.5199999999999999, "objective_controller": 1.0, "max_ticks": 200, "n_agents": 30, "seed": 2000, "objective_radius": 7, "wall_prob": 0.06658639953771424, "cover_prob": 0.08430542733733783, "choke_prob": 0.08344823833744819, "stochasticity": 0.3759259926508479, "adaptation_rate": 0.16422805134398222, "weapon_cooldown_ticks": 2}