{"ticks": 200.0, "objective_progress": 0.98, "objective_controller": 0.0, "max_ticks": 200, "n_agents": 30, "seed": 1330, "objective_radius": 6, "wall_prob": 0.2473541387439428, "cover_prob": 0.1521723255693086, "choke_prob": 0.048052724139973996, "stochasticity": 0.13767136055961762, "adaptation_rate": 0.10374100903367943, "weapon_cooldown_ticks": 2}