{"ticks": 200.0, "objective_progress": 1.0, "objective_controller": 0.0, "max_ticks": 200, "n_agents": 30, "seed": 2005, "objective_radius": 4, "wall_prob": 0.07271166741949113, "cover_prob": 0.028191338996888828, "choke_prob": 0.014505041465158207, "stochasticity": 0.10865092596207743, "adaptation_rate": 0.075505592225781, "weapon_cooldown_ticks": 1}