{"ticks": 200.0, "objective_progress": 1.0, "objective_controller": 0.0, "max_ticks": 200, "n_agents": 30, "seed": 1686, "objective_radius": 3, "wall_prob": 0.2326360412058178, "cover_prob": 0.18993192131514558, "choke_prob": 0.06651364496985078, "stochasticity": 0.3852524300655819, "adaptation_rate": 0.15856560754216872, "weapon_cooldown_ticks": 3}