{"ticks": 200.0, "objective_progress": 0.0, "objective_controller": 0.0, "max_ticks": 200, "n_agents": 30, "seed": 1400, "objective_radius": 10, "wall_prob": 0.024311581539169642, "cover_prob": 0.1404692275309427, "choke_prob": 0.022399823432171794, "stochasticity": 0.3226738214063634, "adaptation_rate": 0.11004267724312156, "weapon_cooldown_ticks": 2}