{"ticks": 200.0, "objective_progress": 0.12000000000000006, "objective_controller": 0.0, "max_ticks": 200, "n_agents": 30, "seed": 1654, "objective_radius": 9, "wall_prob": 0.09668992560027077, "cover_prob": 0.009899327700969442, "choke_prob": 0.06069178315466981, "stochasticity": 0.12556912964030115, "adaptation_rate": 0.0633076501342875, "weapon_cooldown_ticks": 2}