{"ticks": 200.0, "objective_progress": 0.12, "objective_controller": 1.0, "max_ticks": 200, "n_agents": 30, "seed": 1548, "objective_radius": 11, "wall_prob": 0.08345640064137051, "cover_prob": 0.04642922108565456, "choke_prob": 0.04954555177088135, "stochasticity": 0.3505548563960897, "adaptation_rate": 0.15233933271999128, "weapon_cooldown_ticks": 2}