{"ticks": 200.0, "objective_progress": 0.1, "objective_controller": 0.0, "max_ticks": 200, "n_agents": 30, "seed": 3078, "objective_radius": 5, "wall_prob": 0.1708984375, "cover_prob": 0.041406250000000006, "choke_prob": 0.08867187500000001, "stochasticity": 0.025390625, "adaptation_rate": 0.13359375, "weapon_cooldown_ticks": 2}