{"ticks": 200.0, "objective_progress": 1.0, "objective_controller": 1.0, "max_ticks": 200, "n_agents": 30, "seed": 1811, "objective_radius": 4, "wall_prob": 0.12873297505311815, "cover_prob": 0.19688197447587633, "choke_prob": 0.044429995182788284, "stochasticity": 0.26359243056408305, "adaptation_rate": 0.04110535750119951, "weapon_cooldown_ticks": 1}