{"ticks": 200.0, "objective_progress": 0.4599999999999993, "objective_controller": 1.0, "max_ticks": 200, "n_agents": 30, "seed": 1398, "objective_radius": 5, "wall_prob": 0.0038641680024133975, "cover_prob": 0.1488142121017882, "choke_prob": 0.01346472630393143, "stochasticity": 0.4925743404533182, "adaptation_rate": 0.043618185657169295, "weapon_cooldown_ticks": 3}