{"ticks": 200.0, "objective_progress": 0.3599999999999999, "objective_controller": 0.0, "max_ticks": 200, "n_agents": 30, "seed": 2258, "objective_radius": 6, "wall_prob": 0.044921875, "cover_prob": 0.1953125, "choke_prob": 0.09296875, "stochasticity": 0.05859375, "adaptation_rate": 0.0671875, "weapon_cooldown_ticks": 1}