{"ticks": 200.0, "objective_progress": 0.8999999999999999, "objective_controller": 1.0, "max_ticks": 200, "n_agents": 30, "seed": 1183, "objective_radius": 7, "wall_prob": 0.08079295414227528, "cover_prob": 0.09972425569476187, "choke_prob": 0.07106745810060076, "stochasticity": 0.2598720632013874, "adaptation_rate": 0.0966550822173606, "weapon_cooldown_ticks": 1}