{"ticks": 200.0, "objective_progress": 0.0, "objective_controller": 1.0, "max_ticks": 200, "n_agents": 30, "seed": 1964, "objective_radius": 10, "wall_prob": 0.10632384575944787, "cover_prob": 0.03251473806088183, "choke_prob": 0.07231767487447067, "stochasticity": 0.49342158524777735, "adaptation_rate": 0.018570014293562996, "weapon_cooldown_ticks": 2}