{"ticks": 200.0, "objective_progress": 1.0, "objective_controller": 0.0, "max_ticks": 200, "n_agents": 30, "seed": 1038, "objective_radius": 7, "wall_prob": 0.008467428270139767, "cover_prob": 0.18135353292578402, "choke_prob": 0.0637433510803963, "stochasticity": 0.26040008423684724, "adaptation_rate": 0.1816995181563611, "weapon_cooldown_ticks": 2}