{"ticks": 200.0, "objective_progress": 0.8400000000000002, "objective_controller": 1.0, "max_ticks": 200, "n_agents": 30, "seed": 2154, "objective_radius": 7, "wall_prob": 0.154296875, "cover_prob": 0.0328125, "choke_prob": 0.09921875000000001, "stochasticity": 0.21484375, "adaptation_rate": 0.0078125, "weapon_cooldown_ticks": 2}