{"ticks": 200.0, "objective_progress": 1.0, "objective_controller": 0.0, "max_ticks": 200, "n_agents": 30, "seed": 2146, "objective_radius": 4, "wall_prob": 0.0966796875, "cover_prob": 0.039843750000000004, "choke_prob": 0.059765625, "stochasticity": 0.341796875, "adaptation_rate": 0.06640625, "weapon_cooldown_ticks": 2}