{"ticks": 200.0, "objective_progress": 0.0, "objective_controller": 1.0, "max_ticks": 200, "n_agents": 30, "seed": 1896, "objective_radius": 10, "wall_prob": 0.01640491814110339, "cover_prob": 0.05076789907005952, "choke_prob": 0.07135417531227181, "stochasticity": 0.0019318180647773697, "adaptation_rate": 0.13058293927926443, "weapon_cooldown_ticks": 3}