{"ticks": 200.0, "objective_progress": 0.0, "objective_controller": 1.0, "max_ticks": 200, "n_agents": 30, "seed": 1164, "objective_radius": 8, "wall_prob": 0.05299324498953565, "cover_prob": 0.062320179523361975, "choke_prob": 0.07889666786224966, "stochasticity": 0.2637440092785807, "adaptation_rate": 0.0756953330475757, "weapon_cooldown_ticks": 3}