{"ticks": 200.0, "objective_progress": 0.1800000000000001, "objective_controller": 0.0, "max_ticks": 200, "n_agents": 30, "seed": 1077, "objective_radius": 10, "wall_prob": 0.05494330706187033, "cover_prob": 0.12537656802352612, "choke_prob": 0.012529431220927015, "stochasticity": 0.3448677962393558, "adaptation_rate": 0.10951030645154641, "weapon_cooldown_ticks": 2}