{"ticks": 200.0, "objective_progress": 0.04, "objective_controller": 0.0, "max_ticks": 200, "n_agents": 30, "seed": 1830, "objective_radius": 10, "wall_prob": 0.13001580031889454, "cover_prob": 0.1493404859757982, "choke_prob": 0.07788276323888353, "stochasticity": 0.3863752164579757, "adaptation_rate": 0.19549498383440278, "weapon_cooldown_ticks": 2}