{"ticks": 200.0, "objective_progress": 0.19999999999999918, "objective_controller": 1.0, "max_ticks": 200, "n_agents": 30, "seed": 1208, "objective_radius": 8, "wall_prob": 0.01575468081980885, "cover_prob": 0.050828363559761884, "choke_prob": 0.016578130287320386, "stochasticity": 0.47478326375636365, "adaptation_rate": 0.18437445877496336, "weapon_cooldown_ticks": 1}