{"ticks": 200.0, "objective_progress": 1.0, "objective_controller": 1.0, "max_ticks": 200, "n_agents": 30, "seed": 2854, "objective_radius": 3, "wall_prob": 0.0126953125, "cover_prob": 0.16796875, "choke_prob": 0.07773437500000001, "stochasticity": 0.185546875, "adaptation_rate": 0.15546875000000002, "weapon_cooldown_ticks": 3}