{"ticks": 200.0, "objective_progress": 0.0, "objective_controller": 1.0, "max_ticks": 200, "n_agents": 30, "seed": 1574, "objective_radius": 10, "wall_prob": 0.09176631818918295, "cover_prob": 0.14138993818162587, "choke_prob": 0.06335783064917842, "stochasticity": 0.024280734192025723, "adaptation_rate": 0.14483839691898545, "weapon_cooldown_ticks": 1}