{"ticks": 200.0, "objective_progress": 0.0, "objective_controller": 1.0, "max_ticks": 200, "n_agents": 30, "seed": 2266, "objective_radius": 10, "wall_prob": 0.1533203125, "cover_prob": 0.17734375000000002, "choke_prob": 0.053515625000000004, "stochasticity": 0.072265625, "adaptation_rate": 0.12890625, "weapon_cooldown_ticks": 3}