{"ticks": 200.0, "objective_progress": 0.2599999999999999, "objective_controller": 1.0, "max_ticks": 200, "n_agents": 30, "seed": 3106, "objective_radius": 6, "wall_prob": 0.0166015625, "cover_prob": 0.09609375, "choke_prob": 0.026171875, "stochasticity": 0.396484375, "adaptation_rate": 0.16484375, "weapon_cooldown_ticks": 2}