{"ticks": 200.0, "objective_progress": 0.7400000000000001, "objective_controller": 0.0, "max_ticks": 200, "n_agents": 30, "seed": 1105, "objective_radius": 5, "wall_prob": 0.06383437678256244, "cover_prob": 0.12689713849156106, "choke_prob": 0.03543494898850972, "stochasticity": 0.21775202124728885, "adaptation_rate": 0.16139045443139488, "weapon_cooldown_ticks": 1}