{"ticks": 200.0, "objective_progress": 0.0, "objective_controller": 0.0, "max_ticks": 200, "n_agents": 30, "seed": 1635, "objective_radius": 10, "wall_prob": 0.24794465359378193, "cover_prob": 0.15770330702456267, "choke_prob": 0.09934533102364976, "stochasticity": 0.02287501634359286, "adaptation_rate": 0.16357947864562772, "weapon_cooldown_ticks": 3}