{"ticks": 200.0, "objective_progress": 1.0, "objective_controller": 0.0, "max_ticks": 200, "n_agents": 30, "seed": 1716, "objective_radius": 5, "wall_prob": 0.14315153632658584, "cover_prob": 0.13132044949579144, "choke_prob": 0.022907759184958958, "stochasticity": 0.2658682492929725, "adaptation_rate": 0.03802853898241973, "weapon_cooldown_ticks": 1}