{"ticks": 200.0, "objective_progress": 0.10000000000000012, "objective_controller": 0.0, "max_ticks": 200, "n_agents": 30, "seed": 2499, "objective_radius": 5, "wall_prob": 0.1962890625, "cover_prob": 0.18046875, "choke_prob": 0.037890625000000004, "stochasticity": 0.333984375, "adaptation_rate": 0.16953125000000002, "weapon_cooldown_ticks": 1}