{"ticks": 200.0, "objective_progress": 0.8999999999999998, "objective_controller": 0.0, "max_ticks": 200, "n_agents": 30, "seed": 1035, "objective_radius": 10, "wall_prob": 0.11349962059383643, "cover_prob": 0.1578427356093146, "choke_prob": 0.02550757468292918, "stochasticity": 0.055645397113898085, "adaptation_rate": 0.023333238065646213, "weapon_cooldown_ticks": 2}