{"ticks": 200.0, "objective_progress": 0.0, "objective_controller": 1.0, "max_ticks": 200, "n_agents": 30, "seed": 1153, "objective_radius": 10, "wall_prob": 0.032053553544651725, "cover_prob": 0.09045610816656378, "choke_prob": 0.004950257899933616, "stochasticity": 0.47517262172918306, "adaptation_rate": 0.09484428352697499, "weapon_cooldown_ticks": 3}