{"ticks": 200.0, "objective_progress": 0.0, "objective_controller": 1.0, "max_ticks": 200, "n_agents": 30, "seed": 1925, "objective_radius": 12, "wall_prob": 0.09438143770200277, "cover_prob": 0.011105405575024077, "choke_prob": 0.059691533876567004, "stochasticity": 0.20595169971681374, "adaptation_rate": 0.0678295944759536, "weapon_cooldown_ticks": 2}