{"ticks": 200.0, "objective_progress": 1.0, "objective_controller": 0.0, "max_ticks": 200, "n_agents": 30, "seed": 1688, "objective_radius": 6, "wall_prob": 0.13685041567065387, "cover_prob": 0.08522829518736107, "choke_prob": 0.09334377566639163, "stochasticity": 0.20407076810737837, "adaptation_rate": 0.15123528706714484, "weapon_cooldown_ticks": 2}