{"ticks": 200.0, "objective_progress": 0.6999999999999997, "objective_controller": 1.0, "max_ticks": 200, "n_agents": 30, "seed": 1063, "objective_radius": 4, "wall_prob": 0.02401296196453949, "cover_prob": 0.016553102495148454, "choke_prob": 0.0527699834525942, "stochasticity": 0.29980112661016595, "adaptation_rate": 0.03191613683880769, "weapon_cooldown_ticks": 2}