{"ticks": 200.0, "objective_progress": 0.7199999999999998, "objective_controller": 1.0, "max_ticks": 200, "n_agents": 30, "seed": 1109, "objective_radius": 10, "wall_prob": 0.04125796469035224, "cover_prob": 0.16165431979824668, "choke_prob": 0.06970806013344656, "stochasticity": 0.29158884898402365, "adaptation_rate": 0.051224710345173056, "weapon_cooldown_ticks": 1}