{"ticks": 200.0, "objective_progress": 1.0, "objective_controller": 0.0, "max_ticks": 200, "n_agents": 30, "seed": 1687, "objective_radius": 3, "wall_prob": 0.2253915072304777, "cover_prob": 0.012940071301129752, "choke_prob": 0.02387830293774588, "stochasticity": 0.3858815878847736, "adaptation_rate": 0.1361387842421876, "weapon_cooldown_ticks": 2}