{"ticks": 200.0, "objective_progress": 1.0, "objective_controller": 0.0, "max_ticks": 200, "n_agents": 30, "seed": 2875, "objective_radius": 8, "wall_prob": 0.2119140625, "cover_prob": 0.13515625, "choke_prob": 0.091796875, "stochasticity": 0.447265625, "adaptation_rate": 0.13984375000000002, "weapon_cooldown_ticks": 1}