{"ticks": 200.0, "objective_progress": 0.8999999999999999, "objective_controller": 1.0, "max_ticks": 200, "n_agents": 30, "seed": 2116, "objective_radius": 4, "wall_prob": 0.169921875, "cover_prob": 0.1859375, "choke_prob": 0.06328125, "stochasticity": 0.14453125, "adaptation_rate": 0.19843750000000002, "weapon_cooldown_ticks": 3}