{"ticks": 200.0, "objective_progress": 0.8399999999999999, "objective_controller": 1.0, "max_ticks": 200, "n_agents": 30, "seed": 2688, "objective_radius": 6, "wall_prob": 0.0029296875, "cover_prob": 0.15703125, "choke_prob": 0.012109375, "stochasticity": 0.345703125, "adaptation_rate": 0.13671875, "weapon_cooldown_ticks": 2}