{"ticks": 200.0, "objective_progress": 0.4399999999999993, "objective_controller": 1.0, "max_ticks": 200, "n_agents": 30, "seed": 1675, "objective_radius": 8, "wall_prob": 0.10034571055551504, "cover_prob": 0.00016050307898754474, "choke_prob": 0.08448054666304107, "stochasticity": 0.030764338587927858, "adaptation_rate": 0.1433402540917514, "weapon_cooldown_ticks": 2}