{"ticks": 200.0, "objective_progress": 1.0, "objective_controller": 0.0, "max_ticks": 200, "n_agents": 30, "seed": 1598, "objective_radius": 7, "wall_prob": 0.22099635436474707, "cover_prob": 0.04262382272270805, "choke_prob": 0.05926277428103885, "stochasticity": 0.14819175600114293, "adaptation_rate": 0.11952572444416497, "weapon_cooldown_ticks": 1}