{"ticks": 200.0, "objective_progress": 0.0, "objective_controller": 0.0, "max_ticks": 200, "n_agents": 30, "seed": 1963, "objective_radius": 9, "wall_prob": 0.2498397502814784, "cover_prob": 0.1873454147173835, "choke_prob": 0.083240498608768, "stochasticity": 0.2874497404773643, "adaptation_rate": 0.15814463187346506, "weapon_cooldown_ticks": 2}