{"ticks": 200.0, "objective_progress": 0.0, "objective_controller": 1.0, "max_ticks": 200, "n_agents": 30, "seed": 1072, "objective_radius": 11, "wall_prob": 0.1497233846268015, "cover_prob": 0.06741864249842536, "choke_prob": 0.07207340559888674, "stochasticity": 0.04472643146226835, "adaptation_rate": 0.11098800149771924, "weapon_cooldown_ticks": 3}