{"ticks": 200.0, "objective_progress": 1.0, "objective_controller": 1.0, "max_ticks": 200, "n_agents": 30, "seed": 1179, "objective_radius": 3, "wall_prob": 0.04747482180026226, "cover_prob": 0.05945552777414588, "choke_prob": 0.07937628100771264, "stochasticity": 0.3548113035984836, "adaptation_rate": 0.095431440537217, "weapon_cooldown_ticks": 2}