{"ticks": 200.0, "objective_progress": 0.9000000000000002, "objective_controller": 0.0, "max_ticks": 200, "n_agents": 30, "seed": 1556, "objective_radius": 5, "wall_prob": 0.19059041454337577, "cover_prob": 0.059835593304141135, "choke_prob": 0.0849135273680076, "stochasticity": 0.4430389980389206, "adaptation_rate": 0.09233619692468142, "weapon_cooldown_ticks": 2}