{"ticks": 200.0, "objective_progress": 0.0, "objective_controller": 0.0, "max_ticks": 200, "n_agents": 30, "seed": 1494, "objective_radius": 12, "wall_prob": 0.11823512228824457, "cover_prob": 0.05376646700050164, "choke_prob": 0.01591955037078582, "stochasticity": 0.13436457677936017, "adaptation_rate": 0.008840770300814076, "weapon_cooldown_ticks": 2}