{"ticks": 200.0, "objective_progress": 1.0, "objective_controller": 0.0, "max_ticks": 200, "n_agents": 30, "seed": 1288, "objective_radius": 5, "wall_prob": 0.046800349830802015, "cover_prob": 0.06832236602221613, "choke_prob": 0.08417423142713423, "stochasticity": 0.019453012172825974, "adaptation_rate": 0.059604323694252996, "weapon_cooldown_ticks": 1}