{"ticks": 200.0, "objective_progress": 1.0, "objective_controller": 0.0, "max_ticks": 200, "n_agents": 30, "seed": 1740, "objective_radius": 6, "wall_prob": 0.009577945933763734, "cover_prob": 0.13047987396774255, "choke_prob": 0.07487811245054536, "stochasticity": 0.39709712913012285, "adaptation_rate": 0.03152777665635614, "weapon_cooldown_ticks": 1}