{"ticks": 200.0, "objective_progress": 0.0, "objective_controller": 1.0, "max_ticks": 200, "n_agents": 30, "seed": 1850, "objective_radius": 11, "wall_prob": 0.03743060527864911, "cover_prob": 0.009322546208674598, "choke_prob": 0.04865726688818089, "stochasticity": 0.2338428997808303, "adaptation_rate": 0.16835291584681245, "weapon_cooldown_ticks": 2}