{"ticks": 200.0, "objective_progress": 0.0, "objective_controller": 1.0, "max_ticks": 200, "n_agents": 30, "seed": 2378, "objective_radius": 12, "wall_prob": 0.048828125, "cover_prob": 0.16718750000000002, "choke_prob": 0.041406250000000006, "stochasticity": 0.41015625, "adaptation_rate": 0.010937500000000001, "weapon_cooldown_ticks": 2}