{"ticks": 200.0, "objective_progress": 0.16, "objective_controller": 0.0, "max_ticks": 200, "n_agents": 30, "seed": 2098, "objective_radius": 3, "wall_prob": 0.138671875, "cover_prob": 0.11093750000000001, "choke_prob": 0.05078125, "stochasticity": 0.45703125, "adaptation_rate": 0.17343750000000002, "weapon_cooldown_ticks": 1}