{"ticks": 200.0, "objective_progress": 0.25999999999999973, "objective_controller": 1.0, "max_ticks": 200, "n_agents": 30, "seed": 1107, "objective_radius": 3, "wall_prob": 0.055933679548687235, "cover_prob": 0.13373390801746352, "choke_prob": 0.039135227182082614, "stochasticity": 0.17947599769187153, "adaptation_rate": 0.10411166774794436, "weapon_cooldown_ticks": 1}