{"ticks": 200.0, "objective_progress": 0.0, "objective_controller": 1.0, "max_ticks": 200, "n_agents": 30, "seed": 1171, "objective_radius": 11, "wall_prob": 0.045268370562389804, "cover_prob": 0.11905426068416025, "choke_prob": 0.09181386652082894, "stochasticity": 0.42181145870463177, "adaptation_rate": 0.14437305655143026, "weapon_cooldown_ticks": 2}