{"ticks": 200.0, "objective_progress": 0.039999999999999994, "objective_controller": 1.0, "max_ticks": 200, "n_agents": 30, "seed": 2368, "objective_radius": 6, "wall_prob": 0.0224609375, "cover_prob": 0.11015625000000001, "choke_prob": 0.041015625, "stochasticity": 0.173828125, "adaptation_rate": 0.06640625, "weapon_cooldown_ticks": 3}