{"ticks": 200.0, "objective_progress": 0.66, "objective_controller": 1.0, "max_ticks": 200, "n_agents": 30, "seed": 2899, "objective_radius": 11, "wall_prob": 0.0244140625, "cover_prob": 0.10234375000000001, "choke_prob": 0.041796875000000004, "stochasticity": 0.099609375, "adaptation_rate": 0.00859375, "weapon_cooldown_ticks": 2}