{"ticks": 200.0, "objective_progress": 0.3399999999999999, "objective_controller": 1.0, "max_ticks": 200, "n_agents": 30, "seed": 2719, "objective_radius": 6, "wall_prob": 0.2392578125, "cover_prob": 0.09921875000000001, "choke_prob": 0.037109375, "stochasticity": 0.357421875, "adaptation_rate": 0.18671875000000002, "weapon_cooldown_ticks": 3}