{"ticks": 200.0, "objective_progress": 0.4799999999999999, "objective_controller": 1.0, "max_ticks": 200, "n_agents": 30, "seed": 2015, "objective_radius": 4, "wall_prob": 0.2448231762355341, "cover_prob": 0.13028843947117216, "choke_prob": 0.03720076537355708, "stochasticity": 0.32125871614429236, "adaptation_rate": 0.1309137238038433, "weapon_cooldown_ticks": 2}