{"ticks": 200.0, "objective_progress": 1.0, "objective_controller": 0.0, "max_ticks": 200, "n_agents": 30, "seed": 1970, "objective_radius": 6, "wall_prob": 0.19312431621779208, "cover_prob": 0.029193213533509673, "choke_prob": 0.049211719776515506, "stochasticity": 0.3374321279881874, "adaptation_rate": 0.02113402153612714, "weapon_cooldown_ticks": 2}