{"ticks": 200.0, "objective_progress": 0.96, "objective_controller": 1.0, "max_ticks": 200, "n_agents": 30, "seed": 2304, "objective_radius": 8, "wall_prob": 0.1416015625, "cover_prob": 0.09921875000000001, "choke_prob": 0.023828125000000002, "stochasticity": 0.130859375, "adaptation_rate": 0.15078125, "weapon_cooldown_ticks": 2}