{"ticks": 200.0, "objective_progress": 0.49999999999999983, "objective_controller": 1.0, "max_ticks": 200, "n_agents": 30, "seed": 1595, "objective_radius": 8, "wall_prob": 0.1566478980474001, "cover_prob": 0.18939909885878378, "choke_prob": 0.04118987651958771, "stochasticity": 0.4079434311705527, "adaptation_rate": 0.017554125376165707, "weapon_cooldown_ticks": 3}