{"ticks": 200.0, "objective_progress": 0.0, "objective_controller": 0.0, "max_ticks": 200, "n_agents": 30, "seed": 3133, "objective_radius": 11, "wall_prob": 0.1728515625, "cover_prob": 0.12109375, "choke_prob": 0.08867187500000001, "stochasticity": 0.458984375, "adaptation_rate": 0.08984375, "weapon_cooldown_ticks": 3}