{"ticks": 200.0, "objective_progress": 0.0, "objective_controller": 0.0, "max_ticks": 200, "n_agents": 30, "seed": 2043, "objective_radius": 7, "wall_prob": 0.005859375, "cover_prob": 0.0890625, "choke_prob": 0.02109375, "stochasticity": 0.38671875, "adaptation_rate": 0.06406250000000001, "weapon_cooldown_ticks": 1}