{"ticks": 200.0, "objective_progress": 1.0, "objective_controller": 1.0, "max_ticks": 200, "n_agents": 30, "seed": 2482, "objective_radius": 12, "wall_prob": 0.1337890625, "cover_prob": 0.13046875, "choke_prob": 0.045703125000000004, "stochasticity": 0.376953125, "adaptation_rate": 0.01953125, "weapon_cooldown_ticks": 2}