{"ticks": 200.0, "objective_progress": 0.26, "objective_controller": 0.0, "max_ticks": 200, "n_agents": 30, "seed": 1708, "objective_radius": 9, "wall_prob": 0.17331882014395214, "cover_prob": 0.10634803037375724, "choke_prob": 0.014934333623364436, "stochasticity": 0.27422245921665184, "adaptation_rate": 0.15734766977531356, "weapon_cooldown_ticks": 2}