{"ticks": 200.0, "objective_progress": 1.0, "objective_controller": 0.0, "max_ticks": 200, "n_agents": 30, "seed": 1124, "objective_radius": 6, "wall_prob": 0.06585124866650707, "cover_prob": 0.17095182254069688, "choke_prob": 0.070755076293876, "stochasticity": 0.2968815077891303, "adaptation_rate": 0.14920171930084455, "weapon_cooldown_ticks": 2}