{"ticks": 200.0, "objective_progress": 1.0, "objective_controller": 1.0, "max_ticks": 200, "n_agents": 30, "seed": 1652, "objective_radius": 3, "wall_prob": 0.03493577864667842, "cover_prob": 0.19122978392300427, "choke_prob": 0.04901684692972962, "stochasticity": 0.17525464453882056, "adaptation_rate": 0.03445419750601079, "weapon_cooldown_ticks": 2}