{"ticks": 200.0, "objective_progress": 0.04, "objective_controller": 0.0, "max_ticks": 200, "n_agents": 30, "seed": 1090, "objective_radius": 10, "wall_prob": 0.16117360122383398, "cover_prob": 0.06270661123340092, "choke_prob": 0.08805983703389579, "stochasticity": 0.45228271303847123, "adaptation_rate": 0.05158169797624937, "weapon_cooldown_ticks": 2}