{"ticks": 200.0, "objective_progress": 0.4799999999999996, "objective_controller": 1.0, "max_ticks": 200, "n_agents": 30, "seed": 1114, "objective_radius": 8, "wall_prob": 0.09126693046870976, "cover_prob": 0.1905556820980241, "choke_prob": 0.07374820706621997, "stochasticity": 0.07601366319221792, "adaptation_rate": 0.09454278710943666, "weapon_cooldown_ticks": 2}