{"ticks": 200.0, "objective_progress": 0.4199999999999999, "objective_controller": 1.0, "max_ticks": 200, "n_agents": 30, "seed": 2515, "objective_radius": 9, "wall_prob": 0.2333984375, "cover_prob": 0.19296875000000002, "choke_prob": 0.08945312500000001, "stochasticity": 0.302734375, "adaptation_rate": 0.08203125, "weapon_cooldown_ticks": 2}