{"ticks": 200.0, "objective_progress": 0.0, "objective_controller": 0.0, "max_ticks": 200, "n_agents": 30, "seed": 1705, "objective_radius": 4, "wall_prob": 0.19910870070098555, "cover_prob": 0.18044442891008006, "choke_prob": 0.07794078687742965, "stochasticity": 0.2788320542890583, "adaptation_rate": 0.08464917848838727, "weapon_cooldown_ticks": 3}