{"ticks": 200.0, "objective_progress": 0.0, "objective_controller": 1.0, "max_ticks": 200, "n_agents": 30, "seed": 3088, "objective_radius": 8, "wall_prob": 0.2041015625, "cover_prob": 0.14609375, "choke_prob": 0.051171875000000006, "stochasticity": 0.021484375, "adaptation_rate": 0.11484375000000001, "weapon_cooldown_ticks": 3}