{"ticks": 200.0, "objective_progress": 0.36999999999999933, "objective_controller": 0.0, "max_ticks": 200, "n_agents": 30, "seed": 1255, "objective_radius": 5, "wall_prob": 0.04870010511366937, "cover_prob": 0.10122703279032311, "choke_prob": 0.06644590357423112, "stochasticity": 0.3808088075657698, "adaptation_rate": 0.14742983832504641, "weapon_cooldown_ticks": 1}