{"ticks": 200.0, "objective_progress": 0.0, "objective_controller": 0.0, "max_ticks": 200, "n_agents": 30, "seed": 2483, "objective_radius": 12, "wall_prob": 0.181640625, "cover_prob": 0.0484375, "choke_prob": 0.057031250000000006, "stochasticity": 0.08203125, "adaptation_rate": 0.06406250000000001, "weapon_cooldown_ticks": 1}