{"ticks": 200.0, "objective_progress": 0.06, "objective_controller": 1.0, "max_ticks": 200, "n_agents": 30, "seed": 1872, "objective_radius": 6, "wall_prob": 0.20968669207975504, "cover_prob": 0.16098441632132876, "choke_prob": 0.04285569831141329, "stochasticity": 0.09329192362711683, "adaptation_rate": 0.17978123990321693, "weapon_cooldown_ticks": 3}