{"ticks": 200.0, "objective_progress": 0.0, "objective_controller": 1.0, "max_ticks": 200, "n_agents": 30, "seed": 1025, "objective_radius": 10, "wall_prob": 0.24519009698034788, "cover_prob": 0.10273736654464312, "choke_prob": 0.06729706608156014, "stochasticity": 0.1999590297687483, "adaptation_rate": 0.1154762773569829, "weapon_cooldown_ticks": 3}