{"ticks": 200.0, "objective_progress": 1.0, "objective_controller": 0.0, "max_ticks": 200, "n_agents": 30, "seed": 2280, "objective_radius": 9, "wall_prob": 0.2158203125, "cover_prob": 0.12734375, "choke_prob": 0.078515625, "stochasticity": 0.060546875, "adaptation_rate": 0.07890625000000001, "weapon_cooldown_ticks": 2}