{"ticks": 200.0, "objective_progress": 0.11999999999999994, "objective_controller": 0.0, "max_ticks": 200, "n_agents": 30, "seed": 1496, "objective_radius": 12, "wall_prob": 0.07007946504534023, "cover_prob": 0.094099500195745, "choke_prob": 0.08203621122401263, "stochasticity": 0.4864215711420939, "adaptation_rate": 0.16465326651971474, "weapon_cooldown_ticks": 1}