{"ticks": 200.0, "objective_progress": 0.0, "objective_controller": 0.0, "max_ticks": 200, "n_agents": 30, "seed": 1279, "objective_radius": 10, "wall_prob": 0.1494212658471818, "cover_prob": 0.14813364399805395, "choke_prob": 0.0014860032782398416, "stochasticity": 0.29316439389952254, "adaptation_rate": 0.07982979027796669, "weapon_cooldown_ticks": 1}