{"ticks": 200.0, "objective_progress": 0.0, "objective_controller": 1.0, "max_ticks": 200, "n_agents": 30, "seed": 2557, "objective_radius": 11, "wall_prob": 0.0146484375, "cover_prob": 0.10390625, "choke_prob": 0.006640625000000001, "stochasticity": 0.408203125, "adaptation_rate": 0.022656250000000003, "weapon_cooldown_ticks": 2}