{"ticks": 200.0, "objective_progress": 0.98, "objective_controller": 0.0, "max_ticks": 200, "n_agents": 30, "seed": 2422, "objective_radius": 6, "wall_prob": 0.142578125, "cover_prob": 0.026562500000000003, "choke_prob": 0.0023437500000000003, "stochasticity": 0.24609375, "adaptation_rate": 0.15781250000000002, "weapon_cooldown_ticks": 2}