{"ticks": 200.0, "objective_progress": 0.0, "objective_controller": 0.0, "max_ticks": 200, "n_agents": 30, "seed": 1332, "objective_radius": 11, "wall_prob": 0.15958747034363105, "cover_prob": 0.15832767864374955, "choke_prob": 0.02822545780783893, "stochasticity": 0.2162652049184188, "adaptation_rate": 0.18160981921222488, "weapon_cooldown_ticks": 2}