{"ticks": 200.0, "objective_progress": 0.0, "objective_controller": 0.0, "max_ticks": 200, "n_agents": 30, "seed": 1464, "objective_radius": 5, "wall_prob": 0.23202429332170496, "cover_prob": 0.07171820280058816, "choke_prob": 0.06129878653007403, "stochasticity": 0.07039549345201383, "adaptation_rate": 0.19856192583726215, "weapon_cooldown_ticks": 2}