{"ticks": 200.0, "objective_progress": 0.0, "objective_controller": 1.0, "max_ticks": 200, "n_agents": 30, "seed": 2980, "objective_radius": 9, "wall_prob": 0.0712890625, "cover_prob": 0.039843750000000004, "choke_prob": 0.048046875, "stochasticity": 0.005859375, "adaptation_rate": 0.07109375, "weapon_cooldown_ticks": 3}