{"ticks": 200.0, "objective_progress": 1.0, "objective_controller": 0.0, "max_ticks": 200, "n_agents": 30, "seed": 1039, "objective_radius": 5, "wall_prob": 0.07097611923796364, "cover_prob": 0.1272198177865122, "choke_prob": 0.0896169289394915, "stochasticity": 0.4227644233011153, "adaptation_rate": 0.11428379884520708, "weapon_cooldown_ticks": 1}