{"ticks": 200.0, "objective_progress": 1.0, "objective_controller": 0.0, "max_ticks": 200, "n_agents": 30, "seed": 1692, "objective_radius": 4, "wall_prob": 0.04380368560281921, "cover_prob": 0.035633790104458586, "choke_prob": 0.026472083685123677, "stochasticity": 0.13585978549440303, "adaptation_rate": 0.10784813567274276, "weapon_cooldown_ticks": 1}