{"ticks": 200.0, "objective_progress": 1.0, "objective_controller": 0.0, "max_ticks": 200, "n_agents": 30, "seed": 1302, "objective_radius": 6, "wall_prob": 0.06347187877021711, "cover_prob": 0.061944413334525265, "choke_prob": 0.07829745459984129, "stochasticity": 0.13090528476831856, "adaptation_rate": 0.013464223907394888, "weapon_cooldown_ticks": 2}