{"ticks": 200.0, "objective_progress": 0.0, "objective_controller": 1.0, "max_ticks": 200, "n_agents": 30, "seed": 1961, "objective_radius": 12, "wall_prob": 0.13980263924975242, "cover_prob": 0.014383406465948068, "choke_prob": 0.08049714935059749, "stochasticity": 0.27680947738755446, "adaptation_rate": 0.061076640069847865, "weapon_cooldown_ticks": 3}