{"ticks": 200.0, "objective_progress": 1.0, "objective_controller": 0.0, "max_ticks": 200, "n_agents": 30, "seed": 1568, "objective_radius": 9, "wall_prob": 0.0016375657903103824, "cover_prob": 0.09736218888143681, "choke_prob": 0.0440875520028135, "stochasticity": 0.19045419074334594, "adaptation_rate": 0.19105886686605256, "weapon_cooldown_ticks": 1}