{"ticks": 200.0, "objective_progress": 1.0, "objective_controller": 0.0, "max_ticks": 200, "n_agents": 30, "seed": 1485, "objective_radius": 4, "wall_prob": 0.23025158664253906, "cover_prob": 0.04841324049708169, "choke_prob": 0.05194311826216885, "stochasticity": 0.33188842519881007, "adaptation_rate": 0.07740341637137473, "weapon_cooldown_ticks": 2}