{"ticks": 200.0, "objective_progress": 0.0, "objective_controller": 1.0, "max_ticks": 200, "n_agents": 30, "seed": 1375, "objective_radius": 9, "wall_prob": 0.008918910749774116, "cover_prob": 0.12969682542776903, "choke_prob": 0.045439712343866484, "stochasticity": 0.37511482378817534, "adaptation_rate": 0.032809045142504954, "weapon_cooldown_ticks": 2}