{"ticks": 200.0, "objective_progress": 0.0, "objective_controller": 0.0, "max_ticks": 200, "n_agents": 30, "seed": 1053, "objective_radius": 10, "wall_prob": 0.17298777859261824, "cover_prob": 0.026850648387639453, "choke_prob": 0.06310281063960697, "stochasticity": 0.33046288929659884, "adaptation_rate": 0.10757904459496695, "weapon_cooldown_ticks": 1}