{"ticks": 200.0, "objective_progress": 0.4799999999999999, "objective_controller": 1.0, "max_ticks": 200, "n_agents": 30, "seed": 2102, "objective_radius": 7, "wall_prob": 0.1923828125, "cover_prob": 0.15078125, "choke_prob": 0.050390625, "stochasticity": 0.107421875, "adaptation_rate": 0.14765625000000002, "weapon_cooldown_ticks": 2}