{"ticks": 200.0, "objective_progress": 0.4399999999999999, "objective_controller": 1.0, "max_ticks": 200, "n_agents": 30, "seed": 1565, "objective_radius": 8, "wall_prob": 0.167215875872814, "cover_prob": 0.1138360549585658, "choke_prob": 0.028537133191236935, "stochasticity": 0.3814774897351543, "adaptation_rate": 0.024504967422357526, "weapon_cooldown_ticks": 1}