{"ticks": 200.0, "objective_progress": 1.0, "objective_controller": 0.0, "max_ticks": 200, "n_agents": 30, "seed": 1131, "objective_radius": 7, "wall_prob": 0.2453925149470823, "cover_prob": 0.155153806181192, "choke_prob": 0.017195321490650003, "stochasticity": 0.03004584197691563, "adaptation_rate": 0.02422133145805512, "weapon_cooldown_ticks": 2}