{"ticks": 200.0, "objective_progress": 0.4599999999999992, "objective_controller": 1.0, "max_ticks": 200, "n_agents": 30, "seed": 1753, "objective_radius": 3, "wall_prob": 0.2335642927594931, "cover_prob": 0.13323295532732962, "choke_prob": 0.05158235068508249, "stochasticity": 0.3472276022620054, "adaptation_rate": 0.0960662969401973, "weapon_cooldown_ticks": 3}