{"ticks": 200.0, "objective_progress": 0.16, "objective_controller": 0.0, "max_ticks": 200, "n_agents": 30, "seed": 1945, "objective_radius": 6, "wall_prob": 0.1158153189757723, "cover_prob": 0.11227672174800661, "choke_prob": 0.01986686344091953, "stochasticity": 0.0155105076059099, "adaptation_rate": 0.0127641757773596, "weapon_cooldown_ticks": 1}