{"ticks": 200.0, "objective_progress": 1.0, "objective_controller": 0.0, "max_ticks": 200, "n_agents": 30, "seed": 1581, "objective_radius": 5, "wall_prob": 0.19507901548709317, "cover_prob": 0.02357993926310449, "choke_prob": 0.09407440119920371, "stochasticity": 0.17398570641084316, "adaptation_rate": 0.1995018224621618, "weapon_cooldown_ticks": 2}