{"ticks": 200.0, "objective_progress": 0.0, "objective_controller": 0.0, "max_ticks": 200, "n_agents": 30, "seed": 1219, "objective_radius": 11, "wall_prob": 0.19113182699615341, "cover_prob": 0.13884629532353096, "choke_prob": 0.054654206290927036, "stochasticity": 0.21556767338323252, "adaptation_rate": 0.06872603004723701, "weapon_cooldown_ticks": 1}