{"ticks": 200.0, "objective_progress": 0.0, "objective_controller": 1.0, "max_ticks": 200, "n_agents": 30, "seed": 2324, "objective_radius": 7, "wall_prob": 0.1103515625, "cover_prob": 0.07421875, "choke_prob": 0.036328125, "stochasticity": 0.318359375, "adaptation_rate": 0.07578125000000001, "weapon_cooldown_ticks": 2}