{"ticks": 200.0, "objective_progress": 0.08, "objective_controller": 1.0, "max_ticks": 200, "n_agents": 30, "seed": 1289, "objective_radius": 8, "wall_prob": 0.09347267638867836, "cover_prob": 0.0005686899646100014, "choke_prob": 0.03445455150560438, "stochasticity": 0.42622102093594794, "adaptation_rate": 0.027441387564720955, "weapon_cooldown_ticks": 1}