{"ticks": 200.0, "objective_progress": 0.0, "objective_controller": 0.0, "max_ticks": 200, "n_agents": 30, "seed": 1262, "objective_radius": 11, "wall_prob": 0.02072904913243113, "cover_prob": 0.017589351382103935, "choke_prob": 0.005372275607708612, "stochasticity": 0.48330785969472173, "adaptation_rate": 0.18551483436691318, "weapon_cooldown_ticks": 1}