{"ticks": 200.0, "objective_progress": 0.0, "objective_controller": 1.0, "max_ticks": 200, "n_agents": 30, "seed": 1230, "objective_radius": 9, "wall_prob": 0.1667199423566051, "cover_prob": 0.16114869848368218, "choke_prob": 0.07902456515058542, "stochasticity": 0.4476150640531279, "adaptation_rate": 0.18026546197536591, "weapon_cooldown_ticks": 3}