{"ticks": 200.0, "objective_progress": 0.7199999999999998, "objective_controller": 0.0, "max_ticks": 200, "n_agents": 30, "seed": 3110, "objective_radius": 6, "wall_prob": 0.1552734375, "cover_prob": 0.19609375, "choke_prob": 0.044921875, "stochasticity": 0.494140625, "adaptation_rate": 0.17109375000000002, "weapon_cooldown_ticks": 2}