{"ticks": 200.0, "objective_progress": 0.0, "objective_controller": 0.0, "max_ticks": 200, "n_agents": 30, "seed": 1037, "objective_radius": 6, "wall_prob": 0.1750862408094848, "cover_prob": 0.03939576038885684, "choke_prob": 0.008409720844194194, "stochasticity": 0.11576418963381575, "adaptation_rate": 0.16622991896981365, "weapon_cooldown_ticks": 3}