{"ticks": 200.0, "objective_progress": 0.0, "objective_controller": 0.0, "max_ticks": 200, "n_agents": 30, "seed": 3070, "objective_radius": 6, "wall_prob": 0.0009765625, "cover_prob": 0.10859375, "choke_prob": 0.0074218750000000005, "stochasticity": 0.365234375, "adaptation_rate": 0.05234375, "weapon_cooldown_ticks": 3}