{"ticks": 200.0, "objective_progress": 0.62, "objective_controller": 0.0, "max_ticks": 200, "n_agents": 30, "seed": 1339, "objective_radius": 7, "wall_prob": 0.11426001864252137, "cover_prob": 0.07146485574304894, "choke_prob": 0.029001833983999227, "stochasticity": 0.4321297321268667, "adaptation_rate": 0.07322487650136913, "weapon_cooldown_ticks": 2}