{"ticks": 200.0, "objective_progress": 1.0, "objective_controller": 0.0, "max_ticks": 200, "n_agents": 30, "seed": 1103, "objective_radius": 5, "wall_prob": 0.24099740769310424, "cover_prob": 0.02750687382100164, "choke_prob": 0.0023470744366682126, "stochasticity": 0.23790899437113533, "adaptation_rate": 0.017704400186535817, "weapon_cooldown_ticks": 2}