{"ticks": 200.0, "objective_progress": 0.7799999999999998, "objective_controller": 0.0, "max_ticks": 200, "n_agents": 30, "seed": 1587, "objective_radius": 6, "wall_prob": 0.1392643882918035, "cover_prob": 0.19894431871643245, "choke_prob": 0.03748105361057579, "stochasticity": 0.4042322852736699, "adaptation_rate": 0.11577980665837517, "weapon_cooldown_ticks": 2}