{"ticks": 200.0, "objective_progress": 0.94, "objective_controller": 0.0, "max_ticks": 200, "n_agents": 30, "seed": 1853, "objective_radius": 9, "wall_prob": 0.16239761246842938, "cover_prob": 0.04968868482165924, "choke_prob": 0.009649044921060952, "stochasticity": 0.17206451285064586, "adaptation_rate": 0.14342613828326264, "weapon_cooldown_ticks": 2}