{"ticks": 200.0, "objective_progress": 0.0, "objective_controller": 1.0, "max_ticks": 200, "n_agents": 30, "seed": 1401, "objective_radius": 8, "wall_prob": 0.026666182507660546, "cover_prob": 0.05002562784441275, "choke_prob": 0.03354925471916505, "stochasticity": 0.27222723756354805, "adaptation_rate": 0.15659296860494543, "weapon_cooldown_ticks": 3}