{"ticks": 200.0, "objective_progress": 0.3399999999999991, "objective_controller": 0.0, "max_ticks": 200, "n_agents": 30, "seed": 1789, "objective_radius": 6, "wall_prob": 0.07158301874082795, "cover_prob": 0.1112039084088712, "choke_prob": 0.033457950487660267, "stochasticity": 0.44962784686195895, "adaptation_rate": 0.05771344981864808, "weapon_cooldown_ticks": 2}