{"ticks": 200.0, "objective_progress": 1.0, "objective_controller": 1.0, "max_ticks": 200, "n_agents": 30, "seed": 1980, "objective_radius": 7, "wall_prob": 0.05273200398195827, "cover_prob": 0.08041586050815464, "choke_prob": 0.03153981916486349, "stochasticity": 0.11250163222965902, "adaptation_rate": 0.16964479292761264, "weapon_cooldown_ticks": 2}