{"ticks": 200.0, "objective_progress": 0.0, "objective_controller": 0.0, "max_ticks": 200, "n_agents": 30, "seed": 2153, "objective_radius": 8, "wall_prob": 0.1689453125, "cover_prob": 0.13984375000000002, "choke_prob": 0.009765625, "stochasticity": 0.091796875, "adaptation_rate": 0.16640625, "weapon_cooldown_ticks": 3}