{"ticks": 200.0, "objective_progress": 1.0, "objective_controller": 1.0, "max_ticks": 200, "n_agents": 30, "seed": 2502, "objective_radius": 5, "wall_prob": 0.244140625, "cover_prob": 0.09843750000000001, "choke_prob": 0.08203125, "stochasticity": 0.45703125, "adaptation_rate": 0.004687500000000001, "weapon_cooldown_ticks": 2}