{"ticks": 200.0, "objective_progress": 1.0, "objective_controller": 0.0, "max_ticks": 200, "n_agents": 30, "seed": 2314, "objective_radius": 6, "wall_prob": 0.0380859375, "cover_prob": 0.022656250000000003, "choke_prob": 0.009765625, "stochasticity": 0.267578125, "adaptation_rate": 0.17890625000000002, "weapon_cooldown_ticks": 2}