{"ticks": 200.0, "objective_progress": 0.0, "objective_controller": 0.0, "max_ticks": 200, "n_agents": 30, "seed": 2107, "objective_radius": 8, "wall_prob": 0.013671875, "cover_prob": 0.010937500000000001, "choke_prob": 0.00078125, "stochasticity": 0.20703125, "adaptation_rate": 0.0734375, "weapon_cooldown_ticks": 2}