{"ticks": 200.0, "objective_progress": 0.0, "objective_controller": 0.0, "max_ticks": 200, "n_agents": 30, "seed": 2555, "objective_radius": 10, "wall_prob": 0.2119140625, "cover_prob": 0.06796875000000001, "choke_prob": 0.001953125, "stochasticity": 0.490234375, "adaptation_rate": 0.022656250000000003, "weapon_cooldown_ticks": 1}