{"ticks": 200.0, "objective_progress": 0.0, "objective_controller": 1.0, "max_ticks": 200, "n_agents": 30, "seed": 1402, "objective_radius": 12, "wall_prob": 0.14553680228412624, "cover_prob": 0.15143247117554737, "choke_prob": 0.0306637304468788, "stochasticity": 0.06421200065881365, "adaptation_rate": 0.08405554471657796, "weapon_cooldown_ticks": 1}