{"ticks": 200.0, "objective_progress": 0.0, "objective_controller": 0.0, "max_ticks": 200, "n_agents": 30, "seed": 2661, "objective_radius": 9, "wall_prob": 0.2216796875, "cover_prob": 0.18203125, "choke_prob": 0.049609375000000004, "stochasticity": 0.158203125, "adaptation_rate": 0.01171875, "weapon_cooldown_ticks": 2}