{"ticks": 200.0, "objective_progress": 0.5199999999999999, "objective_controller": 0.0, "max_ticks": 200, "n_agents": 30, "seed": 2116, "objective_radius": 5, "wall_prob": 0.0107421875, "cover_prob": 0.025781250000000002, "choke_prob": 0.09257812500000001, "stochasticity": 0.400390625, "adaptation_rate": 0.05078125, "weapon_cooldown_ticks": 2}