{"ticks": 200.0, "objective_progress": 1.0, "objective_controller": 0.0, "max_ticks": 200, "n_agents": 30, "seed": 1866, "objective_radius": 5, "wall_prob": 0.24431959290638966, "cover_prob": 0.17863727560631512, "choke_prob": 0.09015016779804302, "stochasticity": 0.2532842597349522, "adaptation_rate": 0.009347328610858642, "weapon_cooldown_ticks": 1}