{"ticks": 200.0, "objective_progress": 0.0, "objective_controller": 1.0, "max_ticks": 200, "n_agents": 30, "seed": 1236, "objective_radius": 11, "wall_prob": 0.10320561387557015, "cover_prob": 0.0634684450066884, "choke_prob": 0.014407291966184635, "stochasticity": 0.4817301607247936, "adaptation_rate": 0.0764033515714434, "weapon_cooldown_ticks": 3}