{"ticks": 200.0, "objective_progress": 0.0, "objective_controller": 1.0, "max_ticks": 200, "n_agents": 30, "seed": 1328, "objective_radius": 9, "wall_prob": 0.12078174868462749, "cover_prob": 0.1540508420845709, "choke_prob": 0.02341049302735395, "stochasticity": 0.1363738618390608, "adaptation_rate": 0.19726858175342132, "weapon_cooldown_ticks": 3}