{"ticks": 200.0, "objective_progress": 1.0, "objective_controller": 0.0, "max_ticks": 200, "n_agents": 30, "seed": 2290, "objective_radius": 4, "wall_prob": 0.2255859375, "cover_prob": 0.19921875, "choke_prob": 0.07382812500000001, "stochasticity": 0.380859375, "adaptation_rate": 0.05078125, "weapon_cooldown_ticks": 1}