{"ticks": 200.0, "objective_progress": 0.08, "objective_controller": 0.0, "max_ticks": 200, "n_agents": 30, "seed": 1120, "objective_radius": 7, "wall_prob": 0.22591611993231728, "cover_prob": 0.10047730360822014, "choke_prob": 0.013283037020000672, "stochasticity": 0.25825381163885275, "adaptation_rate": 0.12259883177473474, "weapon_cooldown_ticks": 2}