{"ticks": 200.0, "objective_progress": 0.04, "objective_controller": 1.0, "max_ticks": 200, "n_agents": 30, "seed": 1514, "objective_radius": 12, "wall_prob": 0.18394705259156005, "cover_prob": 0.1557087354042861, "choke_prob": 0.06485600102113116, "stochasticity": 0.2686749662523984, "adaptation_rate": 0.11999689771602769, "weapon_cooldown_ticks": 2}