{"ticks": 200.0, "objective_progress": 0.0, "objective_controller": 1.0, "max_ticks": 200, "n_agents": 30, "seed": 2519, "objective_radius": 9, "wall_prob": 0.134765625, "cover_prob": 0.0859375, "choke_prob": 0.00078125, "stochasticity": 0.42578125, "adaptation_rate": 0.15156250000000002, "weapon_cooldown_ticks": 1}