{"ticks": 200.0, "objective_progress": 0.0, "objective_controller": 1.0, "max_ticks": 200, "n_agents": 30, "seed": 1954, "objective_radius": 11, "wall_prob": 0.1623509429978471, "cover_prob": 0.19195347070591925, "choke_prob": 0.06210554753900023, "stochasticity": 0.2134848522469292, "adaptation_rate": 0.17341371651897233, "weapon_cooldown_ticks": 1}