{"ticks": 200.0, "objective_progress": 0.6, "objective_controller": 1.0, "max_ticks": 200, "n_agents": 30, "seed": 1757, "objective_radius": 3, "wall_prob": 0.013626032084274249, "cover_prob": 0.17832676420877325, "choke_prob": 0.008606042705511904, "stochasticity": 0.329376074697161, "adaptation_rate": 0.10044638626607703, "weapon_cooldown_ticks": 1}