{"ticks": 200.0, "objective_progress": 0.0, "objective_controller": 1.0, "max_ticks": 200, "n_agents": 30, "seed": 1786, "objective_radius": 11, "wall_prob": 0.13482847368206752, "cover_prob": 0.13187286057430853, "choke_prob": 0.008358018224362372, "stochasticity": 0.25139018626575127, "adaptation_rate": 0.03295685021921447, "weapon_cooldown_ticks": 3}