{"ticks": 200.0, "objective_progress": 0.8799999999999999, "objective_controller": 1.0, "max_ticks": 200, "n_agents": 30, "seed": 1706, "objective_radius": 7, "wall_prob": 0.0572044980814222, "cover_prob": 0.015338661756837344, "choke_prob": 0.035564223372615236, "stochasticity": 0.07356880995191094, "adaptation_rate": 0.19200098365157048, "weapon_cooldown_ticks": 2}