{"ticks": 200.0, "objective_progress": 0.4399999999999995, "objective_controller": 1.0, "max_ticks": 200, "n_agents": 30, "seed": 1519, "objective_radius": 6, "wall_prob": 0.0674237031981044, "cover_prob": 0.1621683534611683, "choke_prob": 0.09001331852006449, "stochasticity": 0.24040890095788198, "adaptation_rate": 0.00902125380566947, "weapon_cooldown_ticks": 2}