{"ticks": 200.0, "objective_progress": 1.0, "objective_controller": 0.0, "max_ticks": 200, "n_agents": 30, "seed": 1019, "objective_radius": 3, "wall_prob": 0.1139248681762045, "cover_prob": 0.12666746441727153, "choke_prob": 0.04987096605249974, "stochasticity": 0.3979414663785202, "adaptation_rate": 0.18203615838222326, "weapon_cooldown_ticks": 2}