{"ticks": 200.0, "objective_progress": 0.0, "objective_controller": 0.0, "max_ticks": 200, "n_agents": 30, "seed": 1545, "objective_radius": 6, "wall_prob": 0.10674506585277539, "cover_prob": 0.17955097341889215, "choke_prob": 0.05168518020577545, "stochasticity": 0.40559908405746803, "adaptation_rate": 0.1786992193623864, "weapon_cooldown_ticks": 3}