{"ticks": 200.0, "objective_progress": 0.0, "objective_controller": 1.0, "max_ticks": 200, "n_agents": 30, "seed": 1018, "objective_radius": 6, "wall_prob": 0.07453267829204573, "cover_prob": 0.09530080216670209, "choke_prob": 0.0599147994231234, "stochasticity": 0.44840607282881384, "adaptation_rate": 0.16184193366188612, "weapon_cooldown_ticks": 3}