{"ticks": 200.0, "objective_progress": 1.0, "objective_controller": 0.0, "max_ticks": 200, "n_agents": 30, "seed": 1163, "objective_radius": 4, "wall_prob": 0.19310577678897248, "cover_prob": 0.0744185802164294, "choke_prob": 0.035297908023990736, "stochasticity": 0.32354532632887995, "adaptation_rate": 0.13573174199670238, "weapon_cooldown_ticks": 1}