{"ticks": 200.0, "objective_progress": 0.0, "objective_controller": 0.0, "max_ticks": 200, "n_agents": 30, "seed": 2247, "objective_radius": 7, "wall_prob": 0.1845703125, "cover_prob": 0.0023437500000000003, "choke_prob": 0.033203125, "stochasticity": 0.248046875, "adaptation_rate": 0.05390625, "weapon_cooldown_ticks": 3}