{"ticks": 200.0, "objective_progress": 0.62, "objective_controller": 0.0, "max_ticks": 200, "n_agents": 30, "seed": 2006, "objective_radius": 7, "wall_prob": 0.10894631595833675, "cover_prob": 0.15056754251117466, "choke_prob": 0.08917232970060039, "stochasticity": 0.06189818934568263, "adaptation_rate": 0.011767173638320806, "weapon_cooldown_ticks": 2}