{"ticks": 200.0, "objective_progress": 0.07999999999999997, "objective_controller": 0.0, "max_ticks": 200, "n_agents": 30, "seed": 2185, "objective_radius": 7, "wall_prob": 0.0751953125, "cover_prob": 0.11484375000000001, "choke_prob": 0.047265625000000006, "stochasticity": 0.353515625, "adaptation_rate": 0.09140625000000001, "weapon_cooldown_ticks": 1}