{"ticks": 200.0, "objective_progress": 0.0, "objective_controller": 0.0, "max_ticks": 200, "n_agents": 30, "seed": 1095, "objective_radius": 10, "wall_prob": 0.028005118291988804, "cover_prob": 0.054609981079628195, "choke_prob": 0.04049582713112604, "stochasticity": 0.3314827025961785, "adaptation_rate": 0.1060356468714254, "weapon_cooldown_ticks": 2}