{"ticks": 200.0, "objective_progress": 0.68, "objective_controller": 1.0, "max_ticks": 200, "n_agents": 30, "seed": 1525, "objective_radius": 4, "wall_prob": 0.00018180967451102918, "cover_prob": 0.011325327704754777, "choke_prob": 0.036327183653113035, "stochasticity": 0.022045175620343468, "adaptation_rate": 0.1747266582032687, "weapon_cooldown_ticks": 2}