{"ticks": 200.0, "objective_progress": 1.0, "objective_controller": 1.0, "max_ticks": 200, "n_agents": 30, "seed": 1212, "objective_radius": 4, "wall_prob": 0.040363714274926916, "cover_prob": 0.013474517598148423, "choke_prob": 0.007464010169189153, "stochasticity": 0.08398713038663198, "adaptation_rate": 0.007359866108490984, "weapon_cooldown_ticks": 2}