{"ticks": 200.0, "objective_progress": 0.7799999999999998, "objective_controller": 0.0, "max_ticks": 200, "n_agents": 30, "seed": 1482, "objective_radius": 8, "wall_prob": 0.09572914279882573, "cover_prob": 0.15860443663930895, "choke_prob": 0.014056000775492414, "stochasticity": 0.11150400733518316, "adaptation_rate": 0.1421650445222686, "weapon_cooldown_ticks": 2}