{"ticks": 200.0, "objective_progress": 0.04, "objective_controller": 1.0, "max_ticks": 200, "n_agents": 30, "seed": 1325, "objective_radius": 6, "wall_prob": 0.18662229953974346, "cover_prob": 0.17902275783556706, "choke_prob": 0.08015500010548873, "stochasticity": 0.395916182704871, "adaptation_rate": 0.01910723979451947, "weapon_cooldown_ticks": 3}