{"ticks": 200.0, "objective_progress": 0.96, "objective_controller": 0.0, "max_ticks": 200, "n_agents": 30, "seed": 1395, "objective_radius": 9, "wall_prob": 0.16166521616240548, "cover_prob": 0.05592760932397253, "choke_prob": 0.03501684287588443, "stochasticity": 0.20426946907308946, "adaptation_rate": 0.1377741307048126, "weapon_cooldown_ticks": 2}