{"ticks": 200.0, "objective_progress": 1.0, "objective_controller": 0.0, "max_ticks": 200, "n_agents": 30, "seed": 1442, "objective_radius": 3, "wall_prob": 0.10668007720580129, "cover_prob": 0.07805530929593843, "choke_prob": 0.07990257350348366, "stochasticity": 0.14703334281077846, "adaptation_rate": 0.01311156480221925, "weapon_cooldown_ticks": 3}