{"ticks": 200.0, "objective_progress": 0.0, "objective_controller": 1.0, "max_ticks": 200, "n_agents": 30, "seed": 1493, "objective_radius": 9, "wall_prob": 0.1970694001397072, "cover_prob": 0.15424462979494635, "choke_prob": 0.03092578820427083, "stochasticity": 0.4911406401039453, "adaptation_rate": 0.043387367342090054, "weapon_cooldown_ticks": 3}