{"ticks": 200.0, "objective_progress": 0.11999999999999995, "objective_controller": 1.0, "max_ticks": 200, "n_agents": 30, "seed": 2621, "objective_radius": 11, "wall_prob": 0.2060546875, "cover_prob": 0.14453125, "choke_prob": 0.052734375, "stochasticity": 0.314453125, "adaptation_rate": 0.09921875000000001, "weapon_cooldown_ticks": 2}