{"ticks": 200.0, "objective_progress": 0.019999999999999966, "objective_controller": 0.0, "max_ticks": 200, "n_agents": 30, "seed": 1639, "objective_radius": 9, "wall_prob": 0.11247444838128454, "cover_prob": 0.0036686777279592896, "choke_prob": 0.07502936057098429, "stochasticity": 0.36479525663268186, "adaptation_rate": 0.09694715735410506, "weapon_cooldown_ticks": 2}