{"ticks": 200.0, "objective_progress": 0.43999999999999956, "objective_controller": 0.0, "max_ticks": 200, "n_agents": 30, "seed": 1011, "objective_radius": 9, "wall_prob": 0.1722353952468571, "cover_prob": 0.059595861792658855, "choke_prob": 0.019996357518515865, "stochasticity": 0.2591264291574469, "adaptation_rate": 0.04901088677331807, "weapon_cooldown_ticks": 2}