{"ticks": 200.0, "objective_progress": 0.98, "objective_controller": 0.0, "max_ticks": 200, "n_agents": 30, "seed": 1338, "objective_radius": 9, "wall_prob": 0.05872575160320005, "cover_prob": 0.1050968203180544, "choke_prob": 0.03989812551362698, "stochasticity": 0.10138505924323321, "adaptation_rate": 0.11346916559258698, "weapon_cooldown_ticks": 2}