{"ticks": 200.0, "objective_progress": 0.0, "objective_controller": 1.0, "max_ticks": 200, "n_agents": 30, "seed": 1082, "objective_radius": 9, "wall_prob": 0.081629957703835, "cover_prob": 0.18313478945858658, "choke_prob": 0.09420347540285093, "stochasticity": 0.25629943390694226, "adaptation_rate": 0.0850761181229133, "weapon_cooldown_ticks": 2}