{"ticks": 200.0, "objective_progress": 0.5399999999999998, "objective_controller": 0.0, "max_ticks": 200, "n_agents": 30, "seed": 2545, "objective_radius": 5, "wall_prob": 0.103515625, "cover_prob": 0.060937500000000006, "choke_prob": 0.03828125, "stochasticity": 0.41796875, "adaptation_rate": 0.0171875, "weapon_cooldown_ticks": 3}