{"ticks": 200.0, "objective_progress": 1.0, "objective_controller": 0.0, "max_ticks": 200, "n_agents": 30, "seed": 2966, "objective_radius": 7, "wall_prob": 0.2255859375, "cover_prob": 0.16484375, "choke_prob": 0.08554687500000001, "stochasticity": 0.353515625, "adaptation_rate": 0.02734375, "weapon_cooldown_ticks": 1}