{"ticks": 200.0, "objective_progress": 0.9199999999999999, "objective_controller": 0.0, "max_ticks": 200, "n_agents": 30, "seed": 1049, "objective_radius": 11, "wall_prob": 0.2050663086619458, "cover_prob": 0.12281907170636149, "choke_prob": 0.07442676028768547, "stochasticity": 0.04378057951532953, "adaptation_rate": 0.15429562367248492, "weapon_cooldown_ticks": 1}