{"ticks": 200.0, "objective_progress": 0.0799999999999995, "objective_controller": 1.0, "max_ticks": 200, "n_agents": 30, "seed": 2222, "objective_radius": 5, "wall_prob": 0.076171875, "cover_prob": 0.0703125, "choke_prob": 0.0054687500000000005, "stochasticity": 0.24609375, "adaptation_rate": 0.0421875, "weapon_cooldown_ticks": 2}