{"ticks": 200.0, "objective_progress": 1.0, "objective_controller": 1.0, "max_ticks": 200, "n_agents": 30, "seed": 1566, "objective_radius": 7, "wall_prob": 0.09052263304674328, "cover_prob": 0.04054710661096231, "choke_prob": 0.040689281183948406, "stochasticity": 0.10438472850586476, "adaptation_rate": 0.14152842568153584, "weapon_cooldown_ticks": 2}