{"ticks": 200.0, "objective_progress": 0.0, "objective_controller": 1.0, "max_ticks": 200, "n_agents": 30, "seed": 1682, "objective_radius": 6, "wall_prob": 0.16017216539691895, "cover_prob": 0.11057329597008597, "choke_prob": 0.028473868090628452, "stochasticity": 0.20667801214984002, "adaptation_rate": 0.02722830086491561, "weapon_cooldown_ticks": 3}