{"ticks": 200.0, "objective_progress": 0.0, "objective_controller": 0.0, "max_ticks": 200, "n_agents": 30, "seed": 1765, "objective_radius": 8, "wall_prob": 0.02594010669205327, "cover_prob": 0.002458308629788106, "choke_prob": 0.018069366345375894, "stochasticity": 0.0636698570761095, "adaptation_rate": 0.19325879409263078, "weapon_cooldown_ticks": 2}