{"ticks": 200.0, "objective_progress": 0.9199999999999999, "objective_controller": 0.0, "max_ticks": 200, "n_agents": 30, "seed": 2049, "objective_radius": 11, "wall_prob": 0.130859375, "cover_prob": 0.18906250000000002, "choke_prob": 0.057031250000000006, "stochasticity": 0.13671875, "adaptation_rate": 0.1640625, "weapon_cooldown_ticks": 2}