{"ticks": 200.0, "objective_progress": 0.3399999999999995, "objective_controller": 1.0, "max_ticks": 200, "n_agents": 30, "seed": 1815, "objective_radius": 4, "wall_prob": 0.11923039524142644, "cover_prob": 0.14834912229216682, "choke_prob": 0.0018992467273623041, "stochasticity": 0.2436015158201842, "adaptation_rate": 0.04233390177146182, "weapon_cooldown_ticks": 3}