{"ticks": 200.0, "objective_progress": 0.25999999999999895, "objective_controller": 0.0, "max_ticks": 200, "n_agents": 30, "seed": 1562, "objective_radius": 8, "wall_prob": 0.22831164402701182, "cover_prob": 0.03384332695158946, "choke_prob": 0.00937824442841341, "stochasticity": 0.02893654052815422, "adaptation_rate": 0.02249324304551619, "weapon_cooldown_ticks": 2}