{"ticks": 200.0, "objective_progress": 0.8599999999999999, "objective_controller": 1.0, "max_ticks": 200, "n_agents": 30, "seed": 2390, "objective_radius": 7, "wall_prob": 0.1259765625, "cover_prob": 0.16015625, "choke_prob": 0.005078125, "stochasticity": 0.037109375, "adaptation_rate": 0.06328125, "weapon_cooldown_ticks": 2}