{"ticks": 200.0, "objective_progress": 0.0, "objective_controller": 1.0, "max_ticks": 200, "n_agents": 30, "seed": 1092, "objective_radius": 11, "wall_prob": 0.045686002895265095, "cover_prob": 0.19036428402777747, "choke_prob": 0.03598142648304189, "stochasticity": 0.0051300560627972405, "adaptation_rate": 0.0813713683709631, "weapon_cooldown_ticks": 3}