{"ticks": 200.0, "objective_progress": 0.0, "objective_controller": 1.0, "max_ticks": 200, "n_agents": 30, "seed": 1480, "objective_radius": 10, "wall_prob": 0.2369420659497157, "cover_prob": 0.14174668204901508, "choke_prob": 0.07061633791117676, "stochasticity": 0.15941502636124372, "adaptation_rate": 0.14030483128671248, "weapon_cooldown_ticks": 3}