{"ticks": 200.0, "objective_progress": 0.059999999999999984, "objective_controller": 0.0, "max_ticks": 200, "n_agents": 30, "seed": 1234, "objective_radius": 10, "wall_prob": 0.15220249313070922, "cover_prob": 0.15205292860353445, "choke_prob": 0.04357840334294895, "stochasticity": 0.39034401935737595, "adaptation_rate": 0.18515547576762226, "weapon_cooldown_ticks": 2}