{"ticks": 200.0, "objective_progress": 1.0, "objective_controller": 0.0, "max_ticks": 200, "n_agents": 30, "seed": 1554, "objective_radius": 7, "wall_prob": 0.011616775233782522, "cover_prob": 0.01513307429363543, "choke_prob": 0.08748731497604773, "stochasticity": 0.3680249490695138, "adaptation_rate": 0.04822594549205667, "weapon_cooldown_ticks": 1}