{"ticks": 200.0, "objective_progress": 1.0, "objective_controller": 1.0, "max_ticks": 200, "n_agents": 30, "seed": 1205, "objective_radius": 9, "wall_prob": 0.051449512395114694, "cover_prob": 0.08416802171383418, "choke_prob": 0.009987807976621943, "stochasticity": 0.1199462638701283, "adaptation_rate": 0.13016895273030735, "weapon_cooldown_ticks": 2}