{"ticks": 200.0, "objective_progress": 0.0, "objective_controller": 1.0, "max_ticks": 200, "n_agents": 30, "seed": 1910, "objective_radius": 6, "wall_prob": 0.24765677839856967, "cover_prob": 0.07293862654215065, "choke_prob": 0.06447565932524667, "stochasticity": 0.44075116734149006, "adaptation_rate": 0.1907079386454347, "weapon_cooldown_ticks": 3}