{"ticks": 200.0, "objective_progress": 0.9199999999999999, "objective_controller": 1.0, "max_ticks": 200, "n_agents": 30, "seed": 3115, "objective_radius": 10, "wall_prob": 0.1416015625, "cover_prob": 0.19609375, "choke_prob": 0.076171875, "stochasticity": 0.146484375, "adaptation_rate": 0.06484375, "weapon_cooldown_ticks": 1}