{"ticks": 200.0, "objective_progress": 0.0, "objective_controller": 0.0, "max_ticks": 200, "n_agents": 30, "seed": 2035, "objective_radius": 7, "wall_prob": 0.248046875, "cover_prob": 0.0734375, "choke_prob": 0.06953125, "stochasticity": 0.23828125, "adaptation_rate": 0.13593750000000002, "weapon_cooldown_ticks": 2}