{"ticks": 200.0, "objective_progress": 0.0, "objective_controller": 1.0, "max_ticks": 200, "n_agents": 30, "seed": 1221, "objective_radius": 8, "wall_prob": 0.13446194577609494, "cover_prob": 0.11808193939659278, "choke_prob": 0.09909164168414736, "stochasticity": 0.4050570386009828, "adaptation_rate": 0.06840778850772815, "weapon_cooldown_ticks": 3}