{"ticks": 200.0, "objective_progress": 0.4399999999999996, "objective_controller": 1.0, "max_ticks": 200, "n_agents": 30, "seed": 1256, "objective_radius": 4, "wall_prob": 0.22038163583598938, "cover_prob": 0.034996767899569216, "choke_prob": 0.006945155437668726, "stochasticity": 0.23941345220831645, "adaptation_rate": 0.12179119440055419, "weapon_cooldown_ticks": 2}