{"ticks": 200.0, "objective_progress": 0.0, "objective_controller": 0.0, "max_ticks": 200, "n_agents": 30, "seed": 2771, "objective_radius": 12, "wall_prob": 0.1669921875, "cover_prob": 0.15078125, "choke_prob": 0.018359375, "stochasticity": 0.455078125, "adaptation_rate": 0.19296875000000002, "weapon_cooldown_ticks": 1}