{"ticks": 200.0, "objective_progress": 1.0, "objective_controller": 0.0, "max_ticks": 200, "n_agents": 30, "seed": 1597, "objective_radius": 6, "wall_prob": 0.1987385017805355, "cover_prob": 0.10769615256767558, "choke_prob": 0.03679927763032393, "stochasticity": 0.3526545495976389, "adaptation_rate": 0.19564500506695282, "weapon_cooldown_ticks": 2}