{"ticks": 200.0, "objective_progress": 0.0, "objective_controller": 1.0, "max_ticks": 200, "n_agents": 30, "seed": 1603, "objective_radius": 9, "wall_prob": 0.2349036513169133, "cover_prob": 0.15079644164927603, "choke_prob": 0.07436618276409794, "stochasticity": 0.37052088951265216, "adaptation_rate": 0.1712967361856014, "weapon_cooldown_ticks": 3}