{"ticks": 200.0, "objective_progress": 1.0, "objective_controller": 0.0, "max_ticks": 200, "n_agents": 30, "seed": 1015, "objective_radius": 4, "wall_prob": 0.029315690604039015, "cover_prob": 0.012150835457368264, "choke_prob": 0.03465038081683249, "stochasticity": 0.0010863875855045325, "adaptation_rate": 0.13791161715385644, "weapon_cooldown_ticks": 2}