{"ticks": 200.0, "objective_progress": 0.26, "objective_controller": 0.0, "max_ticks": 200, "n_agents": 30, "seed": 1414, "objective_radius": 6, "wall_prob": 0.19861381262914446, "cover_prob": 0.1334839300430076, "choke_prob": 0.07939896506399056, "stochasticity": 0.06864510819771223, "adaptation_rate": 0.030055132981988832, "weapon_cooldown_ticks": 2}