{"ticks": 200.0, "objective_progress": 1.0, "objective_controller": 0.0, "max_ticks": 200, "n_agents": 30, "seed": 1042, "objective_radius": 4, "wall_prob": 0.12263119663537018, "cover_prob": 0.18267304418772456, "choke_prob": 0.022621839310401407, "stochasticity": 0.22798892270315388, "adaptation_rate": 0.14716903256040603, "weapon_cooldown_ticks": 2}