{"ticks": 200.0, "objective_progress": 0.0, "objective_controller": 1.0, "max_ticks": 200, "n_agents": 30, "seed": 1919, "objective_radius": 6, "wall_prob": 0.08698220612985039, "cover_prob": 0.07550319339153277, "choke_prob": 0.03937219520245869, "stochasticity": 0.1029318290669907, "adaptation_rate": 0.04606802257441594, "weapon_cooldown_ticks": 3}