{"ticks": 200.0, "objective_progress": 0.0, "objective_controller": 1.0, "max_ticks": 200, "n_agents": 30, "seed": 1523, "objective_radius": 10, "wall_prob": 0.09501744544726543, "cover_prob": 0.07739903422646865, "choke_prob": 0.08114863206803513, "stochasticity": 0.435414034984316, "adaptation_rate": 0.02779989555643858, "weapon_cooldown_ticks": 3}