{"ticks": 200.0, "objective_progress": 1.0, "objective_controller": 0.0, "max_ticks": 200, "n_agents": 30, "seed": 1720, "objective_radius": 4, "wall_prob": 0.1821260402368322, "cover_prob": 0.032803601090214726, "choke_prob": 0.07981556862206128, "stochasticity": 0.4328595102151169, "adaptation_rate": 0.18902259719375358, "weapon_cooldown_ticks": 2}