{"ticks": 200.0, "objective_progress": 1.0, "objective_controller": 0.0, "max_ticks": 200, "n_agents": 30, "seed": 1449, "objective_radius": 8, "wall_prob": 0.1443253541901135, "cover_prob": 0.18832219459977118, "choke_prob": 0.038768068670622276, "stochasticity": 0.37705287127553844, "adaptation_rate": 0.05426284191907124, "weapon_cooldown_ticks": 1}