{"ticks": 200.0, "objective_progress": 0.0, "objective_controller": 1.0, "max_ticks": 200, "n_agents": 30, "seed": 1241, "objective_radius": 11, "wall_prob": 0.10950085860011262, "cover_prob": 0.058159934575645125, "choke_prob": 0.06500801152540296, "stochasticity": 0.051964016786064986, "adaptation_rate": 0.09823865501989297, "weapon_cooldown_ticks": 3}