{"ticks": 200.0, "objective_progress": 0.98, "objective_controller": 1.0, "max_ticks": 200, "n_agents": 30, "seed": 1605, "objective_radius": 4, "wall_prob": 0.00674082495314466, "cover_prob": 0.036835677884011944, "choke_prob": 0.05140858129258731, "stochasticity": 0.05241916982264878, "adaptation_rate": 0.11484149402189214, "weapon_cooldown_ticks": 2}