{"ticks": 200.0, "objective_progress": 0.7799999999999998, "objective_controller": 0.0, "max_ticks": 200, "n_agents": 30, "seed": 3022, "objective_radius": 8, "wall_prob": 0.1396484375, "cover_prob": 0.16640625, "choke_prob": 0.026171875, "stochasticity": 0.302734375, "adaptation_rate": 0.05859375, "weapon_cooldown_ticks": 2}