{"ticks": 200.0, "objective_progress": 1.0, "objective_controller": 1.0, "max_ticks": 200, "n_agents": 30, "seed": 1448, "objective_radius": 6, "wall_prob": 0.06486329611135414, "cover_prob": 0.17331419141197352, "choke_prob": 0.015159699120170256, "stochasticity": 0.044060618865787035, "adaptation_rate": 0.0032566857588882505, "weapon_cooldown_ticks": 1}