{"ticks": 200.0, "objective_progress": 1.0, "objective_controller": 0.0, "max_ticks": 200, "n_agents": 30, "seed": 2726, "objective_radius": 4, "wall_prob": 0.0732421875, "cover_prob": 0.17578125, "choke_prob": 0.030859375, "stochasticity": 0.017578125, "adaptation_rate": 0.017968750000000002, "weapon_cooldown_ticks": 3}