{"ticks": 200.0, "objective_progress": 0.04, "objective_controller": 0.0, "max_ticks": 200, "n_agents": 30, "seed": 2336, "objective_radius": 11, "wall_prob": 0.189453125, "cover_prob": 0.0390625, "choke_prob": 0.022656250000000003, "stochasticity": 0.19140625, "adaptation_rate": 0.0484375, "weapon_cooldown_ticks": 2}