{"ticks": 200.0, "objective_progress": 0.0, "objective_controller": 0.0, "max_ticks": 200, "n_agents": 30, "seed": 1934, "objective_radius": 10, "wall_prob": 0.20081275266789284, "cover_prob": 0.11471364255898134, "choke_prob": 0.015258803001692772, "stochasticity": 0.21806656947040143, "adaptation_rate": 0.013773481149933429, "weapon_cooldown_ticks": 2}