{"ticks": 200.0, "objective_progress": 0.0, "objective_controller": 1.0, "max_ticks": 200, "n_agents": 30, "seed": 1503, "objective_radius": 11, "wall_prob": 0.21135056276956432, "cover_prob": 0.10365301529321597, "choke_prob": 0.0031349310559921012, "stochasticity": 0.24003139993342198, "adaptation_rate": 0.12054258751251541, "weapon_cooldown_ticks": 2}