{"ticks": 200.0, "objective_progress": 0.94, "objective_controller": 1.0, "max_ticks": 200, "n_agents": 30, "seed": 1955, "objective_radius": 11, "wall_prob": 0.07831941986139762, "cover_prob": 0.05772345268953653, "choke_prob": 0.0584098726239796, "stochasticity": 0.2024328709564723, "adaptation_rate": 0.17557173654013916, "weapon_cooldown_ticks": 1}