{"ticks": 200.0, "objective_progress": 0.8999999999999999, "objective_controller": 0.0, "max_ticks": 200, "n_agents": 30, "seed": 1989, "objective_radius": 7, "wall_prob": 0.20173437567133026, "cover_prob": 0.11611510748955259, "choke_prob": 0.021675881915111394, "stochasticity": 0.207685207175001, "adaptation_rate": 0.09632181042046288, "weapon_cooldown_ticks": 1}