{"ticks": 200.0, "objective_progress": 0.8999999999999999, "objective_controller": 1.0, "max_ticks": 200, "n_agents": 30, "seed": 1567, "objective_radius": 6, "wall_prob": 0.17070435597134362, "cover_prob": 0.0017334937828777154, "choke_prob": 0.03261359772190058, "stochasticity": 0.4211935778963549, "adaptation_rate": 0.052606357689407295, "weapon_cooldown_ticks": 2}