{"ticks": 200.0, "objective_progress": 1.0, "objective_controller": 0.0, "max_ticks": 200, "n_agents": 30, "seed": 1555, "objective_radius": 4, "wall_prob": 0.03290341826627338, "cover_prob": 0.08291555624470354, "choke_prob": 0.0721954944862619, "stochasticity": 0.22180447109503734, "adaptation_rate": 0.053852529791547935, "weapon_cooldown_ticks": 1}