{"ticks": 200.0, "objective_progress": 0.94, "objective_controller": 1.0, "max_ticks": 200, "n_agents": 30, "seed": 2215, "objective_radius": 6, "wall_prob": 0.099609375, "cover_prob": 0.16718750000000002, "choke_prob": 0.02890625, "stochasticity": 0.22265625, "adaptation_rate": 0.07968750000000001, "weapon_cooldown_ticks": 2}