{"ticks": 200.0, "objective_progress": 0.7999999999999998, "objective_controller": 0.0, "max_ticks": 200, "n_agents": 30, "seed": 2296, "objective_radius": 8, "wall_prob": 0.064453125, "cover_prob": 0.0140625, "choke_prob": 0.05859375, "stochasticity": 0.40234375, "adaptation_rate": 0.0203125, "weapon_cooldown_ticks": 2}