{"ticks": 200.0, "objective_progress": 0.12000000000000012, "objective_controller": 1.0, "max_ticks": 200, "n_agents": 30, "seed": 2304, "objective_radius": 8, "wall_prob": 0.158203125, "cover_prob": 0.1796875, "choke_prob": 0.08515625, "stochasticity": 0.00390625, "adaptation_rate": 0.0234375, "weapon_cooldown_ticks": 3}