{"ticks": 200.0, "objective_progress": 0.0, "objective_controller": 1.0, "max_ticks": 200, "n_agents": 30, "seed": 1290, "objective_radius": 6, "wall_prob": 0.08937226797601502, "cover_prob": 0.08307982122917751, "choke_prob": 0.034050031816857416, "stochasticity": 0.42339417040871935, "adaptation_rate": 0.05554758727676086, "weapon_cooldown_ticks": 3}