{"ticks": 200.0, "objective_progress": 0.0, "objective_controller": 0.0, "max_ticks": 200, "n_agents": 30, "seed": 1732, "objective_radius": 8, "wall_prob": 0.0635135743826489, "cover_prob": 0.13824219589203543, "choke_prob": 0.05420587879101962, "stochasticity": 0.495833457106552, "adaptation_rate": 0.15106473389404657, "weapon_cooldown_ticks": 3}