{"ticks": 200.0, "objective_progress": 0.08, "objective_controller": 1.0, "max_ticks": 200, "n_agents": 30, "seed": 1006, "objective_radius": 9, "wall_prob": 0.19739892505626278, "cover_prob": 0.04146981117188332, "choke_prob": 0.04017108756519911, "stochasticity": 0.10208197176558592, "adaptation_rate": 0.08660998997253277, "weapon_cooldown_ticks": 1}