{"ticks": 200.0, "objective_progress": 0.0, "objective_controller": 1.0, "max_ticks": 200, "n_agents": 30, "seed": 1190, "objective_radius": 9, "wall_prob": 0.019059770020606197, "cover_prob": 0.00031376115948574093, "choke_prob": 0.05051357285520852, "stochasticity": 0.1840728899503389, "adaptation_rate": 0.05727125128813272, "weapon_cooldown_ticks": 3}