{"ticks": 200.0, "objective_progress": 0.0, "objective_controller": 1.0, "max_ticks": 200, "n_agents": 30, "seed": 1349, "objective_radius": 10, "wall_prob": 0.1767489145195389, "cover_prob": 0.18049068359473938, "choke_prob": 0.027680816107515795, "stochasticity": 0.23139155403686829, "adaptation_rate": 0.13285368288581442, "weapon_cooldown_ticks": 2}