{"ticks": 200.0, "objective_progress": 1.0, "objective_controller": 0.0, "max_ticks": 200, "n_agents": 30, "seed": 1054, "objective_radius": 5, "wall_prob": 0.07184904433522163, "cover_prob": 0.1534460502431182, "choke_prob": 0.047466784542122414, "stochasticity": 0.02656647778115604, "adaptation_rate": 0.18262297786738665, "weapon_cooldown_ticks": 2}