{"ticks": 200.0, "objective_progress": 0.0, "objective_controller": 1.0, "max_ticks": 200, "n_agents": 30, "seed": 1752, "objective_radius": 12, "wall_prob": 0.03538198754904545, "cover_prob": 0.15438064425130568, "choke_prob": 0.08719940204745046, "stochasticity": 0.3159304782811461, "adaptation_rate": 0.18515642059186962, "weapon_cooldown_ticks": 2}