{"ticks": 200.0, "objective_progress": 0.0, "objective_controller": 0.0, "max_ticks": 200, "n_agents": 30, "seed": 1086, "objective_radius": 6, "wall_prob": 0.15708465110225156, "cover_prob": 0.042204887942695994, "choke_prob": 0.0579598957409678, "stochasticity": 0.1432624864353529, "adaptation_rate": 0.019782272774260878, "weapon_cooldown_ticks": 3}