{"ticks": 200.0, "objective_progress": 1.0, "objective_controller": 0.0, "max_ticks": 200, "n_agents": 30, "seed": 2163, "objective_radius": 5, "wall_prob": 0.091796875, "cover_prob": 0.18281250000000002, "choke_prob": 0.02421875, "stochasticity": 0.08984375, "adaptation_rate": 0.0578125, "weapon_cooldown_ticks": 2}