{"ticks": 200.0, "objective_progress": 0.18000000000000005, "objective_controller": 0.0, "max_ticks": 200, "n_agents": 30, "seed": 2519, "objective_radius": 9, "wall_prob": 0.1806640625, "cover_prob": 0.19296875000000002, "choke_prob": 0.08945312500000001, "stochasticity": 0.302734375, "adaptation_rate": 0.09765625, "weapon_cooldown_ticks": 2}