{"ticks": 200.0, "objective_progress": 1.0, "objective_controller": 0.0, "max_ticks": 200, "n_agents": 30, "seed": 1354, "objective_radius": 3, "wall_prob": 0.11990724477826233, "cover_prob": 0.1096820299177722, "choke_prob": 0.06748344098149216, "stochasticity": 0.18737611824946565, "adaptation_rate": 0.16310877394613738, "weapon_cooldown_ticks": 2}