{"ticks": 200.0, "objective_progress": 0.01999999999999969, "objective_controller": 0.0, "max_ticks": 200, "n_agents": 30, "seed": 1953, "objective_radius": 7, "wall_prob": 0.21047310960210264, "cover_prob": 0.10170375116298742, "choke_prob": 0.059406516678977575, "stochasticity": 0.31413212098833637, "adaptation_rate": 0.0017567959848938488, "weapon_cooldown_ticks": 1}