{"ticks": 200.0, "objective_progress": 0.9400000000000002, "objective_controller": 0.0, "max_ticks": 200, "n_agents": 30, "seed": 1619, "objective_radius": 7, "wall_prob": 0.06056292505709498, "cover_prob": 0.01748762671470906, "choke_prob": 0.043961918817823735, "stochasticity": 0.4770873746881876, "adaptation_rate": 0.037254156456028004, "weapon_cooldown_ticks": 2}