{"ticks": 200.0, "objective_progress": 0.0, "objective_controller": 1.0, "max_ticks": 200, "n_agents": 30, "seed": 1802, "objective_radius": 10, "wall_prob": 0.09325028528044123, "cover_prob": 0.19349711673863842, "choke_prob": 0.05018393333633843, "stochasticity": 0.26830409621547496, "adaptation_rate": 0.0957129721772986, "weapon_cooldown_ticks": 1}