{"ticks": 200.0, "objective_progress": 0.0, "objective_controller": 0.0, "max_ticks": 200, "n_agents": 30, "seed": 1034, "objective_radius": 10, "wall_prob": 0.21761077045930804, "cover_prob": 0.16927586637497805, "choke_prob": 0.0947515095530983, "stochasticity": 0.12396646227772032, "adaptation_rate": 0.10187433559452219, "weapon_cooldown_ticks": 2}