{"ticks": 200.0, "objective_progress": 0.98, "objective_controller": 0.0, "max_ticks": 200, "n_agents": 30, "seed": 1276, "objective_radius": 6, "wall_prob": 0.0948136964260304, "cover_prob": 0.008549728578270245, "choke_prob": 0.019712135950726208, "stochasticity": 0.41307195610721714, "adaptation_rate": 0.09287176867459516, "weapon_cooldown_ticks": 2}