{"ticks": 200.0, "objective_progress": 0.0, "objective_controller": 1.0, "max_ticks": 200, "n_agents": 30, "seed": 1723, "objective_radius": 11, "wall_prob": 0.08969448883468122, "cover_prob": 0.05052192759230189, "choke_prob": 0.09131736763721654, "stochasticity": 0.02953840435106235, "adaptation_rate": 0.050059445171820496, "weapon_cooldown_ticks": 2}