{"ticks": 200.0, "objective_progress": 0.0, "objective_controller": 1.0, "max_ticks": 200, "n_agents": 30, "seed": 3041, "objective_radius": 6, "wall_prob": 0.2021484375, "cover_prob": 0.11640625, "choke_prob": 0.0011718750000000002, "stochasticity": 0.212890625, "adaptation_rate": 0.12734375, "weapon_cooldown_ticks": 3}