{"ticks": 200.0, "objective_progress": 0.26, "objective_controller": 1.0, "max_ticks": 200, "n_agents": 30, "seed": 1841, "objective_radius": 3, "wall_prob": 0.1326671546089422, "cover_prob": 0.08443657708013248, "choke_prob": 0.07690096872265108, "stochasticity": 0.03623162910163914, "adaptation_rate": 0.06514192244590523, "weapon_cooldown_ticks": 3}