{"ticks": 200.0, "objective_progress": 1.0, "objective_controller": 0.0, "max_ticks": 200, "n_agents": 30, "seed": 2210, "objective_radius": 5, "wall_prob": 0.1376953125, "cover_prob": 0.01953125, "choke_prob": 0.072265625, "stochasticity": 0.279296875, "adaptation_rate": 0.041406250000000006, "weapon_cooldown_ticks": 3}