{"ticks": 200.0, "objective_progress": 0.14000000000000007, "objective_controller": 1.0, "max_ticks": 200, "n_agents": 30, "seed": 1805, "objective_radius": 10, "wall_prob": 0.10130592989819018, "cover_prob": 0.02755251614056732, "choke_prob": 0.01639929300750118, "stochasticity": 0.4228592423533612, "adaptation_rate": 0.11695475079560674, "weapon_cooldown_ticks": 1}