{"ticks": 200.0, "objective_progress": 1.0, "objective_controller": 0.0, "max_ticks": 200, "n_agents": 30, "seed": 1357, "objective_radius": 6, "wall_prob": 0.15108564847907607, "cover_prob": 0.18185009341486646, "choke_prob": 0.09049752752131617, "stochasticity": 0.0039406176482940924, "adaptation_rate": 0.12325008072904418, "weapon_cooldown_ticks": 1}