{"ticks": 200.0, "objective_progress": 0.0, "objective_controller": 1.0, "max_ticks": 200, "n_agents": 30, "seed": 1693, "objective_radius": 7, "wall_prob": 0.07118662387964239, "cover_prob": 0.04753454206806366, "choke_prob": 0.06290400637190316, "stochasticity": 0.24537892788023938, "adaptation_rate": 0.15341195819006612, "weapon_cooldown_ticks": 3}