{"ticks": 200.0, "objective_progress": 0.0, "objective_controller": 0.0, "max_ticks": 200, "n_agents": 30, "seed": 1001, "objective_radius": 7, "wall_prob": 0.0370495722125195, "cover_prob": 0.06958647536447748, "choke_prob": 0.03721311708915615, "stochasticity": 0.23773245171451549, "adaptation_rate": 0.12126858753763577, "weapon_cooldown_ticks": 3}