{"ticks": 200.0, "objective_progress": 0.0, "objective_controller": 1.0, "max_ticks": 200, "n_agents": 30, "seed": 2836, "objective_radius": 10, "wall_prob": 0.2001953125, "cover_prob": 0.017968750000000002, "choke_prob": 0.0027343750000000003, "stochasticity": 0.310546875, "adaptation_rate": 0.10546875, "weapon_cooldown_ticks": 2}