{"ticks": 200.0, "objective_progress": 1.0, "objective_controller": 0.0, "max_ticks": 200, "n_agents": 30, "seed": 1069, "objective_radius": 6, "wall_prob": 0.04624820318252096, "cover_prob": 0.08230723807820536, "choke_prob": 0.02047363277888217, "stochasticity": 0.08251036372166894, "adaptation_rate": 0.18972437404721743, "weapon_cooldown_ticks": 2}