{"ticks": 200.0, "objective_progress": 0.0, "objective_controller": 0.0, "max_ticks": 200, "n_agents": 30, "seed": 1712, "objective_radius": 9, "wall_prob": 0.11122056048662832, "cover_prob": 0.16055620040179389, "choke_prob": 0.09744507021357258, "stochasticity": 0.4694727668262178, "adaptation_rate": 0.13180056983727792, "weapon_cooldown_ticks": 3}