{"ticks": 200.0, "objective_progress": 0.8800000000000001, "objective_controller": 1.0, "max_ticks": 200, "n_agents": 30, "seed": 1709, "objective_radius": 6, "wall_prob": 0.00797136777449851, "cover_prob": 0.12862974672581348, "choke_prob": 0.0007487397150504043, "stochasticity": 0.1608660892917632, "adaptation_rate": 0.07221453262702256, "weapon_cooldown_ticks": 2}