{"ticks": 200.0, "objective_progress": 0.0, "objective_controller": 1.0, "max_ticks": 200, "n_agents": 30, "seed": 1360, "objective_radius": 12, "wall_prob": 0.12699156633662026, "cover_prob": 0.0768865777816231, "choke_prob": 0.006544994036385251, "stochasticity": 0.16487589210033807, "adaptation_rate": 0.15445289384109162, "weapon_cooldown_ticks": 2}