{"ticks": 200.0, "objective_progress": 0.0, "objective_controller": 1.0, "max_ticks": 200, "n_agents": 30, "seed": 1612, "objective_radius": 10, "wall_prob": 0.14852645056579225, "cover_prob": 0.09602037291439319, "choke_prob": 0.0682386852776382, "stochasticity": 0.21875568079837338, "adaptation_rate": 0.01297690562527727, "weapon_cooldown_ticks": 2}