{"ticks": 200.0, "objective_progress": 0.0, "objective_controller": 0.0, "max_ticks": 200, "n_agents": 30, "seed": 2695, "objective_radius": 10, "wall_prob": 0.0517578125, "cover_prob": 0.057031250000000006, "choke_prob": 0.09648437500000001, "stochasticity": 0.095703125, "adaptation_rate": 0.03671875, "weapon_cooldown_ticks": 3}