{"ticks": 200.0, "objective_progress": 1.0, "objective_controller": 0.0, "max_ticks": 200, "n_agents": 30, "seed": 1459, "objective_radius": 4, "wall_prob": 0.22154614306384815, "cover_prob": 0.15193908456082744, "choke_prob": 0.03191587427930109, "stochasticity": 0.45034079018350104, "adaptation_rate": 0.07497004000276887, "weapon_cooldown_ticks": 1}