{"ticks": 200.0, "objective_progress": 0.0, "objective_controller": 1.0, "max_ticks": 200, "n_agents": 30, "seed": 1337, "objective_radius": 10, "wall_prob": 0.20919405502120508, "cover_prob": 0.13612201508568733, "choke_prob": 0.016065207082517602, "stochasticity": 0.3690220381722257, "adaptation_rate": 0.004625429896321727, "weapon_cooldown_ticks": 3}