{"ticks": 200.0, "objective_progress": 0.7999999999999996, "objective_controller": 1.0, "max_ticks": 200, "n_agents": 30, "seed": 2674, "objective_radius": 5, "wall_prob": 0.1455078125, "cover_prob": 0.07421875, "choke_prob": 0.024609375000000003, "stochasticity": 0.169921875, "adaptation_rate": 0.01171875, "weapon_cooldown_ticks": 3}