{"ticks": 200.0, "objective_progress": 0.0, "objective_controller": 0.0, "max_ticks": 200, "n_agents": 30, "seed": 1335, "objective_radius": 8, "wall_prob": 0.07797837665443688, "cover_prob": 0.09788591845052838, "choke_prob": 0.09770217106729379, "stochasticity": 0.44973570932901646, "adaptation_rate": 0.1795645390235234, "weapon_cooldown_ticks": 3}