{"ticks": 200.0, "objective_progress": 1.0, "objective_controller": 0.0, "max_ticks": 200, "n_agents": 30, "seed": 1373, "objective_radius": 5, "wall_prob": 0.026158199534700118, "cover_prob": 0.19733250993269616, "choke_prob": 0.06687160444341332, "stochasticity": 0.17550804925700467, "adaptation_rate": 0.009665828888309476, "weapon_cooldown_ticks": 1}