{"ticks": 200.0, "objective_progress": 0.09999999999999934, "objective_controller": 0.0, "max_ticks": 200, "n_agents": 30, "seed": 2254, "objective_radius": 6, "wall_prob": 0.1123046875, "cover_prob": 0.07734375, "choke_prob": 0.003515625, "stochasticity": 0.185546875, "adaptation_rate": 0.02890625, "weapon_cooldown_ticks": 2}