{"ticks": 200.0, "objective_progress": 0.35999999999999954, "objective_controller": 0.0, "max_ticks": 200, "n_agents": 30, "seed": 2016, "objective_radius": 6, "wall_prob": 0.17000097623135244, "cover_prob": 0.045928407410895954, "choke_prob": 0.003002491823180878, "stochasticity": 0.18757065709888848, "adaptation_rate": 0.10916304274739042, "weapon_cooldown_ticks": 3}