{"ticks": 200.0, "objective_progress": 1.0, "objective_controller": 0.0, "max_ticks": 200, "n_agents": 30, "seed": 2497, "objective_radius": 5, "wall_prob": 0.0615234375, "cover_prob": 0.18046875, "choke_prob": 0.020703125000000003, "stochasticity": 0.333984375, "adaptation_rate": 0.16953125000000002, "weapon_cooldown_ticks": 1}