{"ticks": 200.0, "objective_progress": 1.0, "objective_controller": 0.0, "max_ticks": 200, "n_agents": 30, "seed": 1659, "objective_radius": 5, "wall_prob": 0.11733287328881356, "cover_prob": 0.18401274289639669, "choke_prob": 0.023959515039784204, "stochasticity": 0.07517225757537782, "adaptation_rate": 0.1337162751374292, "weapon_cooldown_ticks": 1}