{"ticks": 200.0, "objective_progress": 0.6599999999999997, "objective_controller": 0.0, "max_ticks": 200, "n_agents": 30, "seed": 1985, "objective_radius": 3, "wall_prob": 0.0345110987910068, "cover_prob": 0.15912859323440215, "choke_prob": 0.08765064979400551, "stochasticity": 0.07985159674362813, "adaptation_rate": 0.005141881455002634, "weapon_cooldown_ticks": 3}