{"ticks": 200.0, "objective_progress": 1.0, "objective_controller": 1.0, "max_ticks": 200, "n_agents": 30, "seed": 1631, "objective_radius": 5, "wall_prob": 0.15280920659886685, "cover_prob": 0.021013692466024417, "choke_prob": 0.03887475572901084, "stochasticity": 0.20048539911512542, "adaptation_rate": 0.12132549455213726, "weapon_cooldown_ticks": 2}