{"ticks": 200.0, "objective_progress": 0.7599999999999996, "objective_controller": 1.0, "max_ticks": 200, "n_agents": 30, "seed": 1030, "objective_radius": 6, "wall_prob": 0.04641833988085029, "cover_prob": 0.11851791122488933, "choke_prob": 0.08977291633344116, "stochasticity": 0.3593300991013838, "adaptation_rate": 0.0254345208401955, "weapon_cooldown_ticks": 2}