{"ticks": 200.0, "objective_progress": 1.0, "objective_controller": 0.0, "max_ticks": 200, "n_agents": 30, "seed": 1495, "objective_radius": 4, "wall_prob": 0.12107385185024316, "cover_prob": 0.061494724975746075, "choke_prob": 0.030793001605694405, "stochasticity": 0.39657728544247606, "adaptation_rate": 0.1347344051491998, "weapon_cooldown_ticks": 1}