{"ticks": 200.0, "objective_progress": 0.1, "objective_controller": 1.0, "max_ticks": 200, "n_agents": 30, "seed": 1510, "objective_radius": 10, "wall_prob": 0.2238552652680799, "cover_prob": 0.031769247825354556, "choke_prob": 0.015429072842586182, "stochasticity": 0.4626098766086069, "adaptation_rate": 0.035469219749436, "weapon_cooldown_ticks": 2}