{"ticks": 200.0, "objective_progress": 0.9400000000000003, "objective_controller": 0.0, "max_ticks": 200, "n_agents": 30, "seed": 2180, "objective_radius": 7, "wall_prob": 0.123046875, "cover_prob": 0.0078125, "choke_prob": 0.06171875, "stochasticity": 0.27734375, "adaptation_rate": 0.1328125, "weapon_cooldown_ticks": 2}