{"ticks": 200.0, "objective_progress": 1.0, "objective_controller": 1.0, "max_ticks": 200, "n_agents": 30, "seed": 1379, "objective_radius": 5, "wall_prob": 0.13997349230188877, "cover_prob": 0.11983924318536883, "choke_prob": 0.06871141272441075, "stochasticity": 0.19372297552324755, "adaptation_rate": 0.18632243826803957, "weapon_cooldown_ticks": 3}