{"ticks": 200.0, "objective_progress": 0.020000000000000146, "objective_controller": 0.0, "max_ticks": 200, "n_agents": 30, "seed": 1855, "objective_radius": 10, "wall_prob": 0.1197781073870599, "cover_prob": 0.1681021365906549, "choke_prob": 0.06672668668386332, "stochasticity": 0.10622190285150088, "adaptation_rate": 0.10851560615411347, "weapon_cooldown_ticks": 1}