{"ticks": 200.0, "objective_progress": 1.0, "objective_controller": 1.0, "max_ticks": 200, "n_agents": 30, "seed": 1858, "objective_radius": 5, "wall_prob": 0.059642475248954274, "cover_prob": 0.053265303728961724, "choke_prob": 0.007977346876812803, "stochasticity": 0.22153107046232742, "adaptation_rate": 0.11116994670542331, "weapon_cooldown_ticks": 1}