{"ticks": 200.0, "objective_progress": 0.0, "objective_controller": 1.0, "max_ticks": 200, "n_agents": 30, "seed": 1471, "objective_radius": 11, "wall_prob": 0.049448210107179334, "cover_prob": 0.13669761679212447, "choke_prob": 0.05745199241897986, "stochasticity": 0.047161671201865485, "adaptation_rate": 0.04123778294571165, "weapon_cooldown_ticks": 2}