{"ticks": 200.0, "objective_progress": 0.0, "objective_controller": 1.0, "max_ticks": 200, "n_agents": 30, "seed": 2192, "objective_radius": 12, "wall_prob": 0.2001953125, "cover_prob": 0.16953125000000002, "choke_prob": 0.09726562500000001, "stochasticity": 0.154296875, "adaptation_rate": 0.19140625, "weapon_cooldown_ticks": 2}