{"ticks": 200.0, "objective_progress": 0.0, "objective_controller": 1.0, "max_ticks": 200, "n_agents": 30, "seed": 1170, "objective_radius": 12, "wall_prob": 0.23515931958727024, "cover_prob": 0.06111334965058969, "choke_prob": 0.07366848617488285, "stochasticity": 0.15610841191588734, "adaptation_rate": 0.08535859846452026, "weapon_cooldown_ticks": 3}