{"ticks": 200.0, "objective_progress": 1.0, "objective_controller": 1.0, "max_ticks": 200, "n_agents": 30, "seed": 1132, "objective_radius": 8, "wall_prob": 0.028345732632536473, "cover_prob": 0.08851420679810301, "choke_prob": 0.040789354136441726, "stochasticity": 0.05930622671288523, "adaptation_rate": 0.029025919028600952, "weapon_cooldown_ticks": 2}