{"ticks": 200.0, "objective_progress": 0.24000000000000002, "objective_controller": 1.0, "max_ticks": 200, "n_agents": 30, "seed": 2375, "objective_radius": 10, "wall_prob": 0.236328125, "cover_prob": 0.0171875, "choke_prob": 0.06640625, "stochasticity": 0.28515625, "adaptation_rate": 0.08281250000000001, "weapon_cooldown_ticks": 2}