{"ticks": 200.0, "objective_progress": 0.2800000000000001, "objective_controller": 0.0, "max_ticks": 200, "n_agents": 30, "seed": 2662, "objective_radius": 9, "wall_prob": 0.2216796875, "cover_prob": 0.18203125, "choke_prob": 0.008984375000000001, "stochasticity": 0.044921875, "adaptation_rate": 0.01171875, "weapon_cooldown_ticks": 2}