{"ticks": 200.0, "objective_progress": 0.7199999999999998, "objective_controller": 0.0, "max_ticks": 200, "n_agents": 30, "seed": 2161, "objective_radius": 7, "wall_prob": 0.068359375, "cover_prob": 0.1421875, "choke_prob": 0.041406250000000006, "stochasticity": 0.41015625, "adaptation_rate": 0.0546875, "weapon_cooldown_ticks": 2}