{"ticks": 200.0, "objective_progress": 0.0, "objective_controller": 1.0, "max_ticks": 200, "n_agents": 30, "seed": 1888, "objective_radius": 9, "wall_prob": 0.17109689028672148, "cover_prob": 0.026239375046682736, "choke_prob": 0.06275320888895312, "stochasticity": 0.25731771875826487, "adaptation_rate": 0.053459499711656144, "weapon_cooldown_ticks": 3}