{"ticks": 200.0, "objective_progress": 0.9199999999999999, "objective_controller": 0.0, "max_ticks": 200, "n_agents": 30, "seed": 1196, "objective_radius": 6, "wall_prob": 0.2167335428895889, "cover_prob": 0.10082740387138922, "choke_prob": 0.0693538036279258, "stochasticity": 0.345607433577586, "adaptation_rate": 0.037592380233031304, "weapon_cooldown_ticks": 2}