{"ticks": 200.0, "objective_progress": 0.7200000000000001, "objective_controller": 0.0, "max_ticks": 200, "n_agents": 30, "seed": 2433, "objective_radius": 5, "wall_prob": 0.087890625, "cover_prob": 0.0234375, "choke_prob": 0.09453125000000001, "stochasticity": 0.39453125, "adaptation_rate": 0.07968750000000001, "weapon_cooldown_ticks": 3}