{"ticks": 200.0, "objective_progress": 0.5799999999999996, "objective_controller": 1.0, "max_ticks": 200, "n_agents": 30, "seed": 1636, "objective_radius": 4, "wall_prob": 0.026528440754993568, "cover_prob": 0.001304666633820896, "choke_prob": 0.04771355040843178, "stochasticity": 0.032490656537790964, "adaptation_rate": 0.1349121639240317, "weapon_cooldown_ticks": 3}