{"ticks": 200.0, "objective_progress": 1.0, "objective_controller": 0.0, "max_ticks": 200, "n_agents": 30, "seed": 1609, "objective_radius": 4, "wall_prob": 0.20806974193395045, "cover_prob": 0.17226423857220197, "choke_prob": 0.045786355768961284, "stochasticity": 0.454771224101698, "adaptation_rate": 0.023958146940206322, "weapon_cooldown_ticks": 2}