{"ticks": 200.0, "objective_progress": 1.0, "objective_controller": 0.0, "max_ticks": 200, "n_agents": 30, "seed": 1936, "objective_radius": 6, "wall_prob": 0.07387940115210796, "cover_prob": 0.13085948050756216, "choke_prob": 0.0865225755172367, "stochasticity": 0.03288791413726642, "adaptation_rate": 0.10519350726179821, "weapon_cooldown_ticks": 2}