{"ticks": 200.0, "objective_progress": 1.0, "objective_controller": 0.0, "max_ticks": 200, "n_agents": 30, "seed": 1075, "objective_radius": 5, "wall_prob": 0.22403913325096883, "cover_prob": 0.1799586570418768, "choke_prob": 0.06459331176214061, "stochasticity": 0.2999409665219371, "adaptation_rate": 0.07411632914919888, "weapon_cooldown_ticks": 1}