{"ticks": 200.0, "objective_progress": 1.0, "objective_controller": 0.0, "max_ticks": 200, "n_agents": 30, "seed": 1079, "objective_radius": 5, "wall_prob": 0.04888127340949671, "cover_prob": 0.02152367055631635, "choke_prob": 0.022494052699703476, "stochasticity": 0.2910259367287377, "adaptation_rate": 0.16807262398024855, "weapon_cooldown_ticks": 1}