{"ticks": 200.0, "objective_progress": 0.09999999999999942, "objective_controller": 1.0, "max_ticks": 200, "n_agents": 30, "seed": 1195, "objective_radius": 5, "wall_prob": 0.01848681008748326, "cover_prob": 0.12315626901632735, "choke_prob": 0.004227335076843185, "stochasticity": 0.11401529475459136, "adaptation_rate": 0.16743381470244845, "weapon_cooldown_ticks": 2}