{"ticks": 200.0, "objective_progress": 1.0, "objective_controller": 0.0, "max_ticks": 200, "n_agents": 30, "seed": 1189, "objective_radius": 7, "wall_prob": 0.07776612021998804, "cover_prob": 0.17947816686876547, "choke_prob": 0.013825201902525465, "stochasticity": 0.46112312790909965, "adaptation_rate": 0.1809514927820642, "weapon_cooldown_ticks": 1}