{"ticks": 200.0, "objective_progress": 0.8200000000000002, "objective_controller": 1.0, "max_ticks": 200, "n_agents": 30, "seed": 2632, "objective_radius": 9, "wall_prob": 0.1298828125, "cover_prob": 0.09453125000000001, "choke_prob": 0.027734375000000002, "stochasticity": 0.439453125, "adaptation_rate": 0.049218750000000006, "weapon_cooldown_ticks": 2}