{"ticks": 200.0, "objective_progress": 0.47999999999999954, "objective_controller": 0.0, "max_ticks": 200, "n_agents": 30, "seed": 2759, "objective_radius": 7, "wall_prob": 0.0419921875, "cover_prob": 0.055468750000000004, "choke_prob": 0.068359375, "stochasticity": 0.205078125, "adaptation_rate": 0.0054687500000000005, "weapon_cooldown_ticks": 2}