{"ticks": 200.0, "objective_progress": 0.0, "objective_controller": 1.0, "max_ticks": 200, "n_agents": 30, "seed": 1265, "objective_radius": 8, "wall_prob": 0.1424504872471186, "cover_prob": 0.12701223811469073, "choke_prob": 0.0715784139186497, "stochasticity": 0.04237844961801678, "adaptation_rate": 0.02970023181921057, "weapon_cooldown_ticks": 2}