{"ticks": 200.0, "objective_progress": 0.0, "objective_controller": 1.0, "max_ticks": 200, "n_agents": 30, "seed": 1840, "objective_radius": 9, "wall_prob": 0.16761197441453365, "cover_prob": 0.1598364785184083, "choke_prob": 0.023176205890993406, "stochasticity": 0.23055044551333828, "adaptation_rate": 0.17189124184080334, "weapon_cooldown_ticks": 2}