{"ticks": 200.0, "objective_progress": 1.0, "objective_controller": 1.0, "max_ticks": 200, "n_agents": 30, "seed": 1430, "objective_radius": 3, "wall_prob": 0.15882239885079869, "cover_prob": 0.10866226966831877, "choke_prob": 0.07612887176682134, "stochasticity": 0.488583897740175, "adaptation_rate": 0.0907317245323024, "weapon_cooldown_ticks": 1}