{"ticks": 200.0, "objective_progress": 0.0, "objective_controller": 0.0, "max_ticks": 200, "n_agents": 30, "seed": 1225, "objective_radius": 5, "wall_prob": 0.1995271539818203, "cover_prob": 0.1563601272138888, "choke_prob": 0.045043883048331256, "stochasticity": 0.08979146379108884, "adaptation_rate": 0.03350223471859303, "weapon_cooldown_ticks": 3}