{"ticks": 200.0, "objective_progress": 1.0, "objective_controller": 0.0, "max_ticks": 200, "n_agents": 30, "seed": 1672, "objective_radius": 5, "wall_prob": 0.034050664302575785, "cover_prob": 0.02997031876606553, "choke_prob": 0.01710617970098249, "stochasticity": 0.40984304000341815, "adaptation_rate": 0.036570237237058725, "weapon_cooldown_ticks": 2}