{"ticks": 200.0, "objective_progress": 0.0, "objective_controller": 1.0, "max_ticks": 200, "n_agents": 30, "seed": 1186, "objective_radius": 7, "wall_prob": 0.08350050182209222, "cover_prob": 0.08668971170634436, "choke_prob": 0.00931017016872077, "stochasticity": 0.07822033708554439, "adaptation_rate": 0.14858854967960197, "weapon_cooldown_ticks": 3}