{"ticks": 200.0, "objective_progress": 0.0, "objective_controller": 0.0, "max_ticks": 200, "n_agents": 30, "seed": 2503, "objective_radius": 11, "wall_prob": 0.150390625, "cover_prob": 0.1703125, "choke_prob": 0.017968750000000002, "stochasticity": 0.26171875, "adaptation_rate": 0.0140625, "weapon_cooldown_ticks": 2}