{"ticks": 200.0, "objective_progress": 0.08, "objective_controller": 1.0, "max_ticks": 200, "n_agents": 30, "seed": 2371, "objective_radius": 10, "wall_prob": 0.048828125, "cover_prob": 0.0171875, "choke_prob": 0.06640625, "stochasticity": 0.28515625, "adaptation_rate": 0.060937500000000006, "weapon_cooldown_ticks": 2}