{"ticks": 200.0, "objective_progress": 1.0, "objective_controller": 0.0, "max_ticks": 200, "n_agents": 30, "seed": 1027, "objective_radius": 9, "wall_prob": 0.20771288796566167, "cover_prob": 0.06867058988382312, "choke_prob": 0.09893454834271803, "stochasticity": 0.22351317691578648, "adaptation_rate": 0.11485381837611136, "weapon_cooldown_ticks": 1}