{"ticks": 200.0, "objective_progress": 0.8599999999999999, "objective_controller": 1.0, "max_ticks": 200, "n_agents": 30, "seed": 2040, "objective_radius": 6, "wall_prob": 0.0517578125, "cover_prob": 0.18359375, "choke_prob": 0.036328125, "stochasticity": 0.263671875, "adaptation_rate": 0.11015625000000001, "weapon_cooldown_ticks": 2}