{"ticks": 200.0, "objective_progress": 0.99, "objective_controller": 1.0, "max_ticks": 200, "n_agents": 30, "seed": 1784, "objective_radius": 3, "wall_prob": 0.039941294685579894, "cover_prob": 0.18014769452093005, "choke_prob": 0.07922094515755267, "stochasticity": 0.41882416862007793, "adaptation_rate": 0.014439919527853843, "weapon_cooldown_ticks": 2}