{"ticks": 200.0, "objective_progress": 0.04, "objective_controller": 0.0, "max_ticks": 200, "n_agents": 30, "seed": 1960, "objective_radius": 8, "wall_prob": 0.07968908662388033, "cover_prob": 0.06884304372884269, "choke_prob": 0.08563256498494004, "stochasticity": 0.07113691084296417, "adaptation_rate": 0.17075114689810164, "weapon_cooldown_ticks": 2}