{"ticks": 200.0, "objective_progress": 0.02000000000000005, "objective_controller": 0.0, "max_ticks": 200, "n_agents": 30, "seed": 1155, "objective_radius": 11, "wall_prob": 0.13629455527401496, "cover_prob": 0.12423406289198098, "choke_prob": 0.014589259705274395, "stochasticity": 0.19896347924104527, "adaptation_rate": 0.19630591781014245, "weapon_cooldown_ticks": 2}