{"ticks": 200.0, "objective_progress": 0.0, "objective_controller": 1.0, "max_ticks": 200, "n_agents": 30, "seed": 1078, "objective_radius": 10, "wall_prob": 0.031967214398110025, "cover_prob": 0.002655666672155745, "choke_prob": 0.06197086500942478, "stochasticity": 0.27494019250393564, "adaptation_rate": 0.12424050857161568, "weapon_cooldown_ticks": 3}