{"ticks": 200.0, "objective_progress": 0.12000000000000001, "objective_controller": 1.0, "max_ticks": 200, "n_agents": 30, "seed": 1916, "objective_radius": 9, "wall_prob": 0.07631627633860769, "cover_prob": 0.02434971240060709, "choke_prob": 0.096300899557863, "stochasticity": 0.44034764186578024, "adaptation_rate": 0.18446641857874044, "weapon_cooldown_ticks": 2}