{"ticks": 200.0, "objective_progress": 0.0, "objective_controller": 0.0, "max_ticks": 200, "n_agents": 30, "seed": 2203, "objective_radius": 10, "wall_prob": 0.060546875, "cover_prob": 0.0578125, "choke_prob": 0.08671875000000001, "stochasticity": 0.47265625, "adaptation_rate": 0.08281250000000001, "weapon_cooldown_ticks": 1}