{"ticks": 200.0, "objective_progress": 0.0, "objective_controller": 1.0, "max_ticks": 200, "n_agents": 30, "seed": 1868, "objective_radius": 10, "wall_prob": 0.12028533897579399, "cover_prob": 0.1650212962807847, "choke_prob": 0.07570551157105807, "stochasticity": 0.45144989021159615, "adaptation_rate": 0.16193593720294475, "weapon_cooldown_ticks": 1}