{"ticks": 200.0, "objective_progress": 0.06000000000000003, "objective_controller": 1.0, "max_ticks": 200, "n_agents": 30, "seed": 1261, "objective_radius": 5, "wall_prob": 0.08874183565641053, "cover_prob": 0.16537080401223672, "choke_prob": 0.0076992975899207745, "stochasticity": 0.40235608141951307, "adaptation_rate": 0.033181981307889345, "weapon_cooldown_ticks": 1}