{"ticks": 200.0, "objective_progress": 0.41999999999999965, "objective_controller": 1.0, "max_ticks": 200, "n_agents": 30, "seed": 1240, "objective_radius": 4, "wall_prob": 0.002904219548396505, "cover_prob": 0.11859331849565553, "choke_prob": 0.06543250015858157, "stochasticity": 0.27374522966695963, "adaptation_rate": 0.14959770860142063, "weapon_cooldown_ticks": 1}