{"ticks": 200.0, "objective_progress": 0.12, "objective_controller": 1.0, "max_ticks": 200, "n_agents": 30, "seed": 1193, "objective_radius": 8, "wall_prob": 0.10760389866549878, "cover_prob": 0.010838085663632334, "choke_prob": 0.02059043348467402, "stochasticity": 0.4435754926647759, "adaptation_rate": 0.07061392513329988, "weapon_cooldown_ticks": 3}