{"ticks": 200.0, "objective_progress": 1.0, "objective_controller": 0.0, "max_ticks": 200, "n_agents": 30, "seed": 2282, "objective_radius": 3, "wall_prob": 0.232421875, "cover_prob": 0.1046875, "choke_prob": 0.017968750000000002, "stochasticity": 0.18359375, "adaptation_rate": 0.1453125, "weapon_cooldown_ticks": 3}