{"ticks": 200.0, "objective_progress": 0.0, "objective_controller": 1.0, "max_ticks": 200, "n_agents": 30, "seed": 1227, "objective_radius": 10, "wall_prob": 0.18909911924950124, "cover_prob": 0.1930131803172659, "choke_prob": 0.05766779947878256, "stochasticity": 0.26654450501980276, "adaptation_rate": 0.029637993594570783, "weapon_cooldown_ticks": 1}