{"ticks": 200.0, "objective_progress": 0.0, "objective_controller": 0.0, "max_ticks": 200, "n_agents": 30, "seed": 1148, "objective_radius": 10, "wall_prob": 0.12326987396056267, "cover_prob": 0.15020671390443857, "choke_prob": 0.010569052602839137, "stochasticity": 0.3022771144189638, "adaptation_rate": 0.09768979583312279, "weapon_cooldown_ticks": 2}