{"ticks": 200.0, "objective_progress": 0.7600000000000001, "objective_controller": 0.0, "max_ticks": 200, "n_agents": 30, "seed": 2269, "objective_radius": 7, "wall_prob": 0.2373046875, "cover_prob": 0.10703125000000001, "choke_prob": 0.045703125000000004, "stochasticity": 0.072265625, "adaptation_rate": 0.08203125, "weapon_cooldown_ticks": 2}