{"ticks": 200.0, "objective_progress": 0.0, "objective_controller": 0.0, "max_ticks": 200, "n_agents": 30, "seed": 1173, "objective_radius": 9, "wall_prob": 0.11493007298195328, "cover_prob": 0.0251116698074456, "choke_prob": 0.08893297860632962, "stochasticity": 0.15103609056183015, "adaptation_rate": 0.1990613303048838, "weapon_cooldown_ticks": 1}