{"ticks": 200.0, "objective_progress": 1.0, "objective_controller": 0.0, "max_ticks": 200, "n_agents": 30, "seed": 1877, "objective_radius": 4, "wall_prob": 0.007308412762163324, "cover_prob": 0.18817701626042793, "choke_prob": 0.05611374777772341, "stochasticity": 0.10190194249485238, "adaptation_rate": 0.14782705074212513, "weapon_cooldown_ticks": 2}