{"ticks": 200.0, "objective_progress": 0.94, "objective_controller": 1.0, "max_ticks": 200, "n_agents": 30, "seed": 2533, "objective_radius": 7, "wall_prob": 0.0458984375, "cover_prob": 0.14296875, "choke_prob": 0.064453125, "stochasticity": 0.177734375, "adaptation_rate": 0.13203125000000002, "weapon_cooldown_ticks": 1}