{"ticks": 200.0, "objective_progress": 1.0, "objective_controller": 0.0, "max_ticks": 200, "n_agents": 30, "seed": 1982, "objective_radius": 5, "wall_prob": 0.2485320076851106, "cover_prob": 0.09566965502283802, "choke_prob": 0.002506896112683678, "stochasticity": 0.22044630304049126, "adaptation_rate": 0.10684832278191339, "weapon_cooldown_ticks": 2}