{"ticks": 200.0, "objective_progress": 0.16, "objective_controller": 1.0, "max_ticks": 200, "n_agents": 30, "seed": 1443, "objective_radius": 7, "wall_prob": 0.15755661872549584, "cover_prob": 0.09207236934764712, "choke_prob": 0.04455335770739127, "stochasticity": 0.0461423753070007, "adaptation_rate": 0.16087523865134684, "weapon_cooldown_ticks": 2}