{"ticks": 200.0, "objective_progress": 0.0, "objective_controller": 1.0, "max_ticks": 200, "n_agents": 30, "seed": 2561, "objective_radius": 8, "wall_prob": 0.0244140625, "cover_prob": 0.15390625000000002, "choke_prob": 0.07695312500000001, "stochasticity": 0.365234375, "adaptation_rate": 0.00703125, "weapon_cooldown_ticks": 3}