{"ticks": 200.0, "objective_progress": 0.7399999999999998, "objective_controller": 1.0, "max_ticks": 200, "n_agents": 30, "seed": 1065, "objective_radius": 3, "wall_prob": 0.09296029421003062, "cover_prob": 0.05642166648038352, "choke_prob": 0.023280518671255884, "stochasticity": 0.13078737214828637, "adaptation_rate": 0.05887021798951969, "weapon_cooldown_ticks": 3}