{"ticks": 200.0, "objective_progress": 0.8599999999999999, "objective_controller": 1.0, "max_ticks": 200, "n_agents": 30, "seed": 2535, "objective_radius": 6, "wall_prob": 0.197265625, "cover_prob": 0.035937500000000004, "choke_prob": 0.049218750000000006, "stochasticity": 0.05078125, "adaptation_rate": 0.0921875, "weapon_cooldown_ticks": 2}