{"ticks": 200.0, "objective_progress": 0.25999999999999984, "objective_controller": 0.0, "max_ticks": 200, "n_agents": 30, "seed": 2935, "objective_radius": 3, "wall_prob": 0.2431640625, "cover_prob": 0.02734375, "choke_prob": 0.054296875, "stochasticity": 0.162109375, "adaptation_rate": 0.08359375000000001, "weapon_cooldown_ticks": 3}