{"ticks": 200.0, "objective_progress": 0.0, "objective_controller": 0.0, "max_ticks": 200, "n_agents": 30, "seed": 1538, "objective_radius": 11, "wall_prob": 0.05916073516205317, "cover_prob": 0.022124113877887416, "choke_prob": 0.09466924994905544, "stochasticity": 0.47106458831981424, "adaptation_rate": 0.021635034215910287, "weapon_cooldown_ticks": 2}