{"ticks": 200.0, "objective_progress": 0.0, "objective_controller": 1.0, "max_ticks": 200, "n_agents": 30, "seed": 1376, "objective_radius": 12, "wall_prob": 0.2130874176352787, "cover_prob": 0.07951551204116498, "choke_prob": 0.048195717975526964, "stochasticity": 0.15301404343993344, "adaptation_rate": 0.06884702730203954, "weapon_cooldown_ticks": 2}