{"ticks": 200.0, "objective_progress": 0.0, "objective_controller": 1.0, "max_ticks": 200, "n_agents": 30, "seed": 1467, "objective_radius": 10, "wall_prob": 0.11510482373071856, "cover_prob": 0.123321147432588, "choke_prob": 0.08833221613512546, "stochasticity": 0.40943719313033333, "adaptation_rate": 0.08372074978470312, "weapon_cooldown_ticks": 2}