{"ticks": 200.0, "objective_progress": 0.0, "objective_controller": 1.0, "max_ticks": 200, "n_agents": 30, "seed": 1640, "objective_radius": 11, "wall_prob": 0.1338525985610692, "cover_prob": 0.08755452751692405, "choke_prob": 0.02626454009299601, "stochasticity": 0.44709428928147316, "adaptation_rate": 0.08425524476197882, "weapon_cooldown_ticks": 2}