{"ticks": 200.0, "objective_progress": 0.0, "objective_controller": 1.0, "max_ticks": 200, "n_agents": 30, "seed": 1098, "objective_radius": 12, "wall_prob": 0.08899511940349812, "cover_prob": 0.07436662115099989, "choke_prob": 0.031003127718851636, "stochasticity": 0.48995120604906106, "adaptation_rate": 0.10009179928297947, "weapon_cooldown_ticks": 1}