{"ticks": 200.0, "objective_progress": 1.0, "objective_controller": 0.0, "max_ticks": 200, "n_agents": 30, "seed": 1544, "objective_radius": 7, "wall_prob": 0.098636994388692, "cover_prob": 0.09549186477151762, "choke_prob": 0.022043281041861033, "stochasticity": 0.294695068074162, "adaptation_rate": 0.08203501900070162, "weapon_cooldown_ticks": 2}