{"ticks": 200.0, "objective_progress": 0.14000000000000007, "objective_controller": 1.0, "max_ticks": 200, "n_agents": 30, "seed": 3100, "objective_radius": 11, "wall_prob": 0.0166015625, "cover_prob": 0.17890625000000002, "choke_prob": 0.094921875, "stochasticity": 0.244140625, "adaptation_rate": 0.07109375, "weapon_cooldown_ticks": 1}