{"ticks": 200.0, "objective_progress": 0.0, "objective_controller": 1.0, "max_ticks": 200, "n_agents": 30, "seed": 1943, "objective_radius": 11, "wall_prob": 0.21922936131950957, "cover_prob": 0.11817174455194815, "choke_prob": 0.08780146510451867, "stochasticity": 0.40094650574137475, "adaptation_rate": 0.09132337802101925, "weapon_cooldown_ticks": 2}