{"ticks": 200.0, "objective_progress": 0.64, "objective_controller": 1.0, "max_ticks": 200, "n_agents": 30, "seed": 1576, "objective_radius": 6, "wall_prob": 0.1405339502692451, "cover_prob": 0.15110070654023433, "choke_prob": 0.054470413732197256, "stochasticity": 0.4543485950935822, "adaptation_rate": 0.12668543566182996, "weapon_cooldown_ticks": 1}