{"ticks": 200.0, "objective_progress": 1.0, "objective_controller": 0.0, "max_ticks": 200, "n_agents": 30, "seed": 1533, "objective_radius": 5, "wall_prob": 0.10601410057272247, "cover_prob": 0.11657798010410199, "choke_prob": 0.04105788894040324, "stochasticity": 0.023583046283400282, "adaptation_rate": 0.15749750549574137, "weapon_cooldown_ticks": 2}