{"ticks": 200.0, "objective_progress": 0.16, "objective_controller": 1.0, "max_ticks": 200, "n_agents": 30, "seed": 1497, "objective_radius": 11, "wall_prob": 0.06464621529182411, "cover_prob": 0.011565216733621082, "choke_prob": 0.0968630515637981, "stochasticity": 0.2459489038515331, "adaptation_rate": 0.12755811131617925, "weapon_cooldown_ticks": 1}