{"ticks": 200.0, "objective_progress": 0.0, "objective_controller": 1.0, "max_ticks": 200, "n_agents": 30, "seed": 1273, "objective_radius": 9, "wall_prob": 0.05466221429224198, "cover_prob": 0.0248235905699493, "choke_prob": 0.024665320074626088, "stochasticity": 0.09271412160237578, "adaptation_rate": 0.10539574737257902, "weapon_cooldown_ticks": 2}