{"ticks": 200.0, "objective_progress": 0.0, "objective_controller": 1.0, "max_ticks": 200, "n_agents": 30, "seed": 1388, "objective_radius": 11, "wall_prob": 0.22065417450398916, "cover_prob": 0.13207130712715529, "choke_prob": 0.010905577416979922, "stochasticity": 0.21285387063414174, "adaptation_rate": 0.10477977041975964, "weapon_cooldown_ticks": 3}