{"ticks": 200.0, "objective_progress": 1.0, "objective_controller": 0.0, "max_ticks": 200, "n_agents": 30, "seed": 1346, "objective_radius": 4, "wall_prob": 0.2389075149029602, "cover_prob": 0.10792995610563341, "choke_prob": 0.006927478894420379, "stochasticity": 0.4358640404552835, "adaptation_rate": 0.11888475079881596, "weapon_cooldown_ticks": 3}