{"ticks": 200.0, "objective_progress": 0.0, "objective_controller": 1.0, "max_ticks": 200, "n_agents": 30, "seed": 1167, "objective_radius": 9, "wall_prob": 0.21719501146512074, "cover_prob": 0.07080183704240663, "choke_prob": 0.09688871568268657, "stochasticity": 0.22638151583612723, "adaptation_rate": 0.1628515462921878, "weapon_cooldown_ticks": 3}