{"ticks": 200.0, "objective_progress": 1.0, "objective_controller": 0.0, "max_ticks": 200, "n_agents": 30, "seed": 2476, "objective_radius": 9, "wall_prob": 0.1240234375, "cover_prob": 0.06640625, "choke_prob": 0.012890625000000001, "stochasticity": 0.126953125, "adaptation_rate": 0.08515625, "weapon_cooldown_ticks": 1}