{"ticks": 200.0, "objective_progress": 0.0, "objective_controller": 1.0, "max_ticks": 200, "n_agents": 30, "seed": 1968, "objective_radius": 10, "wall_prob": 0.13019956503970792, "cover_prob": 0.17616789266353783, "choke_prob": 0.003688359495202537, "stochasticity": 0.49730546770262113, "adaptation_rate": 0.010266155225066517, "weapon_cooldown_ticks": 1}