{"ticks": 200.0, "objective_progress": 1.0, "objective_controller": 1.0, "max_ticks": 200, "n_agents": 30, "seed": 2755, "objective_radius": 8, "wall_prob": 0.1533203125, "cover_prob": 0.13046875, "choke_prob": 0.008984375000000001, "stochasticity": 0.341796875, "adaptation_rate": 0.16796875, "weapon_cooldown_ticks": 1}