{"ticks": 200.0, "objective_progress": 1.0, "objective_controller": 1.0, "max_ticks": 200, "n_agents": 30, "seed": 3148, "objective_radius": 3, "wall_prob": 0.2490234375, "cover_prob": 0.15390625000000002, "choke_prob": 0.057421875000000004, "stochasticity": 0.083984375, "adaptation_rate": 0.19609375, "weapon_cooldown_ticks": 3}