{"ticks": 200.0, "objective_progress": 1.0, "objective_controller": 1.0, "max_ticks": 200, "n_agents": 30, "seed": 1237, "objective_radius": 8, "wall_prob": 0.05231125335401124, "cover_prob": 0.0917508651974367, "choke_prob": 0.05152084625882937, "stochasticity": 0.1006400837776299, "adaptation_rate": 0.13857552238596696, "weapon_cooldown_ticks": 2}