{"ticks": 200.0, "objective_progress": 0.06, "objective_controller": 0.0, "max_ticks": 200, "n_agents": 30, "seed": 1192, "objective_radius": 9, "wall_prob": 0.18460161821027096, "cover_prob": 0.08053399002502544, "choke_prob": 0.06908860392540288, "stochasticity": 0.3086099626166356, "adaptation_rate": 0.004181766440725902, "weapon_cooldown_ticks": 3}