{"ticks": 200.0, "objective_progress": 0.0, "objective_controller": 1.0, "max_ticks": 200, "n_agents": 30, "seed": 1345, "objective_radius": 12, "wall_prob": 0.21783855670320101, "cover_prob": 0.062148402494287394, "choke_prob": 0.08751147418647134, "stochasticity": 0.07641511004299477, "adaptation_rate": 0.008449152869774046, "weapon_cooldown_ticks": 1}