{"ticks": 200.0, "objective_progress": 0.0, "objective_controller": 1.0, "max_ticks": 200, "n_agents": 30, "seed": 1750, "objective_radius": 10, "wall_prob": 0.1688792826172542, "cover_prob": 0.14861952771878112, "choke_prob": 0.05264018461784431, "stochasticity": 0.42568299726800046, "adaptation_rate": 0.0833402155787395, "weapon_cooldown_ticks": 1}