{"ticks": 200.0, "objective_progress": 0.02, "objective_controller": 1.0, "max_ticks": 200, "n_agents": 30, "seed": 1479, "objective_radius": 11, "wall_prob": 0.1980664577523207, "cover_prob": 0.11682648697147274, "choke_prob": 0.02678634915399919, "stochasticity": 0.4144694275773687, "adaptation_rate": 0.11423590798655936, "weapon_cooldown_ticks": 2}