{"ticks": 200.0, "objective_progress": 0.7400000000000001, "objective_controller": 1.0, "max_ticks": 200, "n_agents": 30, "seed": 1671, "objective_radius": 5, "wall_prob": 0.0060554207499802755, "cover_prob": 0.18661305501807263, "choke_prob": 0.022826862075665394, "stochasticity": 0.216964094059153, "adaptation_rate": 0.19182801805617297, "weapon_cooldown_ticks": 2}