{"ticks": 200.0, "objective_progress": 0.32, "objective_controller": 1.0, "max_ticks": 200, "n_agents": 30, "seed": 1366, "objective_radius": 9, "wall_prob": 0.003278967393734823, "cover_prob": 0.04589036157701776, "choke_prob": 0.0014461681153293932, "stochasticity": 0.17584473868761105, "adaptation_rate": 0.11776776611148809, "weapon_cooldown_ticks": 1}