{"ticks": 200.0, "objective_progress": 1.0, "objective_controller": 0.0, "max_ticks": 200, "n_agents": 30, "seed": 2933, "objective_radius": 4, "wall_prob": 0.2099609375, "cover_prob": 0.06015625, "choke_prob": 0.029296875, "stochasticity": 0.134765625, "adaptation_rate": 0.08359375000000001, "weapon_cooldown_ticks": 1}