{"ticks": 200.0, "objective_progress": 1.0, "objective_controller": 0.0, "max_ticks": 200, "n_agents": 30, "seed": 1543, "objective_radius": 5, "wall_prob": 0.21488667583396148, "cover_prob": 0.13923490364191324, "choke_prob": 0.010758575479879448, "stochasticity": 0.19546784928692038, "adaptation_rate": 0.16397318295477226, "weapon_cooldown_ticks": 3}