{"ticks": 200.0, "objective_progress": 0.0, "objective_controller": 0.0, "max_ticks": 200, "n_agents": 30, "seed": 1892, "objective_radius": 10, "wall_prob": 0.2460936976842413, "cover_prob": 0.006326291142692356, "choke_prob": 0.021744227108193903, "stochasticity": 0.37175644017597226, "adaptation_rate": 0.1145878173079096, "weapon_cooldown_ticks": 1}