{"ticks": 200.0, "objective_progress": 0.96, "objective_controller": 1.0, "max_ticks": 200, "n_agents": 30, "seed": 1197, "objective_radius": 9, "wall_prob": 0.22897986316289975, "cover_prob": 0.030245404717460463, "choke_prob": 0.051142548265709326, "stochasticity": 0.0865863550862264, "adaptation_rate": 0.05140397079721265, "weapon_cooldown_ticks": 2}