{"ticks": 200.0, "objective_progress": 0.7199999999999998, "objective_controller": 1.0, "max_ticks": 200, "n_agents": 30, "seed": 1924, "objective_radius": 4, "wall_prob": 0.08820463856405458, "cover_prob": 0.0911567769301808, "choke_prob": 0.06692150011651314, "stochasticity": 0.1453446450870277, "adaptation_rate": 0.09946395898228957, "weapon_cooldown_ticks": 2}