{"ticks": 200.0, "objective_progress": 0.039999999999999994, "objective_controller": 0.0, "max_ticks": 200, "n_agents": 30, "seed": 2085, "objective_radius": 9, "wall_prob": 0.1298828125, "cover_prob": 0.04609375, "choke_prob": 0.055078125000000006, "stochasticity": 0.482421875, "adaptation_rate": 0.09765625, "weapon_cooldown_ticks": 1}