{"ticks": 200.0, "objective_progress": 1.0, "objective_controller": 1.0, "max_ticks": 200, "n_agents": 30, "seed": 1298, "objective_radius": 4, "wall_prob": 0.2011709229296796, "cover_prob": 0.11010091585119218, "choke_prob": 0.07524346990294911, "stochasticity": 0.06999763180771654, "adaptation_rate": 0.007762803991290594, "weapon_cooldown_ticks": 2}