{"ticks": 200.0, "objective_progress": 0.0, "objective_controller": 0.0, "max_ticks": 200, "n_agents": 30, "seed": 1370, "objective_radius": 9, "wall_prob": 0.018244062184273407, "cover_prob": 0.0877649478155832, "choke_prob": 0.02014222312109119, "stochasticity": 0.21332945078689566, "adaptation_rate": 0.0403699229177575, "weapon_cooldown_ticks": 2}