{"ticks": 200.0, "objective_progress": 0.1399999999999994, "objective_controller": 0.0, "max_ticks": 200, "n_agents": 30, "seed": 1929, "objective_radius": 6, "wall_prob": 0.07422062876109604, "cover_prob": 0.08735185679425346, "choke_prob": 0.028842944448554727, "stochasticity": 0.40163479899084575, "adaptation_rate": 0.005581500561383633, "weapon_cooldown_ticks": 2}