{"ticks": 200.0, "objective_progress": 1.0, "objective_controller": 1.0, "max_ticks": 200, "n_agents": 30, "seed": 1558, "objective_radius": 7, "wall_prob": 0.025810227637547572, "cover_prob": 0.14270868938549464, "choke_prob": 0.07415173575364971, "stochasticity": 0.16439191017844754, "adaptation_rate": 0.05803181184360937, "weapon_cooldown_ticks": 2}