{"ticks": 200.0, "objective_progress": 0.0, "objective_controller": 1.0, "max_ticks": 200, "n_agents": 30, "seed": 1144, "objective_radius": 12, "wall_prob": 0.18875767632601312, "cover_prob": 0.003098796562291306, "choke_prob": 0.05135611542910728, "stochasticity": 0.445315198456176, "adaptation_rate": 0.18412154802724526, "weapon_cooldown_ticks": 3}