{"ticks": 200.0, "objective_progress": 0.0, "objective_controller": 1.0, "max_ticks": 200, "n_agents": 30, "seed": 2001, "objective_radius": 10, "wall_prob": 0.030661191990038805, "cover_prob": 0.05216709491982105, "choke_prob": 0.09505784395037573, "stochasticity": 0.4914740968704862, "adaptation_rate": 0.08253055328286082, "weapon_cooldown_ticks": 1}