{"ticks": 200.0, "objective_progress": 0.24000000000000007, "objective_controller": 0.0, "max_ticks": 200, "n_agents": 30, "seed": 2332, "objective_radius": 7, "wall_prob": 0.158203125, "cover_prob": 0.1390625, "choke_prob": 0.04609375, "stochasticity": 0.33984375, "adaptation_rate": 0.09531250000000001, "weapon_cooldown_ticks": 3}