{"ticks": 200.0, "objective_progress": 1.0, "objective_controller": 1.0, "max_ticks": 200, "n_agents": 30, "seed": 1976, "objective_radius": 4, "wall_prob": 0.10207404994019482, "cover_prob": 0.10542759709010385, "choke_prob": 0.009245701787237418, "stochasticity": 0.13885598499584562, "adaptation_rate": 0.07239951537707949, "weapon_cooldown_ticks": 2}