{"ticks": 200.0, "objective_progress": 0.26, "objective_controller": 0.0, "max_ticks": 200, "n_agents": 30, "seed": 1859, "objective_radius": 9, "wall_prob": 0.014018458601214739, "cover_prob": 0.007977157697342818, "choke_prob": 0.016740235603908537, "stochasticity": 0.353723172995139, "adaptation_rate": 0.1291406652582872, "weapon_cooldown_ticks": 2}