{"ticks": 200.0, "objective_progress": 0.22000000000000003, "objective_controller": 1.0, "max_ticks": 200, "n_agents": 30, "seed": 1767, "objective_radius": 10, "wall_prob": 0.18862868515727718, "cover_prob": 0.007685916183443904, "choke_prob": 0.06837945076475237, "stochasticity": 0.41691383340756655, "adaptation_rate": 0.18060487345699283, "weapon_cooldown_ticks": 2}