{"ticks": 200.0, "objective_progress": 1.0, "objective_controller": 1.0, "max_ticks": 200, "n_agents": 30, "seed": 1245, "objective_radius": 3, "wall_prob": 0.04261557206183471, "cover_prob": 0.03717349684994884, "choke_prob": 0.029357348064274043, "stochasticity": 0.48927880820875186, "adaptation_rate": 0.10082615638381119, "weapon_cooldown_ticks": 2}