{"ticks": 200.0, "objective_progress": 0.0, "objective_controller": 0.0, "max_ticks": 200, "n_agents": 30, "seed": 2125, "objective_radius": 9, "wall_prob": 0.044921875, "cover_prob": 0.0859375, "choke_prob": 0.013281250000000001, "stochasticity": 0.39453125, "adaptation_rate": 0.09843750000000001, "weapon_cooldown_ticks": 2}