{"ticks": 200.0, "objective_progress": 0.0, "objective_controller": 0.0, "max_ticks": 200, "n_agents": 30, "seed": 1136, "objective_radius": 12, "wall_prob": 0.057712943403472494, "cover_prob": 0.14194483046517706, "choke_prob": 0.07492304411244471, "stochasticity": 0.39114114942080846, "adaptation_rate": 0.19605078711898982, "weapon_cooldown_ticks": 2}