{"ticks": 200.0, "objective_progress": 1.0, "objective_controller": 0.0, "max_ticks": 200, "n_agents": 30, "seed": 1383, "objective_radius": 6, "wall_prob": 0.22920147654717252, "cover_prob": 0.1257111474593392, "choke_prob": 0.06160828319019789, "stochasticity": 0.01446945752335137, "adaptation_rate": 0.04089593503097703, "weapon_cooldown_ticks": 1}