{"ticks": 200.0, "objective_progress": 0.0, "objective_controller": 0.0, "max_ticks": 200, "n_agents": 30, "seed": 1389, "objective_radius": 10, "wall_prob": 0.1683934998735952, "cover_prob": 0.017866603311776367, "choke_prob": 0.05434394979522026, "stochasticity": 0.22605637622072944, "adaptation_rate": 0.1806849525616706, "weapon_cooldown_ticks": 2}