{"ticks": 200.0, "objective_progress": 1.0, "objective_controller": 0.0, "max_ticks": 200, "n_agents": 30, "seed": 1222, "objective_radius": 4, "wall_prob": 0.2457305842605278, "cover_prob": 0.17814770961351703, "choke_prob": 0.07015451808030264, "stochasticity": 0.30100112760711667, "adaptation_rate": 0.1043474391697446, "weapon_cooldown_ticks": 2}