{"ticks": 200.0, "objective_progress": 0.0, "objective_controller": 1.0, "max_ticks": 200, "n_agents": 30, "seed": 1358, "objective_radius": 11, "wall_prob": 0.13107309946674311, "cover_prob": 0.024160413751384443, "choke_prob": 0.06529566380452478, "stochasticity": 0.38428919151355784, "adaptation_rate": 0.006754915924897367, "weapon_cooldown_ticks": 2}