{"ticks": 200.0, "objective_progress": 1.0, "objective_controller": 0.0, "max_ticks": 200, "n_agents": 30, "seed": 1563, "objective_radius": 4, "wall_prob": 0.13710937229529443, "cover_prob": 0.19654861960425626, "choke_prob": 0.04257840396575883, "stochasticity": 0.1958831294081692, "adaptation_rate": 0.16875566073535697, "weapon_cooldown_ticks": 2}