{"ticks": 200.0, "objective_progress": 1.0, "objective_controller": 1.0, "max_ticks": 200, "n_agents": 30, "seed": 2436, "objective_radius": 4, "wall_prob": 0.087890625, "cover_prob": 0.0234375, "choke_prob": 0.055468750000000004, "stochasticity": 0.39453125, "adaptation_rate": 0.07968750000000001, "weapon_cooldown_ticks": 3}