{"ticks": 200.0, "objective_progress": 0.12999999999999962, "objective_controller": 1.0, "max_ticks": 200, "n_agents": 30, "seed": 1369, "objective_radius": 4, "wall_prob": 0.03562168215310094, "cover_prob": 0.13019426514268265, "choke_prob": 0.007328852795959198, "stochasticity": 0.49883379755221496, "adaptation_rate": 0.026015014441130385, "weapon_cooldown_ticks": 1}