{"ticks": 200.0, "objective_progress": 1.0, "objective_controller": 0.0, "max_ticks": 200, "n_agents": 30, "seed": 2789, "objective_radius": 5, "wall_prob": 0.2294921875, "cover_prob": 0.10078125, "choke_prob": 0.043359375000000006, "stochasticity": 0.080078125, "adaptation_rate": 0.14296875, "weapon_cooldown_ticks": 2}