{"ticks": 200.0, "objective_progress": 0.4799999999999996, "objective_controller": 0.0, "max_ticks": 200, "n_agents": 30, "seed": 2685, "objective_radius": 4, "wall_prob": 0.0029296875, "cover_prob": 0.15703125, "choke_prob": 0.046484375, "stochasticity": 0.345703125, "adaptation_rate": 0.13671875, "weapon_cooldown_ticks": 2}