{"ticks": 200.0, "objective_progress": 0.12, "objective_controller": 1.0, "max_ticks": 200, "n_agents": 30, "seed": 1599, "objective_radius": 12, "wall_prob": 0.2248293802797804, "cover_prob": 0.056998189158516135, "choke_prob": 0.059784460551402165, "stochasticity": 0.1505392250421167, "adaptation_rate": 0.05359007729853459, "weapon_cooldown_ticks": 1}