{"ticks": 200.0, "objective_progress": 0.0, "objective_controller": 0.0, "max_ticks": 200, "n_agents": 30, "seed": 1552, "objective_radius": 10, "wall_prob": 0.08238123318790155, "cover_prob": 0.010686183312072835, "choke_prob": 0.05906293502858735, "stochasticity": 0.1413210380153709, "adaptation_rate": 0.07935968597324017, "weapon_cooldown_ticks": 2}