{"ticks": 200.0, "objective_progress": 0.0, "objective_controller": 0.0, "max_ticks": 200, "n_agents": 30, "seed": 1956, "objective_radius": 11, "wall_prob": 0.1266102678650434, "cover_prob": 0.1390360497185035, "choke_prob": 0.09851019681360328, "stochasticity": 0.3560002941507998, "adaptation_rate": 0.13192323962895405, "weapon_cooldown_ticks": 2}