{"ticks": 200.0, "objective_progress": 0.5599999999999996, "objective_controller": 0.0, "max_ticks": 200, "n_agents": 30, "seed": 1284, "objective_radius": 6, "wall_prob": 0.08592177265487265, "cover_prob": 0.14445412262678647, "choke_prob": 0.01897714900402123, "stochasticity": 0.32145102422734473, "adaptation_rate": 0.0771199030008562, "weapon_cooldown_ticks": 2}