{"ticks": 200.0, "objective_progress": 0.1199999999999997, "objective_controller": 1.0, "max_ticks": 200, "n_agents": 30, "seed": 2593, "objective_radius": 8, "wall_prob": 0.0361328125, "cover_prob": 0.06171875, "choke_prob": 0.08085937500000001, "stochasticity": 0.013671875, "adaptation_rate": 0.049218750000000006, "weapon_cooldown_ticks": 3}