{"ticks": 200.0, "objective_progress": 0.0, "objective_controller": 1.0, "max_ticks": 200, "n_agents": 30, "seed": 1097, "objective_radius": 12, "wall_prob": 0.20655384376194785, "cover_prob": 0.09851560000274391, "choke_prob": 0.08730123054449633, "stochasticity": 0.3259820174383248, "adaptation_rate": 0.10216273663311237, "weapon_cooldown_ticks": 2}