{"ticks": 200.0, "objective_progress": 0.58, "objective_controller": 1.0, "max_ticks": 200, "n_agents": 30, "seed": 1420, "objective_radius": 6, "wall_prob": 0.03418672242230602, "cover_prob": 0.025538302746739697, "choke_prob": 0.09959946204893436, "stochasticity": 0.012753022037211287, "adaptation_rate": 0.0708060865854319, "weapon_cooldown_ticks": 2}