{"ticks": 200.0, "objective_progress": 0.0, "objective_controller": 1.0, "max_ticks": 200, "n_agents": 30, "seed": 1834, "objective_radius": 11, "wall_prob": 0.15167329592791404, "cover_prob": 0.1637963304276587, "choke_prob": 0.07957600324808693, "stochasticity": 0.2486399071858652, "adaptation_rate": 0.18806381804028588, "weapon_cooldown_ticks": 1}