{"ticks": 200.0, "objective_progress": 1.0, "objective_controller": 1.0, "max_ticks": 200, "n_agents": 30, "seed": 1326, "objective_radius": 9, "wall_prob": 0.203824853714722, "cover_prob": 0.12250647131392736, "choke_prob": 0.016141130517941582, "stochasticity": 0.2810436845143924, "adaptation_rate": 0.1937288630269424, "weapon_cooldown_ticks": 2}