{"ticks": 200.0, "objective_progress": 0.0, "objective_controller": 0.0, "max_ticks": 200, "n_agents": 30, "seed": 3079, "objective_radius": 11, "wall_prob": 0.1259765625, "cover_prob": 0.00859375, "choke_prob": 0.057421875000000004, "stochasticity": 0.115234375, "adaptation_rate": 0.15234375, "weapon_cooldown_ticks": 2}