{"ticks": 200.0, "objective_progress": 1.0, "objective_controller": 0.0, "max_ticks": 200, "n_agents": 30, "seed": 2463, "objective_radius": 6, "wall_prob": 0.150390625, "cover_prob": 0.17343750000000002, "choke_prob": 0.08046875, "stochasticity": 0.26953125, "adaptation_rate": 0.029687500000000002, "weapon_cooldown_ticks": 1}