{"ticks": 200.0, "objective_progress": 0.0, "objective_controller": 1.0, "max_ticks": 200, "n_agents": 30, "seed": 2096, "objective_radius": 12, "wall_prob": 0.115234375, "cover_prob": 0.0765625, "choke_prob": 0.08984375, "stochasticity": 0.48046875, "adaptation_rate": 0.17343750000000002, "weapon_cooldown_ticks": 2}