{"ticks": 200.0, "objective_progress": 1.0, "objective_controller": 0.0, "max_ticks": 200, "n_agents": 30, "seed": 1846, "objective_radius": 9, "wall_prob": 0.14215893580844943, "cover_prob": 0.18506168576180163, "choke_prob": 0.05233852711062673, "stochasticity": 0.42980459821829997, "adaptation_rate": 0.11210270277082648, "weapon_cooldown_ticks": 2}