{"ticks": 200.0, "objective_progress": 0.0, "objective_controller": 1.0, "max_ticks": 200, "n_agents": 30, "seed": 2815, "objective_radius": 11, "wall_prob": 0.0888671875, "cover_prob": 0.06328125, "choke_prob": 0.049609375000000004, "stochasticity": 0.123046875, "adaptation_rate": 0.14296875, "weapon_cooldown_ticks": 3}