{"ticks": 200.0, "objective_progress": 0.19999999999999915, "objective_controller": 1.0, "max_ticks": 200, "n_agents": 30, "seed": 1483, "objective_radius": 6, "wall_prob": 0.19839212068841194, "cover_prob": 0.08928003729290261, "choke_prob": 0.050042535229703214, "stochasticity": 0.198371470166423, "adaptation_rate": 0.17250307795362674, "weapon_cooldown_ticks": 3}