{"ticks": 200.0, "objective_progress": 0.0, "objective_controller": 1.0, "max_ticks": 200, "n_agents": 30, "seed": 3025, "objective_radius": 12, "wall_prob": 0.1572265625, "cover_prob": 0.08359375000000001, "choke_prob": 0.06992187500000001, "stochasticity": 0.302734375, "adaptation_rate": 0.17734375000000002, "weapon_cooldown_ticks": 2}