{"ticks": 200.0, "objective_progress": 0.12, "objective_controller": 1.0, "max_ticks": 200, "n_agents": 30, "seed": 1842, "objective_radius": 5, "wall_prob": 0.15618878882743228, "cover_prob": 0.1442763087763878, "choke_prob": 0.05320095965858116, "stochasticity": 0.05747268095046673, "adaptation_rate": 0.1887000433218355, "weapon_cooldown_ticks": 3}