{"ticks": 200.0, "objective_progress": 1.0, "objective_controller": 1.0, "max_ticks": 200, "n_agents": 30, "seed": 1117, "objective_radius": 7, "wall_prob": 0.016030159573721378, "cover_prob": 0.1603808602034137, "choke_prob": 0.03156556229460175, "stochasticity": 0.05170010507237575, "adaptation_rate": 0.1803221389563411, "weapon_cooldown_ticks": 2}