{"ticks": 200.0, "objective_progress": 0.21999999999999997, "objective_controller": 0.0, "max_ticks": 200, "n_agents": 30, "seed": 2349, "objective_radius": 9, "wall_prob": 0.0478515625, "cover_prob": 0.02421875, "choke_prob": 0.011328125000000001, "stochasticity": 0.193359375, "adaptation_rate": 0.12578125, "weapon_cooldown_ticks": 3}