{"ticks": 200.0, "objective_progress": 0.18, "objective_controller": 1.0, "max_ticks": 200, "n_agents": 30, "seed": 1826, "objective_radius": 8, "wall_prob": 0.019401743165324375, "cover_prob": 0.1677764621611998, "choke_prob": 0.08880139206716857, "stochasticity": 0.23678341487733595, "adaptation_rate": 0.15700167362338344, "weapon_cooldown_ticks": 2}