{"ticks": 200.0, "objective_progress": 0.0, "objective_controller": 0.0, "max_ticks": 200, "n_agents": 30, "seed": 1100, "objective_radius": 5, "wall_prob": 0.016277036916584293, "cover_prob": 0.10112848564961643, "choke_prob": 0.00641313878948591, "stochasticity": 0.14244234511262907, "adaptation_rate": 0.10172258422127174, "weapon_cooldown_ticks": 3}