{"ticks": 200.0, "objective_progress": 1.0, "objective_controller": 1.0, "max_ticks": 200, "n_agents": 30, "seed": 1507, "objective_radius": 5, "wall_prob": 0.1630943815959857, "cover_prob": 0.12930661661335968, "choke_prob": 0.05024062498309556, "stochasticity": 0.007050916529531268, "adaptation_rate": 0.11839716777544095, "weapon_cooldown_ticks": 1}