{"ticks": 200.0, "objective_progress": 1.0, "objective_controller": 1.0, "max_ticks": 200, "n_agents": 30, "seed": 1126, "objective_radius": 7, "wall_prob": 0.002154186679863884, "cover_prob": 0.15278252299876494, "choke_prob": 0.0005175092138388596, "stochasticity": 0.1866330973171426, "adaptation_rate": 0.17434869228886046, "weapon_cooldown_ticks": 1}