{"ticks": 200.0, "objective_progress": 0.7399999999999999, "objective_controller": 1.0, "max_ticks": 200, "n_agents": 30, "seed": 2053, "objective_radius": 6, "wall_prob": 0.216796875, "cover_prob": 0.0484375, "choke_prob": 0.057031250000000006, "stochasticity": 0.42578125, "adaptation_rate": 0.11093750000000001, "weapon_cooldown_ticks": 2}