{"ticks": 200.0, "objective_progress": 1.0, "objective_controller": 0.0, "max_ticks": 200, "n_agents": 30, "seed": 1437, "objective_radius": 4, "wall_prob": 0.20999815577645672, "cover_prob": 0.08790530042985119, "choke_prob": 0.08949399257669358, "stochasticity": 0.19961358366063758, "adaptation_rate": 0.12874936506247384, "weapon_cooldown_ticks": 1}