{"ticks": 200.0, "objective_progress": 1.0, "objective_controller": 0.0, "max_ticks": 200, "n_agents": 30, "seed": 3084, "objective_radius": 4, "wall_prob": 0.0927734375, "cover_prob": 0.12890625, "choke_prob": 0.051171875000000006, "stochasticity": 0.369140625, "adaptation_rate": 0.12109375, "weapon_cooldown_ticks": 2}