{"ticks": 200.0, "objective_progress": 0.0, "objective_controller": 0.0, "max_ticks": 200, "n_agents": 30, "seed": 2344, "objective_radius": 9, "wall_prob": 0.095703125, "cover_prob": 0.1046875, "choke_prob": 0.09765625, "stochasticity": 0.06640625, "adaptation_rate": 0.09843750000000001, "weapon_cooldown_ticks": 2}