{"ticks": 200.0, "objective_progress": 0.0, "objective_controller": 1.0, "max_ticks": 200, "n_agents": 30, "seed": 2088, "objective_radius": 9, "wall_prob": 0.177734375, "cover_prob": 0.1265625, "choke_prob": 0.014843750000000001, "stochasticity": 0.35546875, "adaptation_rate": 0.1265625, "weapon_cooldown_ticks": 3}