{"ticks": 200.0, "objective_progress": 0.0, "objective_controller": 0.0, "max_ticks": 200, "n_agents": 30, "seed": 1129, "objective_radius": 7, "wall_prob": 0.07330566084134457, "cover_prob": 0.08820549458420394, "choke_prob": 0.0038817987525618597, "stochasticity": 0.36974668197505206, "adaptation_rate": 0.00803827858961774, "weapon_cooldown_ticks": 2}