{"ticks": 200.0, "objective_progress": 0.0, "objective_controller": 1.0, "max_ticks": 200, "n_agents": 30, "seed": 1268, "objective_radius": 6, "wall_prob": 0.010838214864271717, "cover_prob": 0.132967979203513, "choke_prob": 0.0533958798988357, "stochasticity": 0.3661505403977117, "adaptation_rate": 0.1865265185796314, "weapon_cooldown_ticks": 3}