{"ticks": 200.0, "objective_progress": 0.0, "objective_controller": 0.0, "max_ticks": 200, "n_agents": 30, "seed": 1621, "objective_radius": 12, "wall_prob": 0.1358106076746064, "cover_prob": 0.13991413231120503, "choke_prob": 0.08514236161009801, "stochasticity": 0.039645823355738984, "adaptation_rate": 0.011041978802005333, "weapon_cooldown_ticks": 2}