{"ticks": 200.0, "objective_progress": 1.0, "objective_controller": 1.0, "max_ticks": 200, "n_agents": 30, "seed": 2290, "objective_radius": 3, "wall_prob": 0.064453125, "cover_prob": 0.07968750000000001, "choke_prob": 0.03515625, "stochasticity": 0.25390625, "adaptation_rate": 0.1234375, "weapon_cooldown_ticks": 2}