{"ticks": 200.0, "objective_progress": 0.0, "objective_controller": 0.0, "max_ticks": 200, "n_agents": 30, "seed": 1336, "objective_radius": 6, "wall_prob": 0.004308276287476763, "cover_prob": 0.055199283380601954, "choke_prob": 0.08184513534855417, "stochasticity": 0.1406802474626002, "adaptation_rate": 0.06931514507258134, "weapon_cooldown_ticks": 3}