{"ticks": 200.0, "objective_progress": 1.0, "objective_controller": 1.0, "max_ticks": 200, "n_agents": 30, "seed": 1135, "objective_radius": 9, "wall_prob": 0.18764082697177237, "cover_prob": 0.07974062980778449, "choke_prob": 0.05934722756758579, "stochasticity": 0.18912106504150886, "adaptation_rate": 0.165948631800088, "weapon_cooldown_ticks": 1}