{"ticks": 200.0, "objective_progress": 1.0, "objective_controller": 1.0, "max_ticks": 200, "n_agents": 30, "seed": 1559, "objective_radius": 6, "wall_prob": 0.14594483662672317, "cover_prob": 0.19426396030515203, "choke_prob": 0.09836992831471897, "stochasticity": 0.4061231971063245, "adaptation_rate": 0.14678507954645106, "weapon_cooldown_ticks": 1}