{"ticks": 200.0, "objective_progress": 0.45999999999999963, "objective_controller": 0.0, "max_ticks": 200, "n_agents": 30, "seed": 2084, "objective_radius": 9, "wall_prob": 0.1298828125, "cover_prob": 0.00078125, "choke_prob": 0.075390625, "stochasticity": 0.482421875, "adaptation_rate": 0.09765625, "weapon_cooldown_ticks": 1}