{"ticks": 200.0, "objective_progress": 0.5399999999999999, "objective_controller": 1.0, "max_ticks": 200, "n_agents": 30, "seed": 1235, "objective_radius": 5, "wall_prob": 0.17438067671797808, "cover_prob": 0.066619095378046, "choke_prob": 0.06813041122201606, "stochasticity": 0.014802720366525583, "adaptation_rate": 0.07146343741994898, "weapon_cooldown_ticks": 3}