{"ticks": 200.0, "objective_progress": 0.0, "objective_controller": 0.0, "max_ticks": 200, "n_agents": 30, "seed": 2269, "objective_radius": 7, "wall_prob": 0.083984375, "cover_prob": 0.0546875, "choke_prob": 0.022656250000000003, "stochasticity": 0.31640625, "adaptation_rate": 0.16718750000000002, "weapon_cooldown_ticks": 3}