{"ticks": 200.0, "objective_progress": 0.02000000000000005, "objective_controller": 0.0, "max_ticks": 200, "n_agents": 30, "seed": 2408, "objective_radius": 11, "wall_prob": 0.1572265625, "cover_prob": 0.13515625, "choke_prob": 0.067578125, "stochasticity": 0.349609375, "adaptation_rate": 0.13828125, "weapon_cooldown_ticks": 2}