{"ticks": 200.0, "objective_progress": 1.0, "objective_controller": 1.0, "max_ticks": 200, "n_agents": 30, "seed": 1020, "objective_radius": 5, "wall_prob": 0.22003619246573097, "cover_prob": 0.18481598828420748, "choke_prob": 0.013628768690243508, "stochasticity": 0.4390105344803919, "adaptation_rate": 0.015005942592891012, "weapon_cooldown_ticks": 2}