{"ticks": 200.0, "objective_progress": 0.0, "objective_controller": 1.0, "max_ticks": 200, "n_agents": 30, "seed": 1656, "objective_radius": 11, "wall_prob": 0.12937746940333042, "cover_prob": 0.15819260905964547, "choke_prob": 0.015008581248151307, "stochasticity": 0.4850387316183729, "adaptation_rate": 0.07164649350539729, "weapon_cooldown_ticks": 2}