{"ticks": 200.0, "objective_progress": 0.0, "objective_controller": 1.0, "max_ticks": 200, "n_agents": 30, "seed": 1087, "objective_radius": 10, "wall_prob": 0.0441120182157393, "cover_prob": 0.08178787225758881, "choke_prob": 0.03471123839145123, "stochasticity": 0.1597098354464042, "adaptation_rate": 0.09507861653977567, "weapon_cooldown_ticks": 3}