{"ticks": 200.0, "objective_progress": 0.0, "objective_controller": 0.0, "max_ticks": 200, "n_agents": 30, "seed": 1272, "objective_radius": 10, "wall_prob": 0.17730873541286016, "cover_prob": 0.002917064523373405, "choke_prob": 0.018357813008161434, "stochasticity": 0.46606472122719517, "adaptation_rate": 0.19900057169851862, "weapon_cooldown_ticks": 2}