{"ticks": 200.0, "objective_progress": 0.8999999999999999, "objective_controller": 1.0, "max_ticks": 200, "n_agents": 30, "seed": 2214, "objective_radius": 5, "wall_prob": 0.1376953125, "cover_prob": 0.06484375, "choke_prob": 0.072265625, "stochasticity": 0.279296875, "adaptation_rate": 0.041406250000000006, "weapon_cooldown_ticks": 1}