{"ticks": 200.0, "objective_progress": 1.0, "objective_controller": 0.0, "max_ticks": 200, "n_agents": 30, "seed": 1146, "objective_radius": 7, "wall_prob": 0.10722426305114989, "cover_prob": 0.02236989250126397, "choke_prob": 0.06929147293158218, "stochasticity": 0.31948366703077474, "adaptation_rate": 0.12022687302228799, "weapon_cooldown_ticks": 2}