{"ticks": 200.0, "objective_progress": 0.11999999999999998, "objective_controller": 1.0, "max_ticks": 200, "n_agents": 30, "seed": 2491, "objective_radius": 9, "wall_prob": 0.0712890625, "cover_prob": 0.08046875, "choke_prob": 0.070703125, "stochasticity": 0.251953125, "adaptation_rate": 0.06953125, "weapon_cooldown_ticks": 2}