{"ticks": 200.0, "objective_progress": 0.0, "objective_controller": 1.0, "max_ticks": 200, "n_agents": 30, "seed": 1329, "objective_radius": 11, "wall_prob": 0.015257815283015065, "cover_prob": 0.19953551829479949, "choke_prob": 0.04730975415288353, "stochasticity": 0.3491397195333799, "adaptation_rate": 0.14970014796211606, "weapon_cooldown_ticks": 2}