{"ticks": 200.0, "objective_progress": 1.0, "objective_controller": 1.0, "max_ticks": 200, "n_agents": 30, "seed": 1441, "objective_radius": 4, "wall_prob": 0.12821098471092882, "cover_prob": 0.0783654800752231, "choke_prob": 0.0296846677166539, "stochasticity": 0.3426079955686801, "adaptation_rate": 0.032355238504410196, "weapon_cooldown_ticks": 2}