{"ticks": 200.0, "objective_progress": 0.0, "objective_controller": 1.0, "max_ticks": 200, "n_agents": 30, "seed": 1991, "objective_radius": 12, "wall_prob": 0.036293630649931026, "cover_prob": 0.09310312501407353, "choke_prob": 0.07193436719714946, "stochasticity": 0.3417193063579261, "adaptation_rate": 0.13898856938572232, "weapon_cooldown_ticks": 2}