{"ticks": 200.0, "objective_progress": 0.36, "objective_controller": 1.0, "max_ticks": 200, "n_agents": 30, "seed": 1351, "objective_radius": 5, "wall_prob": 0.10442747573433772, "cover_prob": 0.14913810026966356, "choke_prob": 0.031667091535974565, "stochasticity": 0.08266434049376055, "adaptation_rate": 0.09931279397748372, "weapon_cooldown_ticks": 1}