{"ticks": 200.0, "objective_progress": 0.0, "objective_controller": 1.0, "max_ticks": 200, "n_agents": 30, "seed": 2840, "objective_radius": 10, "wall_prob": 0.2451171875, "cover_prob": 0.11796875000000001, "choke_prob": 0.037109375, "stochasticity": 0.236328125, "adaptation_rate": 0.16796875, "weapon_cooldown_ticks": 2}