{"ticks": 200.0, "objective_progress": 0.0, "objective_controller": 1.0, "max_ticks": 200, "n_agents": 30, "seed": 1303, "objective_radius": 11, "wall_prob": 0.22288225724379349, "cover_prob": 0.1734474420153721, "choke_prob": 0.01038951840750261, "stochasticity": 0.06624595527357278, "adaptation_rate": 0.023487179428276612, "weapon_cooldown_ticks": 3}