{"ticks": 200.0, "objective_progress": 1.0, "objective_controller": 0.0, "max_ticks": 200, "n_agents": 30, "seed": 2272, "objective_radius": 8, "wall_prob": 0.1748046875, "cover_prob": 0.02734375, "choke_prob": 0.028515625000000003, "stochasticity": 0.310546875, "adaptation_rate": 0.17890625000000002, "weapon_cooldown_ticks": 1}