{"ticks": 200.0, "objective_progress": 0.0, "objective_controller": 1.0, "max_ticks": 200, "n_agents": 30, "seed": 1012, "objective_radius": 8, "wall_prob": 0.15368017735641118, "cover_prob": 0.07580032230286043, "choke_prob": 0.004580742027069463, "stochasticity": 0.4290416031658593, "adaptation_rate": 0.17165487026698195, "weapon_cooldown_ticks": 3}