{"ticks": 200.0, "objective_progress": 0.8599999999999999, "objective_controller": 1.0, "max_ticks": 200, "n_agents": 30, "seed": 1055, "objective_radius": 5, "wall_prob": 0.21353779291743016, "cover_prob": 0.028882811795120707, "choke_prob": 0.010944213242315716, "stochasticity": 0.42703243685088393, "adaptation_rate": 0.021959298114491946, "weapon_cooldown_ticks": 3}