{"ticks": 200.0, "objective_progress": 0.6799999999999997, "objective_controller": 1.0, "max_ticks": 200, "n_agents": 30, "seed": 1940, "objective_radius": 7, "wall_prob": 0.22964167518212164, "cover_prob": 0.05243120236321185, "choke_prob": 0.07588627560494465, "stochasticity": 0.45840505360190437, "adaptation_rate": 0.03678622392622507, "weapon_cooldown_ticks": 1}