{"ticks": 200.0, "objective_progress": 1.0, "objective_controller": 1.0, "max_ticks": 200, "n_agents": 30, "seed": 1244, "objective_radius": 4, "wall_prob": 0.17199350347466727, "cover_prob": 0.1798558284841174, "choke_prob": 0.004027288496449844, "stochasticity": 0.03705644756681482, "adaptation_rate": 0.12467777238882455, "weapon_cooldown_ticks": 2}