{"ticks": 200.0, "objective_progress": 0.16, "objective_controller": 1.0, "max_ticks": 200, "n_agents": 30, "seed": 1285, "objective_radius": 9, "wall_prob": 0.24262143459395616, "cover_prob": 0.06428227259893553, "choke_prob": 0.07681925502363891, "stochasticity": 0.16615885861452045, "adaptation_rate": 0.04991904923238611, "weapon_cooldown_ticks": 2}