{"ticks": 200.0, "objective_progress": 0.12, "objective_controller": 0.0, "max_ticks": 200, "n_agents": 30, "seed": 1270, "objective_radius": 5, "wall_prob": 0.09140156626004553, "cover_prob": 0.01669292548181785, "choke_prob": 0.07166093199512456, "stochasticity": 0.16026369361502615, "adaptation_rate": 0.10710635137300879, "weapon_cooldown_ticks": 1}