{"ticks": 200.0, "objective_progress": 0.37999999999999956, "objective_controller": 1.0, "max_ticks": 200, "n_agents": 30, "seed": 1305, "objective_radius": 6, "wall_prob": 0.20352120040533753, "cover_prob": 0.05729303971469481, "choke_prob": 0.09023541257972645, "stochasticity": 0.29553823008860686, "adaptation_rate": 0.1968295722220162, "weapon_cooldown_ticks": 2}