{"ticks": 200.0, "objective_progress": 0.0, "objective_controller": 1.0, "max_ticks": 200, "n_agents": 30, "seed": 1947, "objective_radius": 10, "wall_prob": 0.14873811646869492, "cover_prob": 0.12638390117706727, "choke_prob": 0.005343241610138572, "stochasticity": 0.20159718608639587, "adaptation_rate": 0.027980593728065287, "weapon_cooldown_ticks": 2}