{"ticks": 200.0, "objective_progress": 0.29999999999999927, "objective_controller": 0.0, "max_ticks": 200, "n_agents": 30, "seed": 1644, "objective_radius": 9, "wall_prob": 0.11065472945512117, "cover_prob": 0.16087139441659137, "choke_prob": 0.05724287972635272, "stochasticity": 0.1819115436081059, "adaptation_rate": 0.10133551667123307, "weapon_cooldown_ticks": 2}