{"ticks": 200.0, "objective_progress": 1.0, "objective_controller": 1.0, "max_ticks": 200, "n_agents": 30, "seed": 1915, "objective_radius": 4, "wall_prob": 0.023744047729688866, "cover_prob": 0.035502918766912576, "choke_prob": 0.09801483554545172, "stochasticity": 0.4920313361805317, "adaptation_rate": 0.15093430320913917, "weapon_cooldown_ticks": 3}