{"ticks": 200.0, "objective_progress": 0.019999999999999993, "objective_controller": 0.0, "max_ticks": 200, "n_agents": 30, "seed": 1512, "objective_radius": 10, "wall_prob": 0.07323160138289952, "cover_prob": 0.04529513491348038, "choke_prob": 0.07430909965477309, "stochasticity": 0.006402754464075976, "adaptation_rate": 0.056969475795411485, "weapon_cooldown_ticks": 2}