{"ticks": 200.0, "objective_progress": 0.06, "objective_controller": 1.0, "max_ticks": 200, "n_agents": 30, "seed": 2130, "objective_radius": 8, "wall_prob": 0.021484375, "cover_prob": 0.15156250000000002, "choke_prob": 0.03828125, "stochasticity": 0.29296875, "adaptation_rate": 0.15156250000000002, "weapon_cooldown_ticks": 3}