{"ticks": 200.0, "objective_progress": 0.6599999999999997, "objective_controller": 0.0, "max_ticks": 200, "n_agents": 30, "seed": 1436, "objective_radius": 8, "wall_prob": 0.09227228429145888, "cover_prob": 0.10377509263190193, "choke_prob": 0.09425947325738883, "stochasticity": 0.35408497447985093, "adaptation_rate": 0.16515967912870874, "weapon_cooldown_ticks": 1}