{"ticks": 200.0, "objective_progress": 0.5399999999999999, "objective_controller": 1.0, "max_ticks": 200, "n_agents": 30, "seed": 2510, "objective_radius": 4, "wall_prob": 0.009765625, "cover_prob": 0.1859375, "choke_prob": 0.05078125, "stochasticity": 0.17578125, "adaptation_rate": 0.051562500000000004, "weapon_cooldown_ticks": 2}