{"ticks": 200.0, "objective_progress": 1.0, "objective_controller": 1.0, "max_ticks": 200, "n_agents": 30, "seed": 1456, "objective_radius": 4, "wall_prob": 0.11598494268536423, "cover_prob": 0.13779439174576805, "choke_prob": 0.07084225706389782, "stochasticity": 0.21641748227259774, "adaptation_rate": 0.050575176900562895, "weapon_cooldown_ticks": 2}