{"ticks": 200.0, "objective_progress": 0.0, "objective_controller": 0.0, "max_ticks": 200, "n_agents": 30, "seed": 1849, "objective_radius": 12, "wall_prob": 0.21851656954211, "cover_prob": 0.04208627891291725, "choke_prob": 0.07727710587423225, "stochasticity": 0.30988608851687105, "adaptation_rate": 0.16779260379726924, "weapon_cooldown_ticks": 2}