{"ticks": 200.0, "objective_progress": 1.0, "objective_controller": 0.0, "max_ticks": 200, "n_agents": 30, "seed": 2361, "objective_radius": 6, "wall_prob": 0.0634765625, "cover_prob": 0.01171875, "choke_prob": 0.080078125, "stochasticity": 0.162109375, "adaptation_rate": 0.013281250000000001, "weapon_cooldown_ticks": 2}