{"ticks": 200.0, "objective_progress": 0.019999999999999993, "objective_controller": 0.0, "max_ticks": 200, "n_agents": 30, "seed": 1530, "objective_radius": 10, "wall_prob": 0.18146803384303437, "cover_prob": 0.07318939749308266, "choke_prob": 0.09971694167994244, "stochasticity": 0.34059164243210915, "adaptation_rate": 0.06684825871855953, "weapon_cooldown_ticks": 2}