{"ticks": 200.0, "objective_progress": 0.5599999999999996, "objective_controller": 1.0, "max_ticks": 200, "n_agents": 30, "seed": 1994, "objective_radius": 8, "wall_prob": 0.029081683230921924, "cover_prob": 0.012098420319769283, "choke_prob": 0.09089974961189072, "stochasticity": 0.11717552130215407, "adaptation_rate": 0.07262004485495388, "weapon_cooldown_ticks": 1}