{"ticks": 200.0, "objective_progress": 1.0, "objective_controller": 0.0, "max_ticks": 200, "n_agents": 30, "seed": 1898, "objective_radius": 5, "wall_prob": 0.04285834510584395, "cover_prob": 0.12203854177201189, "choke_prob": 0.05618666348650393, "stochasticity": 0.2691167231835795, "adaptation_rate": 0.05925096288815838, "weapon_cooldown_ticks": 2}