{"ticks": 200.0, "objective_progress": 0.0, "objective_controller": 1.0, "max_ticks": 200, "n_agents": 30, "seed": 1751, "objective_radius": 9, "wall_prob": 0.0955695152505024, "cover_prob": 0.12371545583455493, "choke_prob": 0.08090679274552925, "stochasticity": 0.3853422406537337, "adaptation_rate": 0.19056734700933095, "weapon_cooldown_ticks": 1}