{"ticks": 200.0, "objective_progress": 0.37999999999999934, "objective_controller": 0.0, "max_ticks": 200, "n_agents": 30, "seed": 1218, "objective_radius": 10, "wall_prob": 0.09545592089464208, "cover_prob": 0.07666984801136104, "choke_prob": 0.05234680209297125, "stochasticity": 0.37780019014942606, "adaptation_rate": 0.02531582051733516, "weapon_cooldown_ticks": 1}