{"ticks": 200.0, "objective_progress": 1.0, "objective_controller": 1.0, "max_ticks": 200, "n_agents": 30, "seed": 1517, "objective_radius": 5, "wall_prob": 0.050145064705758795, "cover_prob": 0.14401563315343816, "choke_prob": 0.08004323484345653, "stochasticity": 0.07157499838925403, "adaptation_rate": 0.0638517796043042, "weapon_cooldown_ticks": 2}