{"ticks": 200.0, "objective_progress": 1.0, "objective_controller": 0.0, "max_ticks": 200, "n_agents": 30, "seed": 1419, "objective_radius": 4, "wall_prob": 0.2220865461961511, "cover_prob": 0.015516196381093235, "choke_prob": 0.023759159779005515, "stochasticity": 0.2867079543255389, "adaptation_rate": 0.07910629888346206, "weapon_cooldown_ticks": 2}