{"ticks": 200.0, "objective_progress": 1.0, "objective_controller": 0.0, "max_ticks": 200, "n_agents": 30, "seed": 1472, "objective_radius": 4, "wall_prob": 0.12618587979900855, "cover_prob": 0.13756171801733197, "choke_prob": 0.08147305293020733, "stochasticity": 0.10025783920451178, "adaptation_rate": 0.008260092190623817, "weapon_cooldown_ticks": 1}