{"ticks": 200.0, "objective_progress": 0.0, "objective_controller": 0.0, "max_ticks": 200, "n_agents": 30, "seed": 1907, "objective_radius": 7, "wall_prob": 0.04429830450371943, "cover_prob": 0.12058273073099451, "choke_prob": 0.03545555414605879, "stochasticity": 0.16215174296270352, "adaptation_rate": 0.14004520659408223, "weapon_cooldown_ticks": 2}