{"ticks": 200.0, "objective_progress": 0.0, "objective_controller": 1.0, "max_ticks": 200, "n_agents": 30, "seed": 2152, "objective_radius": 11, "wall_prob": 0.193359375, "cover_prob": 0.0421875, "choke_prob": 0.09140625000000001, "stochasticity": 0.16015625, "adaptation_rate": 0.1546875, "weapon_cooldown_ticks": 1}