{"ticks": 200.0, "objective_progress": 0.0, "objective_controller": 1.0, "max_ticks": 200, "n_agents": 30, "seed": 2023, "objective_radius": 8, "wall_prob": 0.18925890676835896, "cover_prob": 0.010344498907860529, "choke_prob": 0.02024880240565004, "stochasticity": 0.3710153658494878, "adaptation_rate": 0.14638208529409255, "weapon_cooldown_ticks": 2}