{"ticks": 200.0, "objective_progress": 0.99, "objective_controller": 1.0, "max_ticks": 200, "n_agents": 30, "seed": 2395, "objective_radius": 4, "wall_prob": 0.0849609375, "cover_prob": 0.16015625, "choke_prob": 0.016015625000000002, "stochasticity": 0.048828125, "adaptation_rate": 0.11640625, "weapon_cooldown_ticks": 1}