{"ticks": 200.0, "objective_progress": 0.6199999999999997, "objective_controller": 1.0, "max_ticks": 200, "n_agents": 30, "seed": 2970, "objective_radius": 7, "wall_prob": 0.2255859375, "cover_prob": 0.022656250000000003, "choke_prob": 0.08554687500000001, "stochasticity": 0.353515625, "adaptation_rate": 0.02734375, "weapon_cooldown_ticks": 2}