{"ticks": 200.0, "objective_progress": 0.0, "objective_controller": 1.0, "max_ticks": 200, "n_agents": 30, "seed": 1880, "objective_radius": 8, "wall_prob": 0.22991723142832676, "cover_prob": 0.06381086272931773, "choke_prob": 0.04432215248657309, "stochasticity": 0.13316716900399916, "adaptation_rate": 0.08453740299021684, "weapon_cooldown_ticks": 2}