{"ticks": 200.0, "objective_progress": 0.5599999999999996, "objective_controller": 1.0, "max_ticks": 200, "n_agents": 30, "seed": 1670, "objective_radius": 7, "wall_prob": 0.18063050613746243, "cover_prob": 0.19983374974256762, "choke_prob": 0.0628185681728453, "stochasticity": 0.17788163179621688, "adaptation_rate": 0.06427464175143609, "weapon_cooldown_ticks": 2}