{"ticks": 200.0, "objective_progress": 0.08, "objective_controller": 1.0, "max_ticks": 200, "n_agents": 30, "seed": 3113, "objective_radius": 6, "wall_prob": 0.1552734375, "cover_prob": 0.07890625000000001, "choke_prob": 0.044921875, "stochasticity": 0.494140625, "adaptation_rate": 0.06484375, "weapon_cooldown_ticks": 2}