{"ticks": 200.0, "objective_progress": 0.0, "objective_controller": 0.0, "max_ticks": 200, "n_agents": 30, "seed": 2323, "objective_radius": 11, "wall_prob": 0.001953125, "cover_prob": 0.06406250000000001, "choke_prob": 0.08359375000000001, "stochasticity": 0.27734375, "adaptation_rate": 0.1703125, "weapon_cooldown_ticks": 2}