{"ticks": 200.0, "objective_progress": 1.0, "objective_controller": 1.0, "max_ticks": 200, "n_agents": 30, "seed": 1487, "objective_radius": 7, "wall_prob": 0.23546934267912162, "cover_prob": 0.16829019565931236, "choke_prob": 0.07409160266332263, "stochasticity": 0.1368720119197003, "adaptation_rate": 0.17029981989010373, "weapon_cooldown_ticks": 2}