{"ticks": 200.0, "objective_progress": 0.0, "objective_controller": 1.0, "max_ticks": 200, "n_agents": 30, "seed": 1484, "objective_radius": 10, "wall_prob": 0.20875496538820001, "cover_prob": 0.13483752819084113, "choke_prob": 0.06743779580722108, "stochasticity": 0.3979621657423252, "adaptation_rate": 0.0447148254919901, "weapon_cooldown_ticks": 3}