{"ticks": 200.0, "objective_progress": 0.98, "objective_controller": 0.0, "max_ticks": 200, "n_agents": 30, "seed": 1592, "objective_radius": 8, "wall_prob": 0.09201530370649072, "cover_prob": 0.06659273547538735, "choke_prob": 0.012225188963387416, "stochasticity": 0.08160176833434477, "adaptation_rate": 0.09110777749316402, "weapon_cooldown_ticks": 2}