{"ticks": 200.0, "objective_progress": 0.8799999999999999, "objective_controller": 0.0, "max_ticks": 200, "n_agents": 30, "seed": 1080, "objective_radius": 8, "wall_prob": 0.13282261096488363, "cover_prob": 0.1289547908745947, "choke_prob": 0.09652120741490688, "stochasticity": 0.07931955920809286, "adaptation_rate": 0.028804434648027472, "weapon_cooldown_ticks": 1}