{"ticks": 200.0, "objective_progress": 0.0, "objective_controller": 1.0, "max_ticks": 200, "n_agents": 30, "seed": 2620, "objective_radius": 11, "wall_prob": 0.0673828125, "cover_prob": 0.08671875000000001, "choke_prob": 0.068359375, "stochasticity": 0.451171875, "adaptation_rate": 0.17421875, "weapon_cooldown_ticks": 3}