{"ticks": 200.0, "objective_progress": 0.0, "objective_controller": 0.0, "max_ticks": 200, "n_agents": 30, "seed": 1151, "objective_radius": 9, "wall_prob": 0.17124492207170527, "cover_prob": 0.19780877289019821, "choke_prob": 0.07002462006055764, "stochasticity": 0.3421547666363349, "adaptation_rate": 0.15248999850203815, "weapon_cooldown_ticks": 1}