{"ticks": 200.0, "objective_progress": 1.0, "objective_controller": 0.0, "max_ticks": 200, "n_agents": 30, "seed": 1726, "objective_radius": 10, "wall_prob": 0.09606617454154719, "cover_prob": 0.050362519106707915, "choke_prob": 0.014081175831754453, "stochasticity": 0.3067652131620853, "adaptation_rate": 0.08874307281363555, "weapon_cooldown_ticks": 1}