{"ticks": 200.0, "objective_progress": 0.2799999999999994, "objective_controller": 0.0, "max_ticks": 200, "n_agents": 30, "seed": 2006, "objective_radius": 3, "wall_prob": 0.0830078125, "cover_prob": 0.05859375, "choke_prob": 0.019140625, "stochasticity": 0.451171875, "adaptation_rate": 0.16328125000000002, "weapon_cooldown_ticks": 3}