{"ticks": 200.0, "objective_progress": 1.0, "objective_controller": 0.0, "max_ticks": 200, "n_agents": 30, "seed": 2219, "objective_radius": 5, "wall_prob": 0.1220703125, "cover_prob": 0.13203125000000002, "choke_prob": 0.091015625, "stochasticity": 0.123046875, "adaptation_rate": 0.00390625, "weapon_cooldown_ticks": 1}