{"ticks": 200.0, "objective_progress": 1.0, "objective_controller": 1.0, "max_ticks": 200, "n_agents": 30, "seed": 1856, "objective_radius": 7, "wall_prob": 0.18256079203014478, "cover_prob": 0.0963500425382583, "choke_prob": 0.004785345001648547, "stochasticity": 0.4722548321320282, "adaptation_rate": 0.020623585672990743, "weapon_cooldown_ticks": 1}