{"ticks": 200.0, "objective_progress": 0.6, "objective_controller": 1.0, "max_ticks": 200, "n_agents": 30, "seed": 2422, "objective_radius": 5, "wall_prob": 0.0537109375, "cover_prob": 0.18515625000000002, "choke_prob": 0.028515625000000003, "stochasticity": 0.486328125, "adaptation_rate": 0.09140625000000001, "weapon_cooldown_ticks": 1}