{"ticks": 200.0, "objective_progress": 1.0, "objective_controller": 0.0, "max_ticks": 200, "n_agents": 30, "seed": 2354, "objective_radius": 5, "wall_prob": 0.1728515625, "cover_prob": 0.047656250000000004, "choke_prob": 0.061328125000000004, "stochasticity": 0.443359375, "adaptation_rate": 0.025781250000000002, "weapon_cooldown_ticks": 2}