{"ticks": 200.0, "objective_progress": 1.0, "objective_controller": 0.0, "max_ticks": 200, "n_agents": 30, "seed": 1702, "objective_radius": 8, "wall_prob": 0.02817629970539975, "cover_prob": 0.06543763919370214, "choke_prob": 0.07327032035192599, "stochasticity": 0.3440826170479088, "adaptation_rate": 0.18139615256956546, "weapon_cooldown_ticks": 2}