{"ticks": 200.0, "objective_progress": 0.5999999999999996, "objective_controller": 1.0, "max_ticks": 200, "n_agents": 30, "seed": 1733, "objective_radius": 4, "wall_prob": 0.06624452482307243, "cover_prob": 0.07190009998081981, "choke_prob": 0.05658178664253724, "stochasticity": 0.08776725113929579, "adaptation_rate": 0.1273251040811342, "weapon_cooldown_ticks": 3}