{"ticks": 200.0, "objective_progress": 0.7399999999999998, "objective_controller": 1.0, "max_ticks": 200, "n_agents": 30, "seed": 1187, "objective_radius": 6, "wall_prob": 0.18015253299187714, "cover_prob": 0.10691564016659667, "choke_prob": 0.030279974012865737, "stochasticity": 0.3342313429566133, "adaptation_rate": 0.017265285745528113, "weapon_cooldown_ticks": 1}