{"ticks": 200.0, "objective_progress": 0.8599999999999999, "objective_controller": 1.0, "max_ticks": 200, "n_agents": 30, "seed": 1763, "objective_radius": 5, "wall_prob": 0.15809531076112301, "cover_prob": 0.03213194830527404, "choke_prob": 0.06258139723144478, "stochasticity": 0.2797518490843626, "adaptation_rate": 0.12610964573517483, "weapon_cooldown_ticks": 3}