{"ticks": 200.0, "objective_progress": 1.0, "objective_controller": 0.0, "max_ticks": 200, "n_agents": 30, "seed": 2764, "objective_radius": 5, "wall_prob": 0.0595703125, "cover_prob": 0.055468750000000004, "choke_prob": 0.071484375, "stochasticity": 0.279296875, "adaptation_rate": 0.09296875, "weapon_cooldown_ticks": 2}