{"ticks": 200.0, "objective_progress": 1.0, "objective_controller": 0.0, "max_ticks": 200, "n_agents": 30, "seed": 1799, "objective_radius": 3, "wall_prob": 0.02141649799501191, "cover_prob": 0.09382495882539017, "choke_prob": 0.04647257792384217, "stochasticity": 0.2949500959104263, "adaptation_rate": 0.12537242361917286, "weapon_cooldown_ticks": 1}