{"ticks": 200.0, "objective_progress": 0.0, "objective_controller": 1.0, "max_ticks": 200, "n_agents": 30, "seed": 2647, "objective_radius": 9, "wall_prob": 0.0048828125, "cover_prob": 0.03671875, "choke_prob": 0.09335937500000001, "stochasticity": 0.326171875, "adaptation_rate": 0.02421875, "weapon_cooldown_ticks": 1}