{"ticks": 200.0, "objective_progress": 0.0, "objective_controller": 0.0, "max_ticks": 200, "n_agents": 30, "seed": 1770, "objective_radius": 9, "wall_prob": 0.004048173252276244, "cover_prob": 0.061750995622082076, "choke_prob": 0.08811571784529378, "stochasticity": 0.013942371380131265, "adaptation_rate": 0.18998425306921415, "weapon_cooldown_ticks": 3}