{"ticks": 200.0, "objective_progress": 0.0, "objective_controller": 1.0, "max_ticks": 200, "n_agents": 30, "seed": 1870, "objective_radius": 9, "wall_prob": 0.0527737659848302, "cover_prob": 0.16359458523912537, "choke_prob": 0.005029778596307783, "stochasticity": 0.30144201706834906, "adaptation_rate": 0.1559390717076339, "weapon_cooldown_ticks": 2}