{"ticks": 200.0, "objective_progress": 1.0, "objective_controller": 0.0, "max_ticks": 200, "n_agents": 30, "seed": 2215, "objective_radius": 5, "wall_prob": 0.1904296875, "cover_prob": 0.01953125, "choke_prob": 0.001953125, "stochasticity": 0.478515625, "adaptation_rate": 0.16953125000000002, "weapon_cooldown_ticks": 1}