{"ticks": 200.0, "objective_progress": 0.49999999999999933, "objective_controller": 1.0, "max_ticks": 200, "n_agents": 30, "seed": 2724, "objective_radius": 4, "wall_prob": 0.0732421875, "cover_prob": 0.17578125, "choke_prob": 0.033984375000000004, "stochasticity": 0.017578125, "adaptation_rate": 0.030468750000000003, "weapon_cooldown_ticks": 3}