{"ticks": 200.0, "objective_progress": 0.8799999999999999, "objective_controller": 1.0, "max_ticks": 200, "n_agents": 30, "seed": 1162, "objective_radius": 5, "wall_prob": 0.16916707898994765, "cover_prob": 0.09624842577262012, "choke_prob": 0.0773585938442391, "stochasticity": 0.12858464316542462, "adaptation_rate": 0.18940142124211423, "weapon_cooldown_ticks": 2}