{"ticks": 200.0, "objective_progress": 0.4399999999999995, "objective_controller": 0.0, "max_ticks": 200, "n_agents": 30, "seed": 2170, "objective_radius": 5, "wall_prob": 0.005859375, "cover_prob": 0.1921875, "choke_prob": 0.01640625, "stochasticity": 0.28515625, "adaptation_rate": 0.1046875, "weapon_cooldown_ticks": 2}