{"ticks": 200.0, "objective_progress": 1.0, "objective_controller": 0.0, "max_ticks": 200, "n_agents": 30, "seed": 2359, "objective_radius": 5, "wall_prob": 0.220703125, "cover_prob": 0.18906250000000002, "choke_prob": 0.02109375, "stochasticity": 0.46484375, "adaptation_rate": 0.1453125, "weapon_cooldown_ticks": 1}