{"ticks": 200.0, "objective_progress": 0.96, "objective_controller": 0.0, "max_ticks": 200, "n_agents": 30, "seed": 1409, "objective_radius": 7, "wall_prob": 0.1528569126556098, "cover_prob": 0.05481933258168044, "choke_prob": 0.09604052215038339, "stochasticity": 0.23912597905473618, "adaptation_rate": 0.1723815563464469, "weapon_cooldown_ticks": 1}