{"ticks": 200.0, "objective_progress": 1.0, "objective_controller": 1.0, "max_ticks": 200, "n_agents": 30, "seed": 1486, "objective_radius": 4, "wall_prob": 0.23079574145933882, "cover_prob": 0.16180360515026482, "choke_prob": 0.006449768967561911, "stochasticity": 0.2484076579362081, "adaptation_rate": 0.1314166461849686, "weapon_cooldown_ticks": 3}