{"ticks": 200.0, "objective_progress": 0.0, "objective_controller": 1.0, "max_ticks": 200, "n_agents": 30, "seed": 1923, "objective_radius": 11, "wall_prob": 0.036598099476745624, "cover_prob": 0.0058455252843879184, "choke_prob": 0.032182240624181596, "stochasticity": 0.12225793080100414, "adaptation_rate": 0.06958561022956587, "weapon_cooldown_ticks": 2}