{"ticks": 200.0, "objective_progress": 0.0, "objective_controller": 1.0, "max_ticks": 200, "n_agents": 30, "seed": 1051, "objective_radius": 8, "wall_prob": 0.03373643162867607, "cover_prob": 0.07208883827027333, "choke_prob": 0.07745576514031766, "stochasticity": 0.17743347138506357, "adaptation_rate": 0.1965233333515744, "weapon_cooldown_ticks": 2}