{"ticks": 200.0, "objective_progress": 0.2799999999999998, "objective_controller": 0.0, "max_ticks": 200, "n_agents": 30, "seed": 2449, "objective_radius": 10, "wall_prob": 0.181640625, "cover_prob": 0.1453125, "choke_prob": 0.0054687500000000005, "stochasticity": 0.07421875, "adaptation_rate": 0.0390625, "weapon_cooldown_ticks": 2}