{"ticks": 200.0, "objective_progress": 0.0, "objective_controller": 0.0, "max_ticks": 200, "n_agents": 30, "seed": 1352, "objective_radius": 11, "wall_prob": 0.19370727079037287, "cover_prob": 0.13079942615330253, "choke_prob": 0.02232123178875481, "stochasticity": 0.17138436783378175, "adaptation_rate": 0.19441084803800587, "weapon_cooldown_ticks": 1}