{"ticks": 200.0, "objective_progress": 0.0, "objective_controller": 1.0, "max_ticks": 200, "n_agents": 30, "seed": 1758, "objective_radius": 11, "wall_prob": 0.11460576705120301, "cover_prob": 0.055673586556845345, "choke_prob": 0.006758197111252396, "stochasticity": 0.49799382803502257, "adaptation_rate": 0.0009154134949720946, "weapon_cooldown_ticks": 1}