{"ticks": 200.0, "objective_progress": 0.0, "objective_controller": 1.0, "max_ticks": 200, "n_agents": 30, "seed": 1093, "objective_radius": 5, "wall_prob": 0.1097820451497583, "cover_prob": 0.18635814486605412, "choke_prob": 0.09826908194739264, "stochasticity": 0.24995086516201614, "adaptation_rate": 0.08163686833137485, "weapon_cooldown_ticks": 3}