{"ticks": 200.0, "objective_progress": 0.0, "objective_controller": 1.0, "max_ticks": 200, "n_agents": 30, "seed": 2670, "objective_radius": 12, "wall_prob": 0.0341796875, "cover_prob": 0.032031250000000004, "choke_prob": 0.024609375000000003, "stochasticity": 0.033203125, "adaptation_rate": 0.06171875, "weapon_cooldown_ticks": 2}