{"ticks": 200.0, "objective_progress": 1.0, "objective_controller": 1.0, "max_ticks": 200, "n_agents": 30, "seed": 1032, "objective_radius": 5, "wall_prob": 0.022714195427472012, "cover_prob": 0.1430313929141186, "choke_prob": 0.03485079769187255, "stochasticity": 0.18800998825876541, "adaptation_rate": 0.06253484993124135, "weapon_cooldown_ticks": 2}