{"ticks": 200.0, "objective_progress": 0.04, "objective_controller": 0.0, "max_ticks": 200, "n_agents": 30, "seed": 1649, "objective_radius": 7, "wall_prob": 0.04224126012527032, "cover_prob": 0.049994838926924086, "choke_prob": 0.010455135104693699, "stochasticity": 0.1833409427049698, "adaptation_rate": 0.16709786981570798, "weapon_cooldown_ticks": 2}