{"ticks": 200.0, "objective_progress": 0.0, "objective_controller": 1.0, "max_ticks": 200, "n_agents": 30, "seed": 1931, "objective_radius": 10, "wall_prob": 0.07519820443587459, "cover_prob": 0.1497810586427247, "choke_prob": 0.04525127160787547, "stochasticity": 0.19314983053070714, "adaptation_rate": 0.0010456849831641183, "weapon_cooldown_ticks": 3}