{"ticks": 200.0, "objective_progress": 0.8599999999999999, "objective_controller": 1.0, "max_ticks": 200, "n_agents": 30, "seed": 1873, "objective_radius": 4, "wall_prob": 0.07507351434324223, "cover_prob": 0.15007780920173308, "choke_prob": 0.026708068430432042, "stochasticity": 0.436894855151754, "adaptation_rate": 0.04061367881524796, "weapon_cooldown_ticks": 3}