{"ticks": 200.0, "objective_progress": 0.0, "objective_controller": 1.0, "max_ticks": 200, "n_agents": 30, "seed": 2152, "objective_radius": 11, "wall_prob": 0.0966796875, "cover_prob": 0.19453125000000002, "choke_prob": 0.064453125, "stochasticity": 0.416015625, "adaptation_rate": 0.09453125000000001, "weapon_cooldown_ticks": 2}