{"ticks": 200.0, "objective_progress": 1.0, "objective_controller": 0.0, "max_ticks": 200, "n_agents": 30, "seed": 1839, "objective_radius": 8, "wall_prob": 0.14016905302256125, "cover_prob": 0.1955884796399713, "choke_prob": 0.0825239671834167, "stochasticity": 0.04894786095022417, "adaptation_rate": 0.04004221966368641, "weapon_cooldown_ticks": 1}