{"ticks": 200.0, "objective_progress": 0.6999999999999994, "objective_controller": 1.0, "max_ticks": 200, "n_agents": 30, "seed": 2114, "objective_radius": 6, "wall_prob": 0.0986328125, "cover_prob": 0.02109375, "choke_prob": 0.062890625, "stochasticity": 0.044921875, "adaptation_rate": 0.05078125, "weapon_cooldown_ticks": 3}