{"ticks": 200.0, "objective_progress": 0.0, "objective_controller": 0.0, "max_ticks": 200, "n_agents": 30, "seed": 1930, "objective_radius": 10, "wall_prob": 0.07613059235214285, "cover_prob": 0.11363906347957904, "choke_prob": 0.06423065595902591, "stochasticity": 0.06534648822004514, "adaptation_rate": 0.0494639753752478, "weapon_cooldown_ticks": 1}