{"ticks": 200.0, "objective_progress": 0.0, "objective_controller": 1.0, "max_ticks": 200, "n_agents": 30, "seed": 1803, "objective_radius": 11, "wall_prob": 0.04607746003896366, "cover_prob": 0.16202196534931265, "choke_prob": 0.006719930997776952, "stochasticity": 0.13850811685042846, "adaptation_rate": 0.025753000278684254, "weapon_cooldown_ticks": 1}