{"ticks": 200.0, "objective_progress": 1.0, "objective_controller": 1.0, "max_ticks": 200, "n_agents": 30, "seed": 1314, "objective_radius": 8, "wall_prob": 0.2342571701603518, "cover_prob": 0.019968815857967007, "choke_prob": 0.02222056625798572, "stochasticity": 0.41790922808413905, "adaptation_rate": 0.17310330231947338, "weapon_cooldown_ticks": 2}