{"ticks": 200.0, "objective_progress": 0.0, "objective_controller": 1.0, "max_ticks": 200, "n_agents": 30, "seed": 1918, "objective_radius": 11, "wall_prob": 0.08089478834218501, "cover_prob": 0.19875752216191042, "choke_prob": 0.09724539876702126, "stochasticity": 0.4800349768180648, "adaptation_rate": 0.0387123584907845, "weapon_cooldown_ticks": 3}