{"ticks": 200.0, "objective_progress": 1.0, "objective_controller": 0.0, "max_ticks": 200, "n_agents": 30, "seed": 1513, "objective_radius": 8, "wall_prob": 0.11712637738595238, "cover_prob": 0.0756984813561885, "choke_prob": 0.027531677490904783, "stochasticity": 0.1676904147771373, "adaptation_rate": 0.055133640410008414, "weapon_cooldown_ticks": 2}