{"ticks": 200.0, "objective_progress": 0.8399999999999999, "objective_controller": 0.0, "max_ticks": 200, "n_agents": 30, "seed": 2142, "objective_radius": 4, "wall_prob": 0.1611328125, "cover_prob": 0.17109375000000002, "choke_prob": 0.037890625000000004, "stochasticity": 0.169921875, "adaptation_rate": 0.12265625000000001, "weapon_cooldown_ticks": 2}