{"ticks": 200.0, "objective_progress": 0.4199999999999995, "objective_controller": 1.0, "max_ticks": 200, "n_agents": 30, "seed": 2895, "objective_radius": 6, "wall_prob": 0.1787109375, "cover_prob": 0.18515625000000002, "choke_prob": 0.041796875000000004, "stochasticity": 0.072265625, "adaptation_rate": 0.08984375, "weapon_cooldown_ticks": 2}