{"ticks": 200.0, "objective_progress": 0.0, "objective_controller": 0.0, "max_ticks": 200, "n_agents": 30, "seed": 1937, "objective_radius": 12, "wall_prob": 0.07852138609948894, "cover_prob": 0.16903196770705586, "choke_prob": 0.07673566832336036, "stochasticity": 0.11913093072271544, "adaptation_rate": 0.07873281396601499, "weapon_cooldown_ticks": 2}