{"ticks": 200.0, "objective_progress": 1.0, "objective_controller": 0.0, "max_ticks": 200, "n_agents": 30, "seed": 1648, "objective_radius": 5, "wall_prob": 0.21236892248003644, "cover_prob": 0.023191643734671977, "choke_prob": 0.054962396782637084, "stochasticity": 0.4152056843695761, "adaptation_rate": 0.15561036343315363, "weapon_cooldown_ticks": 1}