{"ticks": 200.0, "objective_progress": 0.0, "objective_controller": 0.0, "max_ticks": 200, "n_agents": 30, "seed": 1378, "objective_radius": 10, "wall_prob": 0.1253112796567939, "cover_prob": 0.03994325185198905, "choke_prob": 0.012694150540627142, "stochasticity": 0.1948286378807646, "adaptation_rate": 0.03476484592778666, "weapon_cooldown_ticks": 2}