{"ticks": 200.0, "objective_progress": 0.0, "objective_controller": 0.0, "max_ticks": 200, "n_agents": 30, "seed": 1818, "objective_radius": 11, "wall_prob": 0.19037937068998712, "cover_prob": 0.16030246873029025, "choke_prob": 0.05782357560896002, "stochasticity": 0.038813929827061326, "adaptation_rate": 0.013525108702811695, "weapon_cooldown_ticks": 2}