{"ticks": 200.0, "objective_progress": 0.2599999999999994, "objective_controller": 0.0, "max_ticks": 200, "n_agents": 30, "seed": 1223, "objective_radius": 11, "wall_prob": 0.20616197995720925, "cover_prob": 0.04070968672931183, "choke_prob": 0.05960978669832182, "stochasticity": 0.4037358674196049, "adaptation_rate": 0.031218670884732888, "weapon_cooldown_ticks": 1}