{"ticks": 200.0, "objective_progress": 0.6399999999999997, "objective_controller": 1.0, "max_ticks": 200, "n_agents": 30, "seed": 2064, "objective_radius": 9, "wall_prob": 0.2392578125, "cover_prob": 0.03359375, "choke_prob": 0.006640625000000001, "stochasticity": 0.388671875, "adaptation_rate": 0.16015625, "weapon_cooldown_ticks": 2}