{"ticks": 200.0, "objective_progress": 0.0, "objective_controller": 1.0, "max_ticks": 200, "n_agents": 30, "seed": 1433, "objective_radius": 7, "wall_prob": 0.23564996813131017, "cover_prob": 0.1370997058344518, "choke_prob": 0.00019309703081273893, "stochasticity": 0.45095831243587897, "adaptation_rate": 0.08171243106827036, "weapon_cooldown_ticks": 3}