{"ticks": 200.0, "objective_progress": 0.27999999999999864, "objective_controller": 0.0, "max_ticks": 200, "n_agents": 30, "seed": 1252, "objective_radius": 9, "wall_prob": 0.17899977166027123, "cover_prob": 0.18397616377309983, "choke_prob": 0.0821925896049389, "stochasticity": 0.15866069844520483, "adaptation_rate": 0.007915287338765878, "weapon_cooldown_ticks": 2}