{"ticks": 200.0, "objective_progress": 0.0, "objective_controller": 0.0, "max_ticks": 200, "n_agents": 30, "seed": 1157, "objective_radius": 10, "wall_prob": 0.008782737707215616, "cover_prob": 0.0013691817073801836, "choke_prob": 0.019499997989275115, "stochasticity": 0.0996985014947748, "adaptation_rate": 0.17768617211700052, "weapon_cooldown_ticks": 2}