{"ticks": 200.0, "objective_progress": 1.0, "objective_controller": 0.0, "max_ticks": 200, "n_agents": 30, "seed": 1707, "objective_radius": 7, "wall_prob": 0.11676223402229623, "cover_prob": 0.026160224393060823, "choke_prob": 0.046803017172636185, "stochasticity": 0.48895311397355934, "adaptation_rate": 0.0017882899746627136, "weapon_cooldown_ticks": 1}