{"ticks": 200.0, "objective_progress": 0.0, "objective_controller": 1.0, "max_ticks": 200, "n_agents": 30, "seed": 1266, "objective_radius": 12, "wall_prob": 0.11940816023931296, "cover_prob": 0.07609400924036835, "choke_prob": 0.002323793916068334, "stochasticity": 0.3894102149244151, "adaptation_rate": 0.04779025078014255, "weapon_cooldown_ticks": 2}