{"ticks": 200.0, "objective_progress": 0.0, "objective_controller": 1.0, "max_ticks": 200, "n_agents": 30, "seed": 1604, "objective_radius": 7, "wall_prob": 0.2223912917991392, "cover_prob": 0.0375653850574768, "choke_prob": 0.02944599555691889, "stochasticity": 0.41714449332273373, "adaptation_rate": 0.04789142514029543, "weapon_cooldown_ticks": 3}