{"ticks": 200.0, "objective_progress": 0.0, "objective_controller": 0.0, "max_ticks": 200, "n_agents": 30, "seed": 1624, "objective_radius": 6, "wall_prob": 0.10496414025171073, "cover_prob": 0.030855634342673147, "choke_prob": 0.0020097108859028342, "stochasticity": 0.34456225569704146, "adaptation_rate": 0.09334246025619869, "weapon_cooldown_ticks": 3}