{"ticks": 200.0, "objective_progress": 0.94, "objective_controller": 0.0, "max_ticks": 200, "n_agents": 30, "seed": 1356, "objective_radius": 4, "wall_prob": 0.10871621689270017, "cover_prob": 0.07121004251175131, "choke_prob": 0.08859910633833208, "stochasticity": 0.3570138712099407, "adaptation_rate": 0.07516366192898506, "weapon_cooldown_ticks": 3}