{"ticks": 200.0, "objective_progress": 0.98, "objective_controller": 0.0, "max_ticks": 200, "n_agents": 30, "seed": 1645, "objective_radius": 7, "wall_prob": 0.205835174666161, "cover_prob": 0.05868325905468849, "choke_prob": 0.07025764940109572, "stochasticity": 0.29371992047219536, "adaptation_rate": 0.04305152075317177, "weapon_cooldown_ticks": 3}