{"ticks": 200.0, "objective_progress": 0.0, "objective_controller": 1.0, "max_ticks": 200, "n_agents": 30, "seed": 1667, "objective_radius": 8, "wall_prob": 0.12771415093374291, "cover_prob": 0.005918344494955109, "choke_prob": 0.03304608846161725, "stochasticity": 0.04293251600499449, "adaptation_rate": 0.04764842715510618, "weapon_cooldown_ticks": 3}