{"ticks": 200.0, "objective_progress": 1.0, "objective_controller": 1.0, "max_ticks": 200, "n_agents": 30, "seed": 1204, "objective_radius": 4, "wall_prob": 0.19160855321820677, "cover_prob": 0.02026081505390618, "choke_prob": 0.060617808818964364, "stochasticity": 0.31700598602996727, "adaptation_rate": 0.019287058505035436, "weapon_cooldown_ticks": 1}