{"ticks": 200.0, "objective_progress": 0.7399999999999998, "objective_controller": 1.0, "max_ticks": 200, "n_agents": 30, "seed": 2305, "objective_radius": 4, "wall_prob": 0.189453125, "cover_prob": 0.11406250000000001, "choke_prob": 0.00859375, "stochasticity": 0.15234375, "adaptation_rate": 0.1203125, "weapon_cooldown_ticks": 3}