{"ticks": 200.0, "objective_progress": 1.0, "objective_controller": 0.0, "max_ticks": 200, "n_agents": 30, "seed": 1169, "objective_radius": 4, "wall_prob": 0.0841670608086362, "cover_prob": 0.0037504794357793125, "choke_prob": 0.09674315619502694, "stochasticity": 0.29001520106346246, "adaptation_rate": 0.0973181668226795, "weapon_cooldown_ticks": 3}