{"ticks": 200.0, "objective_progress": 0.0, "objective_controller": 1.0, "max_ticks": 200, "n_agents": 30, "seed": 1969, "objective_radius": 9, "wall_prob": 0.20469201264814985, "cover_prob": 0.1024904594115707, "choke_prob": 0.017567441806346264, "stochasticity": 0.1252552297648652, "adaptation_rate": 0.12485273386831137, "weapon_cooldown_ticks": 3}