{"ticks": 200.0, "objective_progress": 1.0, "objective_controller": 0.0, "max_ticks": 200, "n_agents": 30, "seed": 1267, "objective_radius": 4, "wall_prob": 0.1541029492071862, "cover_prob": 0.01688558496258821, "choke_prob": 0.072783607492166, "stochasticity": 0.2274445059443333, "adaptation_rate": 0.17831656104138952, "weapon_cooldown_ticks": 2}