{"ticks": 200.0, "objective_progress": 0.11999999999999927, "objective_controller": 0.0, "max_ticks": 200, "n_agents": 30, "seed": 1316, "objective_radius": 8, "wall_prob": 0.10291264055598115, "cover_prob": 0.1854266267158477, "choke_prob": 0.0885452073281521, "stochasticity": 0.2649435906742064, "adaptation_rate": 0.02221273131383448, "weapon_cooldown_ticks": 1}