{"ticks": 200.0, "objective_progress": 1.0, "objective_controller": 0.0, "max_ticks": 200, "n_agents": 30, "seed": 1310, "objective_radius": 4, "wall_prob": 0.17394137472193225, "cover_prob": 0.19006562892372225, "choke_prob": 0.002782040419959079, "stochasticity": 0.3577820769882868, "adaptation_rate": 0.1727980845104337, "weapon_cooldown_ticks": 2}