{"ticks": 200.0, "objective_progress": 0.13999999999999999, "objective_controller": 0.0, "max_ticks": 200, "n_agents": 30, "seed": 1377, "objective_radius": 6, "wall_prob": 0.08266323785291235, "cover_prob": 0.10429414787681575, "choke_prob": 0.0999671435034529, "stochasticity": 0.12671853560702714, "adaptation_rate": 0.04323079333667397, "weapon_cooldown_ticks": 1}