{"ticks": 200.0, "objective_progress": 1.0, "objective_controller": 0.0, "max_ticks": 200, "n_agents": 30, "seed": 1108, "objective_radius": 7, "wall_prob": 0.21585630847605486, "cover_prob": 0.0988169361869633, "choke_prob": 0.022115337805524923, "stochasticity": 0.47005103183764835, "adaptation_rate": 0.09362433285578603, "weapon_cooldown_ticks": 1}