{"ticks": 200.0, "objective_progress": 1.0, "objective_controller": 1.0, "max_ticks": 200, "n_agents": 30, "seed": 1827, "objective_radius": 6, "wall_prob": 0.20724400482850816, "cover_prob": 0.1716408823462244, "choke_prob": 0.04086604926217401, "stochasticity": 0.19743145943207072, "adaptation_rate": 0.035046592353571514, "weapon_cooldown_ticks": 2}