{"ticks": 200.0, "objective_progress": 1.0, "objective_controller": 1.0, "max_ticks": 200, "n_agents": 30, "seed": 1874, "objective_radius": 3, "wall_prob": 0.1553593858774815, "cover_prob": 0.1073265030676708, "choke_prob": 0.013713375556075165, "stochasticity": 0.23250565480512506, "adaptation_rate": 0.18193748318572006, "weapon_cooldown_ticks": 3}