{"ticks": 200.0, "objective_progress": 0.0, "objective_controller": 1.0, "max_ticks": 200, "n_agents": 30, "seed": 2323, "objective_radius": 10, "wall_prob": 0.1630859375, "cover_prob": 0.12265625000000001, "choke_prob": 0.059765625, "stochasticity": 0.017578125, "adaptation_rate": 0.07890625000000001, "weapon_cooldown_ticks": 3}