{"ticks": 200.0, "objective_progress": 1.0, "objective_controller": 1.0, "max_ticks": 200, "n_agents": 30, "seed": 1293, "objective_radius": 8, "wall_prob": 0.05379652785562932, "cover_prob": 0.13720315586119577, "choke_prob": 0.06338467754169196, "stochasticity": 0.14056578673173847, "adaptation_rate": 0.08631523702885519, "weapon_cooldown_ticks": 1}