{"ticks": 200.0, "objective_progress": 0.14, "objective_controller": 0.0, "max_ticks": 200, "n_agents": 30, "seed": 1203, "objective_radius": 9, "wall_prob": 0.15323189032825008, "cover_prob": 0.1927692431939939, "choke_prob": 0.060838428882546085, "stochasticity": 0.24408788384572958, "adaptation_rate": 0.0386582257739304, "weapon_cooldown_ticks": 2}