{"ticks": 200.0, "objective_progress": 0.41999999999999993, "objective_controller": 1.0, "max_ticks": 200, "n_agents": 30, "seed": 1651, "objective_radius": 9, "wall_prob": 0.059531713759478966, "cover_prob": 0.18172269548421793, "choke_prob": 0.05536647392036509, "stochasticity": 0.07256956454657688, "adaptation_rate": 0.18302767779070347, "weapon_cooldown_ticks": 2}