{"ticks": 200.0, "objective_progress": 0.0, "objective_controller": 1.0, "max_ticks": 200, "n_agents": 30, "seed": 1112, "objective_radius": 11, "wall_prob": 0.12962141419145667, "cover_prob": 0.006885456214912299, "choke_prob": 0.02954286367355501, "stochasticity": 0.017140536136856357, "adaptation_rate": 0.07853024503734979, "weapon_cooldown_ticks": 3}