{"ticks": 200.0, "objective_progress": 1.0, "objective_controller": 0.0, "max_ticks": 200, "n_agents": 30, "seed": 2634, "objective_radius": 9, "wall_prob": 0.0185546875, "cover_prob": 0.09453125000000001, "choke_prob": 0.043359375000000006, "stochasticity": 0.439453125, "adaptation_rate": 0.049218750000000006, "weapon_cooldown_ticks": 2}