{"ticks": 200.0, "objective_progress": 1.0, "objective_controller": 0.0, "max_ticks": 200, "n_agents": 30, "seed": 2494, "objective_radius": 6, "wall_prob": 0.025390625, "cover_prob": 0.0703125, "choke_prob": 0.06796875000000001, "stochasticity": 0.01171875, "adaptation_rate": 0.11406250000000001, "weapon_cooldown_ticks": 1}