{"ticks": 200.0, "objective_progress": 1.0, "objective_controller": 0.0, "max_ticks": 200, "n_agents": 30, "seed": 1491, "objective_radius": 4, "wall_prob": 0.2372327518178919, "cover_prob": 0.0493617591830325, "choke_prob": 0.08166074095561164, "stochasticity": 0.3175395962164132, "adaptation_rate": 0.05504022030962137, "weapon_cooldown_ticks": 2}