{"ticks": 200.0, "objective_progress": 0.0, "objective_controller": 1.0, "max_ticks": 200, "n_agents": 30, "seed": 1798, "objective_radius": 11, "wall_prob": 0.10151875977886812, "cover_prob": 0.052572726270967964, "choke_prob": 0.09080467486244703, "stochasticity": 0.4692360830581777, "adaptation_rate": 0.166091972937135, "weapon_cooldown_ticks": 2}