{"ticks": 200.0, "objective_progress": 1.0, "objective_controller": 1.0, "max_ticks": 200, "n_agents": 30, "seed": 1527, "objective_radius": 5, "wall_prob": 0.0018117318496512743, "cover_prob": 0.024598489558720644, "choke_prob": 0.07340276553397583, "stochasticity": 0.21104946837935007, "adaptation_rate": 0.08085784896063808, "weapon_cooldown_ticks": 1}