{"ticks": 200.0, "objective_progress": 0.0, "objective_controller": 0.0, "max_ticks": 200, "n_agents": 30, "seed": 1760, "objective_radius": 9, "wall_prob": 0.00043267353540267777, "cover_prob": 0.057061744169645406, "choke_prob": 0.033649603930531506, "stochasticity": 0.3347392584390531, "adaptation_rate": 0.10450097471261462, "weapon_cooldown_ticks": 2}