{"ticks": 200.0, "objective_progress": 1.0, "objective_controller": 1.0, "max_ticks": 200, "n_agents": 30, "seed": 2021, "objective_radius": 7, "wall_prob": 0.045440507563493604, "cover_prob": 0.13409666959915942, "choke_prob": 0.04164458204258844, "stochasticity": 0.22009990668244833, "adaptation_rate": 0.09415610274606301, "weapon_cooldown_ticks": 2}