{"ticks": 200.0, "objective_progress": 0.8799999999999999, "objective_controller": 1.0, "max_ticks": 200, "n_agents": 30, "seed": 1690, "objective_radius": 4, "wall_prob": 0.13462441215636464, "cover_prob": 0.06324148236585363, "choke_prob": 0.000943504475787073, "stochasticity": 0.28647579425640585, "adaptation_rate": 0.15836964680042842, "weapon_cooldown_ticks": 1}