{"ticks": 200.0, "objective_progress": 0.98, "objective_controller": 0.0, "max_ticks": 200, "n_agents": 30, "seed": 1643, "objective_radius": 7, "wall_prob": 0.09361983801066077, "cover_prob": 0.10176348470345603, "choke_prob": 0.0365476522565922, "stochasticity": 0.12922498996528517, "adaptation_rate": 0.014590984726651877, "weapon_cooldown_ticks": 2}