{"ticks": 200.0, "objective_progress": 0.5399999999999996, "objective_controller": 0.0, "max_ticks": 200, "n_agents": 30, "seed": 3063, "objective_radius": 6, "wall_prob": 0.0458984375, "cover_prob": 0.14140625, "choke_prob": 0.038671875, "stochasticity": 0.275390625, "adaptation_rate": 0.03359375, "weapon_cooldown_ticks": 1}