{"ticks": 200.0, "objective_progress": 1.0, "objective_controller": 0.0, "max_ticks": 200, "n_agents": 30, "seed": 2467, "objective_radius": 3, "wall_prob": 0.119140625, "cover_prob": 0.09531250000000001, "choke_prob": 0.08046875, "stochasticity": 0.44921875, "adaptation_rate": 0.0890625, "weapon_cooldown_ticks": 1}