{"ticks": 200.0, "objective_progress": 0.0, "objective_controller": 1.0, "max_ticks": 200, "n_agents": 30, "seed": 1674, "objective_radius": 11, "wall_prob": 0.15592847834965515, "cover_prob": 0.08067713981764812, "choke_prob": 0.06569287433599455, "stochasticity": 0.4124102763353648, "adaptation_rate": 0.0014543323419698507, "weapon_cooldown_ticks": 3}