{"ticks": 200.0, "objective_progress": 0.9199999999999999, "objective_controller": 1.0, "max_ticks": 200, "n_agents": 30, "seed": 2611, "objective_radius": 6, "wall_prob": 0.2236328125, "cover_prob": 0.11171875, "choke_prob": 0.005859375, "stochasticity": 0.388671875, "adaptation_rate": 0.09921875000000001, "weapon_cooldown_ticks": 2}