{"ticks": 200.0, "objective_progress": 1.0, "objective_controller": 0.0, "max_ticks": 200, "n_agents": 30, "seed": 1746, "objective_radius": 7, "wall_prob": 0.23178884211174872, "cover_prob": 0.09266699959775018, "choke_prob": 0.09212433568999599, "stochasticity": 0.25023507451346094, "adaptation_rate": 0.08687214451512615, "weapon_cooldown_ticks": 2}