{"ticks": 200.0, "objective_progress": 0.68, "objective_controller": 1.0, "max_ticks": 200, "n_agents": 30, "seed": 1115, "objective_radius": 5, "wall_prob": 0.12631229577785244, "cover_prob": 0.166562937159074, "choke_prob": 0.05708618569311981, "stochasticity": 0.32535423617555487, "adaptation_rate": 0.03577066030958514, "weapon_cooldown_ticks": 2}