{"ticks": 200.0, "objective_progress": 0.0, "objective_controller": 1.0, "max_ticks": 200, "n_agents": 30, "seed": 2143, "objective_radius": 7, "wall_prob": 0.0732421875, "cover_prob": 0.07578125000000001, "choke_prob": 0.067578125, "stochasticity": 0.275390625, "adaptation_rate": 0.10078125, "weapon_cooldown_ticks": 2}