{"ticks": 200.0, "objective_progress": 0.0, "objective_controller": 0.0, "max_ticks": 200, "n_agents": 30, "seed": 2710, "objective_radius": 11, "wall_prob": 0.1142578125, "cover_prob": 0.19921875, "choke_prob": 0.087109375, "stochasticity": 0.107421875, "adaptation_rate": 0.08671875000000001, "weapon_cooldown_ticks": 2}