{"ticks": 200.0, "objective_progress": 0.0, "objective_controller": 1.0, "max_ticks": 200, "n_agents": 30, "seed": 1064, "objective_radius": 9, "wall_prob": 0.24044272618387244, "cover_prob": 0.07820695780198551, "choke_prob": 0.09372280999263734, "stochasticity": 0.32432441553161157, "adaptation_rate": 0.11670482141365596, "weapon_cooldown_ticks": 3}