{"ticks": 200.0, "objective_progress": 0.0, "objective_controller": 1.0, "max_ticks": 200, "n_agents": 30, "seed": 1450, "objective_radius": 8, "wall_prob": 0.18132347778200475, "cover_prob": 0.15133869602738081, "choke_prob": 0.01921769380132348, "stochasticity": 0.21044098307945153, "adaptation_rate": 0.14071136434730427, "weapon_cooldown_ticks": 2}