{"ticks": 200.0, "objective_progress": 0.0, "objective_controller": 1.0, "max_ticks": 200, "n_agents": 30, "seed": 1908, "objective_radius": 12, "wall_prob": 0.12166285012449973, "cover_prob": 0.1131514893514118, "choke_prob": 0.08987577193603563, "stochasticity": 0.10917041817063004, "adaptation_rate": 0.11928089345181835, "weapon_cooldown_ticks": 3}