{"ticks": 200.0, "objective_progress": 0.35999999999999976, "objective_controller": 1.0, "max_ticks": 200, "n_agents": 30, "seed": 2013, "objective_radius": 8, "wall_prob": 0.2080078125, "cover_prob": 0.15859375, "choke_prob": 0.023828125000000002, "stochasticity": 0.201171875, "adaptation_rate": 0.03515625, "weapon_cooldown_ticks": 2}