{"ticks": 200.0, "objective_progress": 0.5999999999999999, "objective_controller": 0.0, "max_ticks": 200, "n_agents": 30, "seed": 2659, "objective_radius": 9, "wall_prob": 0.2080078125, "cover_prob": 0.18203125, "choke_prob": 0.008984375000000001, "stochasticity": 0.158203125, "adaptation_rate": 0.01171875, "weapon_cooldown_ticks": 2}