{"ticks": 200.0, "objective_progress": 0.0, "objective_controller": 0.0, "max_ticks": 200, "n_agents": 30, "seed": 1837, "objective_radius": 9, "wall_prob": 0.1551798256810786, "cover_prob": 0.06298772181511297, "choke_prob": 0.06828108092156474, "stochasticity": 0.44525222965751965, "adaptation_rate": 0.04906020994414265, "weapon_cooldown_ticks": 1}