{"ticks": 200.0, "objective_progress": 0.7799999999999998, "objective_controller": 1.0, "max_ticks": 200, "n_agents": 30, "seed": 2292, "objective_radius": 4, "wall_prob": 0.0166015625, "cover_prob": 0.19921875, "choke_prob": 0.08476562500000001, "stochasticity": 0.380859375, "adaptation_rate": 0.05078125, "weapon_cooldown_ticks": 1}