{"ticks": 200.0, "objective_progress": 1.0, "objective_controller": 0.0, "max_ticks": 200, "n_agents": 30, "seed": 1983, "objective_radius": 6, "wall_prob": 0.12553042076327628, "cover_prob": 0.16513024327280065, "choke_prob": 0.05078615476257652, "stochasticity": 0.14410940536955347, "adaptation_rate": 0.015891145511514725, "weapon_cooldown_ticks": 2}