{"ticks": 200.0, "objective_progress": 0.4399999999999996, "objective_controller": 0.0, "max_ticks": 200, "n_agents": 30, "seed": 2868, "objective_radius": 3, "wall_prob": 0.1162109375, "cover_prob": 0.03515625, "choke_prob": 0.016796875, "stochasticity": 0.197265625, "adaptation_rate": 0.039843750000000004, "weapon_cooldown_ticks": 2}