{"ticks": 200.0, "objective_progress": 0.0, "objective_controller": 0.0, "max_ticks": 200, "n_agents": 30, "seed": 1771, "objective_radius": 7, "wall_prob": 0.09800344206407399, "cover_prob": 0.16971878896797124, "choke_prob": 0.029294320197060783, "stochasticity": 0.4532015542001785, "adaptation_rate": 0.11320353671936018, "weapon_cooldown_ticks": 3}