{"ticks": 200.0, "objective_progress": 1.0, "objective_controller": 0.0, "max_ticks": 200, "n_agents": 30, "seed": 1004, "objective_radius": 7, "wall_prob": 0.014717577231542791, "cover_prob": 0.04370167470905966, "choke_prob": 0.05092517173533977, "stochasticity": 0.40734273301420787, "adaptation_rate": 0.07355913140171359, "weapon_cooldown_ticks": 2}