{"ticks": 200.0, "objective_progress": 1.0, "objective_controller": 0.0, "max_ticks": 200, "n_agents": 30, "seed": 1127, "objective_radius": 5, "wall_prob": 0.13055987140719416, "cover_prob": 0.13790390087380128, "choke_prob": 0.007257539847937822, "stochasticity": 0.3005364650845982, "adaptation_rate": 0.06145921659643682, "weapon_cooldown_ticks": 1}