{"ticks": 200.0, "objective_progress": 0.1199999999999994, "objective_controller": 1.0, "max_ticks": 200, "n_agents": 30, "seed": 1407, "objective_radius": 7, "wall_prob": 0.18792830430702318, "cover_prob": 0.043241241242135076, "choke_prob": 0.03605540426413705, "stochasticity": 0.3694475483843475, "adaptation_rate": 0.18559887466089273, "weapon_cooldown_ticks": 2}