{"ticks": 200.0, "objective_progress": 0.98, "objective_controller": 0.0, "max_ticks": 200, "n_agents": 30, "seed": 1397, "objective_radius": 9, "wall_prob": 0.00637044930122202, "cover_prob": 0.16702055128143756, "choke_prob": 0.04877874800374912, "stochasticity": 0.027794565803146598, "adaptation_rate": 0.07905735925157316, "weapon_cooldown_ticks": 1}