{"ticks": 200.0, "objective_progress": 0.24000000000000002, "objective_controller": 1.0, "max_ticks": 200, "n_agents": 30, "seed": 2911, "objective_radius": 11, "wall_prob": 0.0556640625, "cover_prob": 0.01015625, "choke_prob": 0.004296875, "stochasticity": 0.259765625, "adaptation_rate": 0.11484375000000001, "weapon_cooldown_ticks": 2}