{"ticks": 200.0, "objective_progress": 0.0, "objective_controller": 0.0, "max_ticks": 200, "n_agents": 30, "seed": 1113, "objective_radius": 8, "wall_prob": 0.2379724789665168, "cover_prob": 0.07153505052238666, "choke_prob": 0.011874501864886311, "stochasticity": 0.3722275742946326, "adaptation_rate": 0.08565116445882211, "weapon_cooldown_ticks": 3}