{"ticks": 200.0, "objective_progress": 1.0, "objective_controller": 0.0, "max_ticks": 200, "n_agents": 30, "seed": 1594, "objective_radius": 3, "wall_prob": 0.17698218059398763, "cover_prob": 0.08708606648801576, "choke_prob": 0.07402174042597684, "stochasticity": 0.35978844610412375, "adaptation_rate": 0.1197574413003044, "weapon_cooldown_ticks": 2}