{"ticks": 200.0, "objective_progress": 1.0, "objective_controller": 0.0, "max_ticks": 200, "n_agents": 30, "seed": 1091, "objective_radius": 4, "wall_prob": 0.14765259272596623, "cover_prob": 0.09135721463647367, "choke_prob": 0.09659280032275089, "stochasticity": 0.3623331395300621, "adaptation_rate": 0.1922176492039172, "weapon_cooldown_ticks": 2}