{"ticks": 200.0, "objective_progress": 1.0, "objective_controller": 1.0, "max_ticks": 200, "n_agents": 30, "seed": 1804, "objective_radius": 5, "wall_prob": 0.06988528814819304, "cover_prob": 0.008355621961881688, "choke_prob": 0.09312970703548978, "stochasticity": 0.490516559566778, "adaptation_rate": 0.047113031228733504, "weapon_cooldown_ticks": 2}