{"ticks": 200.0, "objective_progress": 0.0, "objective_controller": 1.0, "max_ticks": 200, "n_agents": 30, "seed": 1368, "objective_radius": 9, "wall_prob": 0.09260237748709517, "cover_prob": 0.1315662244404156, "choke_prob": 0.04225135019345805, "stochasticity": 0.24203702641887642, "adaptation_rate": 0.08007994117023265, "weapon_cooldown_ticks": 3}