{"ticks": 200.0, "objective_progress": 1.0, "objective_controller": 0.0, "max_ticks": 200, "n_agents": 30, "seed": 1575, "objective_radius": 3, "wall_prob": 0.1823263057405189, "cover_prob": 0.13254800432954517, "choke_prob": 0.07665959415490586, "stochasticity": 0.30303832156558186, "adaptation_rate": 0.10634950674191886, "weapon_cooldown_ticks": 1}