{"ticks": 200.0, "objective_progress": 1.0, "objective_controller": 0.0, "max_ticks": 200, "n_agents": 30, "seed": 1412, "objective_radius": 6, "wall_prob": 0.01127727409875613, "cover_prob": 0.038573878287231675, "choke_prob": 0.05689432372849658, "stochasticity": 0.008708492877716266, "adaptation_rate": 0.01213148798985114, "weapon_cooldown_ticks": 2}