{"ticks": 200.0, "objective_progress": 0.0, "objective_controller": 1.0, "max_ticks": 200, "n_agents": 30, "seed": 1731, "objective_radius": 5, "wall_prob": 0.14274909280530731, "cover_prob": 0.10649028066063791, "choke_prob": 0.0639572600277558, "stochasticity": 0.208733635632616, "adaptation_rate": 0.020506117640549534, "weapon_cooldown_ticks": 3}