{"ticks": 200.0, "objective_progress": 0.7999999999999998, "objective_controller": 1.0, "max_ticks": 200, "n_agents": 30, "seed": 1689, "objective_radius": 7, "wall_prob": 0.23804470977392758, "cover_prob": 0.10490602086690713, "choke_prob": 7.93542144935428e-05, "stochasticity": 0.04675547681511395, "adaptation_rate": 0.09169650461097903, "weapon_cooldown_ticks": 2}