{"ticks": 200.0, "objective_progress": 0.04, "objective_controller": 0.0, "max_ticks": 200, "n_agents": 30, "seed": 1900, "objective_radius": 8, "wall_prob": 0.13810403465860255, "cover_prob": 0.010528337162226597, "choke_prob": 0.06556849798475706, "stochasticity": 0.33062317436404126, "adaptation_rate": 0.007026065228338956, "weapon_cooldown_ticks": 2}