{"ticks": 200.0, "objective_progress": 1.0, "objective_controller": 0.0, "max_ticks": 200, "n_agents": 30, "seed": 2353, "objective_radius": 4, "wall_prob": 0.220703125, "cover_prob": 0.004687500000000001, "choke_prob": 0.047656250000000004, "stochasticity": 0.31640625, "adaptation_rate": 0.19843750000000002, "weapon_cooldown_ticks": 3}