{"ticks": 200.0, "objective_progress": 1.0, "objective_controller": 1.0, "max_ticks": 200, "n_agents": 30, "seed": 1665, "objective_radius": 7, "wall_prob": 0.15904620988235313, "cover_prob": 0.15566015132023642, "choke_prob": 0.05702716366028037, "stochasticity": 0.05959075785557215, "adaptation_rate": 0.12950862429786553, "weapon_cooldown_ticks": 2}