{"ticks": 200.0, "objective_progress": 0.0, "objective_controller": 0.0, "max_ticks": 200, "n_agents": 30, "seed": 1340, "objective_radius": 9, "wall_prob": 0.004679872016836548, "cover_prob": 0.15528939911972753, "choke_prob": 0.0938531190982303, "stochasticity": 0.0359992607484518, "adaptation_rate": 0.03620741141554972, "weapon_cooldown_ticks": 2}