{"ticks": 200.0, "objective_progress": 1.0, "objective_controller": 0.0, "max_ticks": 200, "n_agents": 30, "seed": 1363, "objective_radius": 11, "wall_prob": 0.10806725882015761, "cover_prob": 0.14779946959101775, "choke_prob": 0.014679552517695059, "stochasticity": 0.3039954084182278, "adaptation_rate": 0.12233053244996697, "weapon_cooldown_ticks": 1}