{"ticks": 200.0, "objective_progress": 0.0, "objective_controller": 0.0, "max_ticks": 200, "n_agents": 30, "seed": 2913, "objective_radius": 11, "wall_prob": 0.1474609375, "cover_prob": 0.01015625, "choke_prob": 0.029296875, "stochasticity": 0.259765625, "adaptation_rate": 0.11484375000000001, "weapon_cooldown_ticks": 2}