{"ticks": 200.0, "objective_progress": 0.0, "objective_controller": 0.0, "max_ticks": 200, "n_agents": 30, "seed": 1862, "objective_radius": 10, "wall_prob": 0.22615171270664453, "cover_prob": 0.08838770846001122, "choke_prob": 0.09540735228818857, "stochasticity": 0.1398642117258292, "adaptation_rate": 0.05102633293163344, "weapon_cooldown_ticks": 3}