{"ticks": 200.0, "objective_progress": 0.12000000000000006, "objective_controller": 0.0, "max_ticks": 200, "n_agents": 30, "seed": 1021, "objective_radius": 6, "wall_prob": 0.17537407520441478, "cover_prob": 0.08388985289773189, "choke_prob": 0.07629310808410747, "stochasticity": 0.3124017595410093, "adaptation_rate": 0.14612999835395377, "weapon_cooldown_ticks": 2}