{"ticks": 200.0, "objective_progress": 0.0, "objective_controller": 1.0, "max_ticks": 200, "n_agents": 30, "seed": 1254, "objective_radius": 10, "wall_prob": 0.23222099332019572, "cover_prob": 0.1427870913263409, "choke_prob": 0.07170465758309397, "stochasticity": 0.4340474775063317, "adaptation_rate": 0.07111493569319945, "weapon_cooldown_ticks": 1}