{"ticks": 200.0, "objective_progress": 0.4999999999999992, "objective_controller": 1.0, "max_ticks": 200, "n_agents": 30, "seed": 1901, "objective_radius": 11, "wall_prob": 0.15013481442046786, "cover_prob": 0.02284529309341103, "choke_prob": 0.01549376870906458, "stochasticity": 0.15399487517331642, "adaptation_rate": 0.06361081200222908, "weapon_cooldown_ticks": 2}