{"ticks": 200.0, "objective_progress": 0.3199999999999999, "objective_controller": 0.0, "max_ticks": 200, "n_agents": 30, "seed": 2233, "objective_radius": 9, "wall_prob": 0.177734375, "cover_prob": 0.1796875, "choke_prob": 0.08515625, "stochasticity": 0.37890625, "adaptation_rate": 0.1421875, "weapon_cooldown_ticks": 2}