{"ticks": 200.0, "objective_progress": 0.12, "objective_controller": 0.0, "max_ticks": 200, "n_agents": 30, "seed": 2653, "objective_radius": 5, "wall_prob": 0.0966796875, "cover_prob": 0.08203125, "choke_prob": 0.058984375000000006, "stochasticity": 0.294921875, "adaptation_rate": 0.11171875, "weapon_cooldown_ticks": 1}