{"ticks": 200.0, "objective_progress": 1.0, "objective_controller": 0.0, "max_ticks": 200, "n_agents": 30, "seed": 2737, "objective_radius": 6, "wall_prob": 0.0908203125, "cover_prob": 0.08046875, "choke_prob": 0.083984375, "stochasticity": 0.216796875, "adaptation_rate": 0.11796875000000001, "weapon_cooldown_ticks": 2}