{"ticks": 200.0, "objective_progress": 0.0, "objective_controller": 1.0, "max_ticks": 200, "n_agents": 30, "seed": 1843, "objective_radius": 9, "wall_prob": 0.08379804268520552, "cover_prob": 0.17137496284383857, "choke_prob": 0.0961578569749876, "stochasticity": 0.35665701141054407, "adaptation_rate": 0.0939479695235301, "weapon_cooldown_ticks": 2}