{"ticks": 200.0, "objective_progress": 0.0, "objective_controller": 1.0, "max_ticks": 200, "n_agents": 30, "seed": 1589, "objective_radius": 11, "wall_prob": 0.06247639256862938, "cover_prob": 0.047793909787746, "choke_prob": 0.006271079644092153, "stochasticity": 0.19791001119900498, "adaptation_rate": 0.09041556512190281, "weapon_cooldown_ticks": 3}