{"ticks": 200.0, "objective_progress": 0.0, "objective_controller": 0.0, "max_ticks": 200, "n_agents": 30, "seed": 1206, "objective_radius": 10, "wall_prob": 0.05655575033608543, "cover_prob": 0.03821326584578372, "choke_prob": 0.031178901143850347, "stochasticity": 0.22938064769617802, "adaptation_rate": 0.030135633430642145, "weapon_cooldown_ticks": 3}