{"ticks": 200.0, "objective_progress": 1.0, "objective_controller": 1.0, "max_ticks": 200, "n_agents": 30, "seed": 1191, "objective_radius": 6, "wall_prob": 0.13759252844219258, "cover_prob": 0.07382610996127119, "choke_prob": 0.05633425135882865, "stochasticity": 0.1465168779351395, "adaptation_rate": 0.006475647867890188, "weapon_cooldown_ticks": 2}