{"ticks": 200.0, "objective_progress": 0.0, "objective_controller": 1.0, "max_ticks": 200, "n_agents": 30, "seed": 1048, "objective_radius": 12, "wall_prob": 0.14480149116961535, "cover_prob": 0.09939166926673793, "choke_prob": 0.020754844408475456, "stochasticity": 0.4567572278164806, "adaptation_rate": 0.14798940883741749, "weapon_cooldown_ticks": 2}