{"ticks": 200.0, "objective_progress": 0.5799999999999996, "objective_controller": 0.0, "max_ticks": 200, "n_agents": 30, "seed": 1734, "objective_radius": 6, "wall_prob": 0.12379067690608221, "cover_prob": 0.05749227930066486, "choke_prob": 0.05246695616747411, "stochasticity": 0.1476140210341498, "adaptation_rate": 0.09307994014643989, "weapon_cooldown_ticks": 2}