{"ticks": 200.0, "objective_progress": 0.0, "objective_controller": 1.0, "max_ticks": 200, "n_agents": 30, "seed": 1226, "objective_radius": 8, "wall_prob": 0.20641663142230326, "cover_prob": 0.19334868117730994, "choke_prob": 0.05453895202622368, "stochasticity": 0.34370378043286, "adaptation_rate": 0.1737479008949893, "weapon_cooldown_ticks": 3}