{"ticks": 200.0, "objective_progress": 0.0, "objective_controller": 1.0, "max_ticks": 200, "n_agents": 30, "seed": 1394, "objective_radius": 10, "wall_prob": 0.1714346225829364, "cover_prob": 0.19572489508691898, "choke_prob": 0.0004181180135049971, "stochasticity": 0.33639016784372544, "adaptation_rate": 0.058308573248610655, "weapon_cooldown_ticks": 3}