{"ticks": 200.0, "objective_progress": 1.0, "objective_controller": 1.0, "max_ticks": 200, "n_agents": 30, "seed": 2572, "objective_radius": 3, "wall_prob": 0.1494140625, "cover_prob": 0.017968750000000002, "choke_prob": 0.026953125, "stochasticity": 0.033203125, "adaptation_rate": 0.10703125000000001, "weapon_cooldown_ticks": 2}