{"ticks": 200.0, "objective_progress": 1.0, "objective_controller": 1.0, "max_ticks": 200, "n_agents": 30, "seed": 1275, "objective_radius": 7, "wall_prob": 0.16850741782673717, "cover_prob": 0.004191538857242764, "choke_prob": 0.09202611018780994, "stochasticity": 0.09429055732854795, "adaptation_rate": 0.07101171323675019, "weapon_cooldown_ticks": 2}