{"ticks": 200.0, "objective_progress": 0.0, "objective_controller": 1.0, "max_ticks": 200, "n_agents": 30, "seed": 2179, "objective_radius": 9, "wall_prob": 0.130859375, "cover_prob": 0.0921875, "choke_prob": 0.06640625, "stochasticity": 0.03515625, "adaptation_rate": 0.004687500000000001, "weapon_cooldown_ticks": 3}