{"ticks": 200.0, "objective_progress": 1.0, "objective_controller": 0.0, "max_ticks": 200, "n_agents": 30, "seed": 1966, "objective_radius": 7, "wall_prob": 0.202249287749383, "cover_prob": 0.08108011585628389, "choke_prob": 0.06918471159394965, "stochasticity": 0.3207333713143187, "adaptation_rate": 0.06806714329608096, "weapon_cooldown_ticks": 1}