{"ticks": 200.0, "objective_progress": 0.9000000000000002, "objective_controller": 0.0, "max_ticks": 200, "n_agents": 30, "seed": 1415, "objective_radius": 5, "wall_prob": 0.14793650213294765, "cover_prob": 0.17503104397328034, "choke_prob": 0.008187581513472113, "stochasticity": 0.46739279032459463, "adaptation_rate": 0.1858863256528605, "weapon_cooldown_ticks": 3}