{"ticks": 200.0, "objective_progress": 1.0, "objective_controller": 0.0, "max_ticks": 200, "n_agents": 30, "seed": 1177, "objective_radius": 4, "wall_prob": 0.06036016329022298, "cover_prob": 0.1103025630129979, "choke_prob": 0.009126628453256689, "stochasticity": 0.38366817818481797, "adaptation_rate": 0.06612581729167856, "weapon_cooldown_ticks": 2}