{"ticks": 200.0, "objective_progress": 0.0, "objective_controller": 0.0, "max_ticks": 200, "n_agents": 30, "seed": 1569, "objective_radius": 10, "wall_prob": 0.05352923496437129, "cover_prob": 0.07494912965751706, "choke_prob": 0.08505053898809094, "stochasticity": 0.22688737381930735, "adaptation_rate": 0.021422437590728854, "weapon_cooldown_ticks": 1}