{"ticks": 200.0, "objective_progress": 0.0, "objective_controller": 1.0, "max_ticks": 200, "n_agents": 30, "seed": 1628, "objective_radius": 8, "wall_prob": 0.14078114287932394, "cover_prob": 0.06514086415162916, "choke_prob": 0.09070616244268066, "stochasticity": 0.22235173087431717, "adaptation_rate": 0.13443079480578926, "weapon_cooldown_ticks": 3}