{"ticks": 200.0, "objective_progress": 0.3199999999999999, "objective_controller": 1.0, "max_ticks": 200, "n_agents": 30, "seed": 2047, "objective_radius": 11, "wall_prob": 0.1201171875, "cover_prob": 0.08359375000000001, "choke_prob": 0.031640625, "stochasticity": 0.013671875, "adaptation_rate": 0.01015625, "weapon_cooldown_ticks": 1}