{"ticks": 200.0, "objective_progress": 1.0, "objective_controller": 0.0, "max_ticks": 200, "n_agents": 30, "seed": 1965, "objective_radius": 4, "wall_prob": 0.04734498791813457, "cover_prob": 0.08552101595356532, "choke_prob": 0.04484142957203186, "stochasticity": 0.3635882040709151, "adaptation_rate": 0.11651662894402155, "weapon_cooldown_ticks": 1}