{"ticks": 200.0, "objective_progress": 0.08, "objective_controller": 1.0, "max_ticks": 200, "n_agents": 30, "seed": 1390, "objective_radius": 11, "wall_prob": 0.044686408182890575, "cover_prob": 0.1961676363001223, "choke_prob": 0.05835895008631175, "stochasticity": 0.3880451689488221, "adaptation_rate": 0.11227953005933136, "weapon_cooldown_ticks": 2}