{"ticks": 200.0, "objective_progress": 0.47999999999999954, "objective_controller": 0.0, "max_ticks": 200, "n_agents": 30, "seed": 2143, "objective_radius": 7, "wall_prob": 0.232421875, "cover_prob": 0.13593750000000002, "choke_prob": 0.08828125, "stochasticity": 0.01953125, "adaptation_rate": 0.0484375, "weapon_cooldown_ticks": 1}