{"ticks": 200.0, "objective_progress": 0.7599999999999998, "objective_controller": 1.0, "max_ticks": 200, "n_agents": 30, "seed": 1744, "objective_radius": 8, "wall_prob": 0.06877408450710826, "cover_prob": 0.18293312655610489, "choke_prob": 0.07140712806861453, "stochasticity": 0.4158122760687875, "adaptation_rate": 0.1539580241991618, "weapon_cooldown_ticks": 1}