{"ticks": 200.0, "objective_progress": 0.5599999999999997, "objective_controller": 0.0, "max_ticks": 200, "n_agents": 30, "seed": 2008, "objective_radius": 7, "wall_prob": 0.04223338430099881, "cover_prob": 0.020828218928775215, "choke_prob": 0.01160290937964601, "stochasticity": 0.2351443249184836, "adaptation_rate": 0.1861298345426694, "weapon_cooldown_ticks": 2}