{"ticks": 200.0, "objective_progress": 0.96, "objective_controller": 1.0, "max_ticks": 200, "n_agents": 30, "seed": 1110, "objective_radius": 3, "wall_prob": 0.012327501056606975, "cover_prob": 0.1936883655224609, "choke_prob": 0.09883829745169391, "stochasticity": 0.06827532042884422, "adaptation_rate": 0.10556526497207924, "weapon_cooldown_ticks": 2}