{"ticks": 200.0, "objective_progress": 0.0, "objective_controller": 0.0, "max_ticks": 200, "n_agents": 30, "seed": 1060, "objective_radius": 11, "wall_prob": 0.13371134308461582, "cover_prob": 0.13570621863007423, "choke_prob": 0.0455700740087199, "stochasticity": 0.318296499665446, "adaptation_rate": 0.1577175630697285, "weapon_cooldown_ticks": 1}