{"ticks": 200.0, "objective_progress": 1.0, "objective_controller": 0.0, "max_ticks": 200, "n_agents": 30, "seed": 1023, "objective_radius": 5, "wall_prob": 0.23135978696682435, "cover_prob": 0.1807070979683227, "choke_prob": 0.061129007837379436, "stochasticity": 0.40716350396786344, "adaptation_rate": 0.0673379227985888, "weapon_cooldown_ticks": 1}