{"ticks": 200.0, "objective_progress": 1.0, "objective_controller": 0.0, "max_ticks": 200, "n_agents": 30, "seed": 1685, "objective_radius": 4, "wall_prob": 0.15193535381721138, "cover_prob": 0.11738693949414747, "choke_prob": 0.01857238928971375, "stochasticity": 0.007947874178022946, "adaptation_rate": 0.12075565030651268, "weapon_cooldown_ticks": 2}