{"ticks": 200.0, "objective_progress": 0.2799999999999995, "objective_controller": 1.0, "max_ticks": 200, "n_agents": 30, "seed": 1445, "objective_radius": 3, "wall_prob": 0.028782339890567252, "cover_prob": 0.04412264415232342, "choke_prob": 0.06880409923668522, "stochasticity": 0.0230538286209559, "adaptation_rate": 0.16344841578108404, "weapon_cooldown_ticks": 3}