{"ticks": 200.0, "objective_progress": 0.0, "objective_controller": 0.0, "max_ticks": 200, "n_agents": 30, "seed": 1782, "objective_radius": 8, "wall_prob": 0.1414367375719833, "cover_prob": 0.18880547093872252, "choke_prob": 0.003529027712074172, "stochasticity": 0.2826455631035197, "adaptation_rate": 0.1848702363562296, "weapon_cooldown_ticks": 3}