{"ticks": 200.0, "objective_progress": 1.0, "objective_controller": 0.0, "max_ticks": 200, "n_agents": 30, "seed": 1434, "objective_radius": 7, "wall_prob": 0.1966366626961693, "cover_prob": 0.12181812028299122, "choke_prob": 0.005951285047127946, "stochasticity": 0.3357465096536856, "adaptation_rate": 0.15023275153112892, "weapon_cooldown_ticks": 1}