{"ticks": 200.0, "objective_progress": 0.03999999999999998, "objective_controller": 0.0, "max_ticks": 200, "n_agents": 30, "seed": 1860, "objective_radius": 10, "wall_prob": 0.19764848478366512, "cover_prob": 0.060713421678782936, "choke_prob": 0.013262572890834635, "stochasticity": 0.42959337763066296, "adaptation_rate": 0.17182112787007592, "weapon_cooldown_ticks": 2}