{"ticks": 200.0, "objective_progress": 0.0, "objective_controller": 0.0, "max_ticks": 200, "n_agents": 30, "seed": 1536, "objective_radius": 11, "wall_prob": 0.18691877310997612, "cover_prob": 0.10556902400651061, "choke_prob": 0.08035934886910485, "stochasticity": 0.034364905677671725, "adaptation_rate": 0.058643267246573594, "weapon_cooldown_ticks": 1}