{"ticks": 200.0, "objective_progress": 0.49999999999999967, "objective_controller": 1.0, "max_ticks": 200, "n_agents": 30, "seed": 2177, "objective_radius": 6, "wall_prob": 0.2314453125, "cover_prob": 0.18984375, "choke_prob": 0.034765625, "stochasticity": 0.466796875, "adaptation_rate": 0.14453125, "weapon_cooldown_ticks": 2}