{"ticks": 200.0, "objective_progress": 0.41999999999999993, "objective_controller": 0.0, "max_ticks": 200, "n_agents": 30, "seed": 1031, "objective_radius": 7, "wall_prob": 0.22865241515838142, "cover_prob": 0.061657784399965, "choke_prob": 0.08038538895280427, "stochasticity": 0.08601157267799214, "adaptation_rate": 0.11089047354536073, "weapon_cooldown_ticks": 2}