{"ticks": 200.0, "objective_progress": 0.04, "objective_controller": 1.0, "max_ticks": 200, "n_agents": 30, "seed": 1542, "objective_radius": 10, "wall_prob": 0.10095451139206318, "cover_prob": 0.19404562645833542, "choke_prob": 0.08353805957681658, "stochasticity": 0.1349918027552257, "adaptation_rate": 0.04380175609015877, "weapon_cooldown_ticks": 1}