{"ticks": 200.0, "objective_progress": 1.0, "objective_controller": 0.0, "max_ticks": 200, "n_agents": 30, "seed": 1099, "objective_radius": 5, "wall_prob": 0.20390610913440219, "cover_prob": 0.11410040953974304, "choke_prob": 0.03311766052975241, "stochasticity": 0.22411243128459152, "adaptation_rate": 0.06712241232274073, "weapon_cooldown_ticks": 2}