{"ticks": 200.0, "objective_progress": 0.0, "objective_controller": 1.0, "max_ticks": 200, "n_agents": 30, "seed": 1342, "objective_radius": 10, "wall_prob": 0.23841872458354677, "cover_prob": 0.02379210227031218, "choke_prob": 0.012385655404735053, "stochasticity": 0.3389540939961848, "adaptation_rate": 0.0810896924444261, "weapon_cooldown_ticks": 3}