{"ticks": 200.0, "objective_progress": 0.039999999999999994, "objective_controller": 0.0, "max_ticks": 200, "n_agents": 30, "seed": 1150, "objective_radius": 11, "wall_prob": 0.026939615644433475, "cover_prob": 0.07638322497754532, "choke_prob": 0.07853300131643556, "stochasticity": 0.3507595887557707, "adaptation_rate": 0.030335005624360097, "weapon_cooldown_ticks": 2}