{"ticks": 200.0, "objective_progress": 1.0, "objective_controller": 1.0, "max_ticks": 200, "n_agents": 30, "seed": 1431, "objective_radius": 4, "wall_prob": 0.22359858748451236, "cover_prob": 0.0011343741198810069, "choke_prob": 0.013012032739477639, "stochasticity": 0.42469475869665735, "adaptation_rate": 0.06039022161487512, "weapon_cooldown_ticks": 1}