{"ticks": 200.0, "objective_progress": 0.0, "objective_controller": 0.0, "max_ticks": 200, "n_agents": 30, "seed": 1777, "objective_radius": 9, "wall_prob": 0.15341405759001606, "cover_prob": 0.060883522152739324, "choke_prob": 0.003385789723247065, "stochasticity": 0.18304245671328212, "adaptation_rate": 0.03742532830494035, "weapon_cooldown_ticks": 3}