{"ticks": 200.0, "objective_progress": 0.6999999999999997, "objective_controller": 1.0, "max_ticks": 200, "n_agents": 30, "seed": 2355, "objective_radius": 5, "wall_prob": 0.1728515625, "cover_prob": 0.12421875, "choke_prob": 0.047265625000000006, "stochasticity": 0.443359375, "adaptation_rate": 0.025781250000000002, "weapon_cooldown_ticks": 2}