{"ticks": 200.0, "objective_progress": 0.8600000000000002, "objective_controller": 1.0, "max_ticks": 200, "n_agents": 30, "seed": 1949, "objective_radius": 5, "wall_prob": 0.029887050522824105, "cover_prob": 0.16138747451712115, "choke_prob": 0.09488056115126736, "stochasticity": 0.16689024483646975, "adaptation_rate": 0.0631979248236835, "weapon_cooldown_ticks": 3}