{"ticks": 200.0, "objective_progress": 0.0, "objective_controller": 1.0, "max_ticks": 200, "n_agents": 30, "seed": 1822, "objective_radius": 11, "wall_prob": 0.23760084680032512, "cover_prob": 0.1964108740460006, "choke_prob": 0.009820414044322245, "stochasticity": 0.11449366057967592, "adaptation_rate": 0.03999245233447178, "weapon_cooldown_ticks": 1}