{"ticks": 200.0, "objective_progress": 0.9199999999999999, "objective_controller": 1.0, "max_ticks": 200, "n_agents": 30, "seed": 1133, "objective_radius": 3, "wall_prob": 0.10341188830847058, "cover_prob": 0.17544258475149568, "choke_prob": 0.07453091496816892, "stochasticity": 0.47382095994738205, "adaptation_rate": 0.09902481556745649, "weapon_cooldown_ticks": 1}