{"ticks": 200.0, "objective_progress": 0.0, "objective_controller": 1.0, "max_ticks": 200, "n_agents": 30, "seed": 2320, "objective_radius": 6, "wall_prob": 0.2041015625, "cover_prob": 0.049218750000000006, "choke_prob": 0.048828125, "stochasticity": 0.017578125, "adaptation_rate": 0.00078125, "weapon_cooldown_ticks": 3}