{"ticks": 200.0, "objective_progress": 0.0, "objective_controller": 0.0, "max_ticks": 200, "n_agents": 30, "seed": 1152, "objective_radius": 12, "wall_prob": 0.2056346521479378, "cover_prob": 0.1343024043789161, "choke_prob": 0.03388171398330783, "stochasticity": 0.3249929049320726, "adaptation_rate": 0.1744144530209405, "weapon_cooldown_ticks": 1}