{"ticks": 200.0, "objective_progress": 0.47999999999999937, "objective_controller": 0.0, "max_ticks": 200, "n_agents": 30, "seed": 1914, "objective_radius": 5, "wall_prob": 0.14805880990209427, "cover_prob": 0.04247128876150941, "choke_prob": 0.05874091238028836, "stochasticity": 0.25645062919951506, "adaptation_rate": 0.1980432589646494, "weapon_cooldown_ticks": 2}