{"ticks": 200.0, "objective_progress": 0.08, "objective_controller": 1.0, "max_ticks": 200, "n_agents": 30, "seed": 2008, "objective_radius": 5, "wall_prob": 0.0263671875, "cover_prob": 0.16328125000000002, "choke_prob": 0.07382812500000001, "stochasticity": 0.369140625, "adaptation_rate": 0.16328125000000002, "weapon_cooldown_ticks": 3}