{"ticks": 200.0, "objective_progress": 0.98, "objective_controller": 1.0, "max_ticks": 200, "n_agents": 30, "seed": 2821, "objective_radius": 7, "wall_prob": 0.1064453125, "cover_prob": 0.16328125000000002, "choke_prob": 0.099609375, "stochasticity": 0.423828125, "adaptation_rate": 0.04296875, "weapon_cooldown_ticks": 2}