{"ticks": 200.0, "objective_progress": 0.0, "objective_controller": 0.0, "max_ticks": 200, "n_agents": 30, "seed": 1854, "objective_radius": 11, "wall_prob": 0.128535097962608, "cover_prob": 0.04122670509082628, "choke_prob": 0.03693078205225438, "stochasticity": 0.2553608786865417, "adaptation_rate": 0.0389932209055012, "weapon_cooldown_ticks": 2}