{"ticks": 200.0, "objective_progress": 0.0, "objective_controller": 1.0, "max_ticks": 200, "n_agents": 30, "seed": 1359, "objective_radius": 10, "wall_prob": 0.14103948809418193, "cover_prob": 0.11081692849240424, "choke_prob": 0.030681984107617973, "stochasticity": 0.1768783995205603, "adaptation_rate": 0.09218161679530434, "weapon_cooldown_ticks": 3}