{"ticks": 200.0, "objective_progress": 1.0, "objective_controller": 0.0, "max_ticks": 200, "n_agents": 30, "seed": 1580, "objective_radius": 5, "wall_prob": 0.09917125771333084, "cover_prob": 0.06045416514692517, "choke_prob": 0.05912421487830343, "stochasticity": 0.48344725553388285, "adaptation_rate": 0.13516167791269718, "weapon_cooldown_ticks": 2}