{"ticks": 200.0, "objective_progress": 0.8000000000000002, "objective_controller": 0.0, "max_ticks": 200, "n_agents": 30, "seed": 1468, "objective_radius": 3, "wall_prob": 0.033035423210576946, "cover_prob": 0.08728160804122594, "choke_prob": 0.05597361664200054, "stochasticity": 0.47684765240281024, "adaptation_rate": 0.17744868516168338, "weapon_cooldown_ticks": 2}