{"ticks": 200.0, "objective_progress": 0.18000000000000005, "objective_controller": 0.0, "max_ticks": 200, "n_agents": 30, "seed": 2191, "objective_radius": 12, "wall_prob": 0.0029296875, "cover_prob": 0.014843750000000001, "choke_prob": 0.09726562500000001, "stochasticity": 0.154296875, "adaptation_rate": 0.19140625, "weapon_cooldown_ticks": 2}