{"ticks": 200.0, "objective_progress": 0.0, "objective_controller": 0.0, "max_ticks": 200, "n_agents": 30, "seed": 2679, "objective_radius": 7, "wall_prob": 0.1591796875, "cover_prob": 0.13203125000000002, "choke_prob": 0.074609375, "stochasticity": 0.283203125, "adaptation_rate": 0.16171875000000002, "weapon_cooldown_ticks": 3}