{"ticks": 200.0, "objective_progress": 0.08000000000000006, "objective_controller": 1.0, "max_ticks": 200, "n_agents": 30, "seed": 2330, "objective_radius": 7, "wall_prob": 0.064453125, "cover_prob": 0.1546875, "choke_prob": 0.07265625, "stochasticity": 0.44140625, "adaptation_rate": 0.09531250000000001, "weapon_cooldown_ticks": 1}