{"ticks": 200.0, "objective_progress": 0.12, "objective_controller": 0.0, "max_ticks": 200, "n_agents": 30, "seed": 1426, "objective_radius": 10, "wall_prob": 0.18320497933495333, "cover_prob": 0.06708335723916165, "choke_prob": 0.08580861695343017, "stochasticity": 0.2628111907493793, "adaptation_rate": 0.18844647729755823, "weapon_cooldown_ticks": 2}