{"ticks": 200.0, "objective_progress": 0.9200000000000003, "objective_controller": 0.0, "max_ticks": 200, "n_agents": 30, "seed": 2706, "objective_radius": 8, "wall_prob": 0.0654296875, "cover_prob": 0.10703125000000001, "choke_prob": 0.087109375, "stochasticity": 0.220703125, "adaptation_rate": 0.08671875000000001, "weapon_cooldown_ticks": 1}