{"ticks": 200.0, "objective_progress": 0.0, "objective_controller": 1.0, "max_ticks": 200, "n_agents": 30, "seed": 1778, "objective_radius": 10, "wall_prob": 0.13516740559367804, "cover_prob": 0.04082172590707614, "choke_prob": 0.07875556323078425, "stochasticity": 0.4562571753206589, "adaptation_rate": 0.06005449590703232, "weapon_cooldown_ticks": 1}