{"ticks": 200.0, "objective_progress": 1.0, "objective_controller": 0.0, "max_ticks": 200, "n_agents": 30, "seed": 1455, "objective_radius": 4, "wall_prob": 0.02754811646956876, "cover_prob": 0.1662979424708222, "choke_prob": 0.027243185322330055, "stochasticity": 0.3518720444935021, "adaptation_rate": 0.1456946681827386, "weapon_cooldown_ticks": 2}