{"ticks": 200.0, "objective_progress": 0.0, "objective_controller": 1.0, "max_ticks": 200, "n_agents": 30, "seed": 1396, "objective_radius": 6, "wall_prob": 0.07957565277643498, "cover_prob": 0.04541242287917561, "choke_prob": 0.0003532858125186758, "stochasticity": 0.1925921354887013, "adaptation_rate": 0.15708638912687173, "weapon_cooldown_ticks": 3}