{"ticks": 200.0, "objective_progress": 1.0, "objective_controller": 0.0, "max_ticks": 200, "n_agents": 30, "seed": 1319, "objective_radius": 6, "wall_prob": 0.0706819707720696, "cover_prob": 0.19846993392654352, "choke_prob": 0.08480167074146829, "stochasticity": 0.36621918792106517, "adaptation_rate": 0.17610024198404003, "weapon_cooldown_ticks": 1}