{"ticks": 200.0, "objective_progress": 1.0, "objective_controller": 0.0, "max_ticks": 200, "n_agents": 30, "seed": 1721, "objective_radius": 5, "wall_prob": 0.023160961609773545, "cover_prob": 0.18162445012266343, "choke_prob": 0.045879955214382644, "stochasticity": 0.22300039212314093, "adaptation_rate": 0.024775900860129263, "weapon_cooldown_ticks": 1}