{"ticks": 200.0, "objective_progress": 0.0, "objective_controller": 0.0, "max_ticks": 200, "n_agents": 30, "seed": 1673, "objective_radius": 8, "wall_prob": 0.24629306196733253, "cover_prob": 0.1895181875110235, "choke_prob": 0.0613559314349687, "stochasticity": 0.09320539805523453, "adaptation_rate": 0.028578946550746512, "weapon_cooldown_ticks": 3}