{"ticks": 200.0, "objective_progress": 0.7399999999999998, "objective_controller": 1.0, "max_ticks": 200, "n_agents": 30, "seed": 2013, "objective_radius": 8, "wall_prob": 0.224609375, "cover_prob": 0.06406250000000001, "choke_prob": 0.04453125, "stochasticity": 0.07421875, "adaptation_rate": 0.18906250000000002, "weapon_cooldown_ticks": 1}