{"ticks": 200.0, "objective_progress": 0.99, "objective_controller": 1.0, "max_ticks": 200, "n_agents": 30, "seed": 1324, "objective_radius": 3, "wall_prob": 0.09101299491158661, "cover_prob": 0.03342575948882984, "choke_prob": 0.015583886129930176, "stochasticity": 0.3652637939463713, "adaptation_rate": 0.17128287002213993, "weapon_cooldown_ticks": 1}