{"ticks": 200.0, "objective_progress": 1.0, "objective_controller": 1.0, "max_ticks": 200, "n_agents": 30, "seed": 1737, "objective_radius": 5, "wall_prob": 0.18622798315905303, "cover_prob": 0.10216334285007574, "choke_prob": 0.020808537065118496, "stochasticity": 0.18535867712778153, "adaptation_rate": 0.06991075206580831, "weapon_cooldown_ticks": 1}