{"ticks": 200.0, "objective_progress": 0.0, "objective_controller": 1.0, "max_ticks": 200, "n_agents": 30, "seed": 1181, "objective_radius": 11, "wall_prob": 0.12337037286278593, "cover_prob": 0.1723795597548594, "choke_prob": 0.017963001573004803, "stochasticity": 0.0978168407331017, "adaptation_rate": 0.12645228755553917, "weapon_cooldown_ticks": 3}