{"ticks": 200.0, "objective_progress": 0.0, "objective_controller": 0.0, "max_ticks": 200, "n_agents": 30, "seed": 2814, "objective_radius": 11, "wall_prob": 0.0888671875, "cover_prob": 0.06328125, "choke_prob": 0.015234375000000001, "stochasticity": 0.173828125, "adaptation_rate": 0.14296875, "weapon_cooldown_ticks": 3}