{"ticks": 200.0, "objective_progress": 0.0, "objective_controller": 1.0, "max_ticks": 200, "n_agents": 30, "seed": 1347, "objective_radius": 12, "wall_prob": 0.08627907228327292, "cover_prob": 0.15975378922458683, "choke_prob": 0.06162461188964277, "stochasticity": 0.11193414418623829, "adaptation_rate": 0.15992581927652127, "weapon_cooldown_ticks": 3}