{"ticks": 200.0, "objective_progress": 0.2, "objective_controller": 1.0, "max_ticks": 200, "n_agents": 30, "seed": 2473, "objective_radius": 7, "wall_prob": 0.0087890625, "cover_prob": 0.030468750000000003, "choke_prob": 0.095703125, "stochasticity": 0.126953125, "adaptation_rate": 0.11953125, "weapon_cooldown_ticks": 3}