{"ticks": 200.0, "objective_progress": 1.0, "objective_controller": 0.0, "max_ticks": 200, "n_agents": 30, "seed": 1912, "objective_radius": 4, "wall_prob": 0.09020277721294198, "cover_prob": 0.16244973579002986, "choke_prob": 0.09699393007253196, "stochasticity": 0.329650401997328, "adaptation_rate": 0.1457523615625465, "weapon_cooldown_ticks": 2}