{"ticks": 200.0, "objective_progress": 0.04, "objective_controller": 1.0, "max_ticks": 200, "n_agents": 30, "seed": 2237, "objective_radius": 11, "wall_prob": 0.013671875, "cover_prob": 0.1296875, "choke_prob": 0.030468750000000003, "stochasticity": 0.37109375, "adaptation_rate": 0.0203125, "weapon_cooldown_ticks": 1}