{"ticks": 200.0, "objective_progress": 1.0, "objective_controller": 0.0, "max_ticks": 200, "n_agents": 30, "seed": 2746, "objective_radius": 4, "wall_prob": 0.0283203125, "cover_prob": 0.030468750000000003, "choke_prob": 0.058984375000000006, "stochasticity": 0.091796875, "adaptation_rate": 0.06796875000000001, "weapon_cooldown_ticks": 2}