{"ticks": 200.0, "objective_progress": 1.0, "objective_controller": 1.0, "max_ticks": 200, "n_agents": 30, "seed": 1458, "objective_radius": 4, "wall_prob": 0.1758303228543688, "cover_prob": 0.1344206954621421, "choke_prob": 0.002668467471510803, "stochasticity": 0.4872450578725551, "adaptation_rate": 0.19407108861980243, "weapon_cooldown_ticks": 3}