{"ticks": 200.0, "objective_progress": 1.0, "objective_controller": 0.0, "max_ticks": 200, "n_agents": 30, "seed": 1516, "objective_radius": 3, "wall_prob": 0.1572974487659277, "cover_prob": 0.1630329722187359, "choke_prob": 0.08421803053954284, "stochasticity": 0.03792267354863324, "adaptation_rate": 0.037800855537881754, "weapon_cooldown_ticks": 3}