{"ticks": 200.0, "objective_progress": 1.0, "objective_controller": 0.0, "max_ticks": 200, "n_agents": 30, "seed": 1613, "objective_radius": 7, "wall_prob": 0.08017848781743453, "cover_prob": 0.10316862230289053, "choke_prob": 0.0938143852890069, "stochasticity": 0.3497746494128501, "adaptation_rate": 0.11828881897716714, "weapon_cooldown_ticks": 2}