{"ticks": 200.0, "objective_progress": 0.0, "objective_controller": 0.0, "max_ticks": 200, "n_agents": 30, "seed": 2129, "objective_radius": 8, "wall_prob": 0.021484375, "cover_prob": 0.035937500000000004, "choke_prob": 0.0023437500000000003, "stochasticity": 0.29296875, "adaptation_rate": 0.15156250000000002, "weapon_cooldown_ticks": 3}