{"ticks": 200.0, "objective_progress": 0.5399999999999995, "objective_controller": 1.0, "max_ticks": 200, "n_agents": 30, "seed": 1776, "objective_radius": 6, "wall_prob": 0.005758310590064883, "cover_prob": 0.03405651555195458, "choke_prob": 0.046662618688736696, "stochasticity": 0.11484584529753393, "adaptation_rate": 0.07789098429064993, "weapon_cooldown_ticks": 2}