{"ticks": 200.0, "objective_progress": 1.0, "objective_controller": 0.0, "max_ticks": 200, "n_agents": 30, "seed": 2332, "objective_radius": 7, "wall_prob": 0.0068359375, "cover_prob": 0.09765625, "choke_prob": 0.022265625, "stochasticity": 0.080078125, "adaptation_rate": 0.15390625000000002, "weapon_cooldown_ticks": 2}