{"ticks": 200.0, "objective_progress": 1.0, "objective_controller": 0.0, "max_ticks": 200, "n_agents": 30, "seed": 1657, "objective_radius": 5, "wall_prob": 0.13954927609326834, "cover_prob": 0.03474495604589486, "choke_prob": 0.011144566054830865, "stochasticity": 0.02095582813983545, "adaptation_rate": 0.16866696089984534, "weapon_cooldown_ticks": 1}