{"ticks": 200.0, "objective_progress": 0.0, "objective_controller": 0.0, "max_ticks": 200, "n_agents": 30, "seed": 2595, "objective_radius": 10, "wall_prob": 0.1123046875, "cover_prob": 0.16953125000000002, "choke_prob": 0.065234375, "stochasticity": 0.251953125, "adaptation_rate": 0.02421875, "weapon_cooldown_ticks": 1}