{"ticks": 200.0, "objective_progress": 1.0, "objective_controller": 1.0, "max_ticks": 200, "n_agents": 30, "seed": 1939, "objective_radius": 7, "wall_prob": 0.17757790504171678, "cover_prob": 0.18722350648757705, "choke_prob": 0.00599426527132076, "stochasticity": 0.433370963578013, "adaptation_rate": 0.00614307601098798, "weapon_cooldown_ticks": 1}