{"ticks": 200.0, "objective_progress": 0.0, "objective_controller": 1.0, "max_ticks": 200, "n_agents": 30, "seed": 1043, "objective_radius": 10, "wall_prob": 0.19923787248503766, "cover_prob": 0.009654722959236485, "choke_prob": 0.06236991133703218, "stochasticity": 0.27129947295965184, "adaptation_rate": 0.19453394998316823, "weapon_cooldown_ticks": 3}