{"ticks": 200.0, "objective_progress": 1.0, "objective_controller": 0.0, "max_ticks": 200, "n_agents": 30, "seed": 1653, "objective_radius": 6, "wall_prob": 0.17702287200433212, "cover_prob": 0.12578962114321926, "choke_prob": 0.02361165235180446, "stochasticity": 0.40899176489447364, "adaptation_rate": 0.08817244612959438, "weapon_cooldown_ticks": 1}