{"ticks": 200.0, "objective_progress": 0.8399999999999999, "objective_controller": 1.0, "max_ticks": 200, "n_agents": 30, "seed": 1134, "objective_radius": 8, "wall_prob": 0.039047869385979116, "cover_prob": 0.06413384237644724, "choke_prob": 0.04779885856946246, "stochasticity": 0.2479809837990946, "adaptation_rate": 0.1340673228233636, "weapon_cooldown_ticks": 1}