{"ticks": 200.0, "objective_progress": 0.96, "objective_controller": 0.0, "max_ticks": 200, "n_agents": 30, "seed": 1573, "objective_radius": 10, "wall_prob": 0.04092569697339104, "cover_prob": 0.05495068878146016, "choke_prob": 0.08695773656325856, "stochasticity": 0.10517002413294708, "adaptation_rate": 0.17942417280719972, "weapon_cooldown_ticks": 2}