{"ticks": 200.0, "objective_progress": 0.0, "objective_controller": 1.0, "max_ticks": 200, "n_agents": 30, "seed": 1661, "objective_radius": 11, "wall_prob": 0.2079277161118363, "cover_prob": 0.13960991735098263, "choke_prob": 0.09784447730560478, "stochasticity": 0.4284798568242746, "adaptation_rate": 0.13155731447011604, "weapon_cooldown_ticks": 1}