{"ticks": 200.0, "objective_progress": 1.0, "objective_controller": 0.0, "max_ticks": 200, "n_agents": 30, "seed": 1727, "objective_radius": 4, "wall_prob": 0.18551457540695185, "cover_prob": 0.12788278264235847, "choke_prob": 0.04467225376883299, "stochasticity": 0.38994345156186644, "adaptation_rate": 0.07465708197311531, "weapon_cooldown_ticks": 1}