{"ticks": 200.0, "objective_progress": 0.47999999999999987, "objective_controller": 1.0, "max_ticks": 200, "n_agents": 30, "seed": 2026, "objective_radius": 12, "wall_prob": 0.2138671875, "cover_prob": 0.013281250000000001, "choke_prob": 0.048828125, "stochasticity": 0.244140625, "adaptation_rate": 0.11328125, "weapon_cooldown_ticks": 2}