{"ticks": 200.0, "objective_progress": 0.16, "objective_controller": 0.0, "max_ticks": 200, "n_agents": 30, "seed": 1259, "objective_radius": 6, "wall_prob": 0.23298648971322508, "cover_prob": 0.03731294525376787, "choke_prob": 0.08656551301530349, "stochasticity": 0.22453525982955944, "adaptation_rate": 0.14197297221108315, "weapon_cooldown_ticks": 2}