{"ticks": 200.0, "objective_progress": 0.0, "objective_controller": 1.0, "max_ticks": 200, "n_agents": 30, "seed": 1301, "objective_radius": 11, "wall_prob": 0.1669720405127544, "cover_prob": 0.14487325745805665, "choke_prob": 0.09363687970517316, "stochasticity": 0.4640542803977841, "adaptation_rate": 0.01709457167895714, "weapon_cooldown_ticks": 2}