{"ticks": 200.0, "objective_progress": 0.0, "objective_controller": 1.0, "max_ticks": 200, "n_agents": 30, "seed": 1550, "objective_radius": 10, "wall_prob": 0.1412951416657096, "cover_prob": 0.13684042828465645, "choke_prob": 0.08337815858872727, "stochasticity": 0.165981324918709, "adaptation_rate": 0.034198269678938256, "weapon_cooldown_ticks": 3}