{"ticks": 200.0, "objective_progress": 0.07999999999999904, "objective_controller": 1.0, "max_ticks": 200, "n_agents": 30, "seed": 1986, "objective_radius": 8, "wall_prob": 0.12731995165560708, "cover_prob": 0.1779576659966281, "choke_prob": 0.048462640326996015, "stochasticity": 0.4795949502753434, "adaptation_rate": 0.18680899480525787, "weapon_cooldown_ticks": 1}