{"ticks": 200.0, "objective_progress": 0.1599999999999994, "objective_controller": 1.0, "max_ticks": 200, "n_agents": 30, "seed": 2731, "objective_radius": 9, "wall_prob": 0.0908203125, "cover_prob": 0.07578125000000001, "choke_prob": 0.08085937500000001, "stochasticity": 0.267578125, "adaptation_rate": 0.13046875, "weapon_cooldown_ticks": 2}