{"ticks": 200.0, "objective_progress": 0.0, "objective_controller": 0.0, "max_ticks": 200, "n_agents": 30, "seed": 1481, "objective_radius": 11, "wall_prob": 0.24919885828460178, "cover_prob": 0.07340767907504868, "choke_prob": 0.021167555039929578, "stochasticity": 0.4683653245977183, "adaptation_rate": 0.13345575093971934, "weapon_cooldown_ticks": 2}