{"ticks": 200.0, "objective_progress": 1.0, "objective_controller": 0.0, "max_ticks": 200, "n_agents": 30, "seed": 1425, "objective_radius": 4, "wall_prob": 0.23871132775292328, "cover_prob": 0.13507611581682807, "choke_prob": 0.03332282703631348, "stochasticity": 0.23308790061135076, "adaptation_rate": 0.009867337417822898, "weapon_cooldown_ticks": 1}