{"ticks": 200.0, "objective_progress": 0.07999999999999999, "objective_controller": 1.0, "max_ticks": 200, "n_agents": 30, "seed": 2680, "objective_radius": 7, "wall_prob": 0.1591796875, "cover_prob": 0.13203125000000002, "choke_prob": 0.033984375000000004, "stochasticity": 0.419921875, "adaptation_rate": 0.16171875000000002, "weapon_cooldown_ticks": 3}