{"ticks": 200.0, "objective_progress": 0.0, "objective_controller": 1.0, "max_ticks": 200, "n_agents": 30, "seed": 1143, "objective_radius": 11, "wall_prob": 0.04181590587274783, "cover_prob": 0.1317478433871415, "choke_prob": 0.03898944006339225, "stochasticity": 0.3582440979232149, "adaptation_rate": 0.1399317468857418, "weapon_cooldown_ticks": 1}