{"ticks": 200.0, "objective_progress": 1.0, "objective_controller": 0.0, "max_ticks": 200, "n_agents": 30, "seed": 2103, "objective_radius": 7, "wall_prob": 0.1923828125, "cover_prob": 0.09609375, "choke_prob": 0.030078125, "stochasticity": 0.107421875, "adaptation_rate": 0.14765625000000002, "weapon_cooldown_ticks": 2}