{"ticks": 200.0, "objective_progress": 1.0, "objective_controller": 0.0, "max_ticks": 200, "n_agents": 30, "seed": 1524, "objective_radius": 7, "wall_prob": 0.0855261032251836, "cover_prob": 0.17636949867606164, "choke_prob": 0.05673145489458799, "stochasticity": 0.34702791947965544, "adaptation_rate": 0.16934157389108678, "weapon_cooldown_ticks": 2}