{"ticks": 200.0, "objective_progress": 0.22, "objective_controller": 1.0, "max_ticks": 200, "n_agents": 30, "seed": 1600, "objective_radius": 8, "wall_prob": 0.09975593181681305, "cover_prob": 0.08378614118215544, "choke_prob": 0.09111423496117182, "stochasticity": 0.48744805639269456, "adaptation_rate": 0.08799777838136998, "weapon_cooldown_ticks": 2}