{"ticks": 200.0, "objective_progress": 0.4999999999999999, "objective_controller": 0.0, "max_ticks": 200, "n_agents": 30, "seed": 1068, "objective_radius": 4, "wall_prob": 0.049563292031009655, "cover_prob": 0.012624024009660482, "choke_prob": 0.00716126645064651, "stochasticity": 0.04995252750472752, "adaptation_rate": 0.11280225961998043, "weapon_cooldown_ticks": 3}