{"ticks": 200.0, "objective_progress": 1.0, "objective_controller": 1.0, "max_ticks": 200, "n_agents": 30, "seed": 1119, "objective_radius": 3, "wall_prob": 0.18803187454223996, "cover_prob": 0.11995561924371381, "choke_prob": 0.05345060340938519, "stochasticity": 0.29761148393944037, "adaptation_rate": 0.17032231750278864, "weapon_cooldown_ticks": 2}