{"ticks": 200.0, "objective_progress": 0.0, "objective_controller": 1.0, "max_ticks": 200, "n_agents": 30, "seed": 1474, "objective_radius": 11, "wall_prob": 0.17022372618504608, "cover_prob": 0.012732023272307387, "choke_prob": 0.027009851015354153, "stochasticity": 0.2517069545633712, "adaptation_rate": 0.15783517604286001, "weapon_cooldown_ticks": 1}