{"ticks": 200.0, "objective_progress": 1.0, "objective_controller": 0.0, "max_ticks": 200, "n_agents": 30, "seed": 1534, "objective_radius": 6, "wall_prob": 0.0754466847754591, "cover_prob": 0.08884059348688439, "choke_prob": 0.0842787612488189, "stochasticity": 0.4592427788076913, "adaptation_rate": 0.06276026147433411, "weapon_cooldown_ticks": 2}