{"ticks": 200.0, "objective_progress": 0.0, "objective_controller": 1.0, "max_ticks": 200, "n_agents": 30, "seed": 2018, "objective_radius": 10, "wall_prob": 0.037109375, "cover_prob": 0.11406250000000001, "choke_prob": 0.05859375, "stochasticity": 0.19921875, "adaptation_rate": 0.1390625, "weapon_cooldown_ticks": 3}