{"ticks": 200.0, "objective_progress": 0.7799999999999998, "objective_controller": 1.0, "max_ticks": 200, "n_agents": 30, "seed": 1691, "objective_radius": 7, "wall_prob": 0.07749201966030915, "cover_prob": 0.14376584366080747, "choke_prob": 0.04142869392271163, "stochasticity": 0.21415762317898204, "adaptation_rate": 0.12578909726473694, "weapon_cooldown_ticks": 2}