{"ticks": 200.0, "objective_progress": 1.0, "objective_controller": 0.0, "max_ticks": 200, "n_agents": 30, "seed": 1465, "objective_radius": 7, "wall_prob": 0.19548655411222798, "cover_prob": 0.004880063639128618, "choke_prob": 0.06035702310615087, "stochasticity": 0.1797826160073683, "adaptation_rate": 0.19264666956457016, "weapon_cooldown_ticks": 2}