{"ticks": 200.0, "objective_progress": 0.17999999999999938, "objective_controller": 1.0, "max_ticks": 200, "n_agents": 30, "seed": 1141, "objective_radius": 9, "wall_prob": 0.2433067902049813, "cover_prob": 0.07782924894788928, "choke_prob": 0.008073989715548678, "stochasticity": 0.09860002950908982, "adaptation_rate": 0.12784316780551652, "weapon_cooldown_ticks": 2}