{"ticks": 200.0, "objective_progress": 0.7599999999999996, "objective_controller": 1.0, "max_ticks": 200, "n_agents": 30, "seed": 1312, "objective_radius": 8, "wall_prob": 0.06674222048288361, "cover_prob": 0.06764829019475437, "choke_prob": 0.03284585833830383, "stochasticity": 0.08149540717025469, "adaptation_rate": 0.11861567892891312, "weapon_cooldown_ticks": 2}