{"ticks": 200.0, "objective_progress": 0.49999999999999956, "objective_controller": 1.0, "max_ticks": 200, "n_agents": 30, "seed": 1813, "objective_radius": 7, "wall_prob": 0.03975763431731254, "cover_prob": 0.07057485255417754, "choke_prob": 0.09129760016913527, "stochasticity": 0.060076728983467484, "adaptation_rate": 0.19095183962039972, "weapon_cooldown_ticks": 3}