{"ticks": 200.0, "objective_progress": 0.5799999999999996, "objective_controller": 1.0, "max_ticks": 200, "n_agents": 30, "seed": 2752, "objective_radius": 6, "wall_prob": 0.1357421875, "cover_prob": 0.025781250000000002, "choke_prob": 0.055859375, "stochasticity": 0.341796875, "adaptation_rate": 0.08046875, "weapon_cooldown_ticks": 1}