{"ticks": 200.0, "objective_progress": 0.6999999999999996, "objective_controller": 1.0, "max_ticks": 200, "n_agents": 30, "seed": 2540, "objective_radius": 5, "wall_prob": 0.0869140625, "cover_prob": 0.16796875, "choke_prob": 0.051953125, "stochasticity": 0.240234375, "adaptation_rate": 0.15703125, "weapon_cooldown_ticks": 2}