{"ticks": 200.0, "objective_progress": 0.8199999999999998, "objective_controller": 0.0, "max_ticks": 200, "n_agents": 30, "seed": 1199, "objective_radius": 6, "wall_prob": 0.006913857000763057, "cover_prob": 0.03774715288203178, "choke_prob": 0.016863211864551, "stochasticity": 0.46364957578174204, "adaptation_rate": 0.043985299135473374, "weapon_cooldown_ticks": 2}