{"ticks": 200.0, "objective_progress": 1.0, "objective_controller": 1.0, "max_ticks": 200, "n_agents": 30, "seed": 1210, "objective_radius": 6, "wall_prob": 0.025505308997485633, "cover_prob": 0.11768769650435168, "choke_prob": 0.05360455907874704, "stochasticity": 0.3886218721131378, "adaptation_rate": 0.04571703954994008, "weapon_cooldown_ticks": 1}