{"ticks": 200.0, "objective_progress": 0.5599999999999999, "objective_controller": 1.0, "max_ticks": 200, "n_agents": 30, "seed": 1520, "objective_radius": 9, "wall_prob": 0.12043161603920444, "cover_prob": 0.09484820219865932, "choke_prob": 0.07970523641448905, "stochasticity": 0.17141582296760707, "adaptation_rate": 0.13729805208829524, "weapon_cooldown_ticks": 2}