{"ticks": 200.0, "objective_progress": 0.6999999999999997, "objective_controller": 0.0, "max_ticks": 200, "n_agents": 30, "seed": 1634, "objective_radius": 8, "wall_prob": 0.24401135063663001, "cover_prob": 0.07705101200452119, "choke_prob": 0.032013161833239656, "stochasticity": 0.3429413524816089, "adaptation_rate": 0.02319963878100756, "weapon_cooldown_ticks": 2}