{"ticks": 200.0, "objective_progress": 0.3, "objective_controller": 1.0, "max_ticks": 200, "n_agents": 30, "seed": 1294, "objective_radius": 5, "wall_prob": 0.2399559496853458, "cover_prob": 0.1282452050064393, "choke_prob": 0.018424163547458967, "stochasticity": 0.4018580165354403, "adaptation_rate": 0.09530509215549042, "weapon_cooldown_ticks": 3}