{"ticks": 200.0, "objective_progress": 0.08000000000000002, "objective_controller": 1.0, "max_ticks": 200, "n_agents": 30, "seed": 2261, "objective_radius": 10, "wall_prob": 0.169921875, "cover_prob": 0.09531250000000001, "choke_prob": 0.04296875, "stochasticity": 0.30859375, "adaptation_rate": 0.09531250000000001, "weapon_cooldown_ticks": 2}