{"ticks": 200.0, "objective_progress": 0.0, "objective_controller": 1.0, "max_ticks": 200, "n_agents": 30, "seed": 2776, "objective_radius": 10, "wall_prob": 0.2470703125, "cover_prob": 0.00078125, "choke_prob": 0.09335937500000001, "stochasticity": 0.330078125, "adaptation_rate": 0.15546875000000002, "weapon_cooldown_ticks": 3}