{"ticks": 200.0, "objective_progress": 1.0, "objective_controller": 0.0, "max_ticks": 200, "n_agents": 30, "seed": 2638, "objective_radius": 4, "wall_prob": 0.1298828125, "cover_prob": 0.13671875, "choke_prob": 0.043359375000000006, "stochasticity": 0.076171875, "adaptation_rate": 0.12421875, "weapon_cooldown_ticks": 2}