{"ticks": 200.0, "objective_progress": 0.0, "objective_controller": 0.0, "max_ticks": 200, "n_agents": 30, "seed": 1028, "objective_radius": 9, "wall_prob": 0.05190194763393478, "cover_prob": 0.07622774388163295, "choke_prob": 0.08931650180648515, "stochasticity": 0.31852222199549274, "adaptation_rate": 0.020746890089900917, "weapon_cooldown_ticks": 2}