{"ticks": 200.0, "objective_progress": 1.0, "objective_controller": 0.0, "max_ticks": 200, "n_agents": 30, "seed": 2003, "objective_radius": 7, "wall_prob": 0.12470920181566289, "cover_prob": 0.11664252140165886, "choke_prob": 0.0915216169729548, "stochasticity": 0.01884148184344088, "adaptation_rate": 0.14523437093171, "weapon_cooldown_ticks": 1}