{"ticks": 200.0, "objective_progress": 0.0, "objective_controller": 1.0, "max_ticks": 200, "n_agents": 30, "seed": 1309, "objective_radius": 11, "wall_prob": 0.19187077519151094, "cover_prob": 0.11786276865268351, "choke_prob": 0.02571889780903789, "stochasticity": 0.07219229126966002, "adaptation_rate": 0.1115266978949932, "weapon_cooldown_ticks": 2}