{"ticks": 200.0, "objective_progress": 0.9199999999999999, "objective_controller": 1.0, "max_ticks": 200, "n_agents": 30, "seed": 2224, "objective_radius": 4, "wall_prob": 0.1435546875, "cover_prob": 0.13203125000000002, "choke_prob": 0.008203125, "stochasticity": 0.384765625, "adaptation_rate": 0.10703125000000001, "weapon_cooldown_ticks": 2}