{"ticks": 200.0, "objective_progress": 0.36, "objective_controller": 1.0, "max_ticks": 200, "n_agents": 30, "seed": 1382, "objective_radius": 6, "wall_prob": 0.23380928375124604, "cover_prob": 0.04796429609077513, "choke_prob": 0.05068109682411886, "stochasticity": 0.0558339646838056, "adaptation_rate": 0.1626012870521435, "weapon_cooldown_ticks": 1}