{"ticks": 200.0, "objective_progress": 0.5199999999999999, "objective_controller": 1.0, "max_ticks": 200, "n_agents": 30, "seed": 1769, "objective_radius": 6, "wall_prob": 0.215521267660138, "cover_prob": 0.08092412118769851, "choke_prob": 0.08532523184914183, "stochasticity": 0.03921792475763612, "adaptation_rate": 0.014737673066270208, "weapon_cooldown_ticks": 2}