{"ticks": 200.0, "objective_progress": 1.0, "objective_controller": 0.0, "max_ticks": 200, "n_agents": 30, "seed": 1184, "objective_radius": 6, "wall_prob": 0.20983072575799597, "cover_prob": 0.09360874250091587, "choke_prob": 0.04725281549841634, "stochasticity": 0.3993066990016364, "adaptation_rate": 0.14234075811954253, "weapon_cooldown_ticks": 2}