{"ticks": 200.0, "objective_progress": 1.0, "objective_controller": 0.0, "max_ticks": 200, "n_agents": 30, "seed": 1879, "objective_radius": 8, "wall_prob": 0.22438746055111722, "cover_prob": 0.16746877240267735, "choke_prob": 0.0863374422214631, "stochasticity": 0.16132874360923868, "adaptation_rate": 0.031375925155135896, "weapon_cooldown_ticks": 1}