{"ticks": 200.0, "objective_progress": 0.8999999999999999, "objective_controller": 1.0, "max_ticks": 200, "n_agents": 30, "seed": 1029, "objective_radius": 9, "wall_prob": 0.17785489406160115, "cover_prob": 0.1151785282099084, "choke_prob": 0.03211157068474728, "stochasticity": 0.07446338258835544, "adaptation_rate": 0.07617768646737222, "weapon_cooldown_ticks": 2}