{"ticks": 200.0, "objective_progress": 0.39999999999999947, "objective_controller": 0.0, "max_ticks": 200, "n_agents": 30, "seed": 2561, "objective_radius": 8, "wall_prob": 0.041015625, "cover_prob": 0.0078125, "choke_prob": 0.013281250000000001, "stochasticity": 0.48828125, "adaptation_rate": 0.16718750000000002, "weapon_cooldown_ticks": 2}