{"ticks": 200.0, "objective_progress": 0.0, "objective_controller": 1.0, "max_ticks": 200, "n_agents": 30, "seed": 1680, "objective_radius": 11, "wall_prob": 0.08428057631238417, "cover_prob": 0.1921020076720464, "choke_prob": 0.052588881013849925, "stochasticity": 0.19669997472086856, "adaptation_rate": 0.12208043857422138, "weapon_cooldown_ticks": 2}