{"ticks": 200.0, "objective_progress": 0.37999999999999995, "objective_controller": 1.0, "max_ticks": 200, "n_agents": 30, "seed": 2186, "objective_radius": 7, "wall_prob": 0.0751953125, "cover_prob": 0.11484375000000001, "choke_prob": 0.047265625000000006, "stochasticity": 0.404296875, "adaptation_rate": 0.01953125, "weapon_cooldown_ticks": 1}