{"ticks": 200.0, "objective_progress": 0.0, "objective_controller": 1.0, "max_ticks": 200, "n_agents": 30, "seed": 1089, "objective_radius": 10, "wall_prob": 0.003597489549189079, "cover_prob": 0.0725988388658903, "choke_prob": 0.043343571651080014, "stochasticity": 0.484585848740375, "adaptation_rate": 0.19769731857986483, "weapon_cooldown_ticks": 2}