{"ticks": 200.0, "objective_progress": 1.0, "objective_controller": 0.0, "max_ticks": 200, "n_agents": 30, "seed": 1905, "objective_radius": 3, "wall_prob": 0.15571854568932822, "cover_prob": 0.11139482218675917, "choke_prob": 0.052967392474934476, "stochasticity": 0.2891611065143461, "adaptation_rate": 0.16001542670981203, "weapon_cooldown_ticks": 3}