{"ticks": 200.0, "objective_progress": 0.9199999999999999, "objective_controller": 0.0, "max_ticks": 200, "n_agents": 30, "seed": 2055, "objective_radius": 4, "wall_prob": 0.1142578125, "cover_prob": 0.13359375, "choke_prob": 0.056640625, "stochasticity": 0.138671875, "adaptation_rate": 0.06015625, "weapon_cooldown_ticks": 3}