{"ticks": 200.0, "objective_progress": 1.0, "objective_controller": 0.0, "max_ticks": 200, "n_agents": 30, "seed": 2285, "objective_radius": 3, "wall_prob": 0.2158203125, "cover_prob": 0.12734375, "choke_prob": 0.078515625, "stochasticity": 0.060546875, "adaptation_rate": 0.032031250000000004, "weapon_cooldown_ticks": 2}