{"ticks": 200.0, "objective_progress": 1.0, "objective_controller": 1.0, "max_ticks": 200, "n_agents": 30, "seed": 2150, "objective_radius": 4, "wall_prob": 0.0439453125, "cover_prob": 0.039843750000000004, "choke_prob": 0.059765625, "stochasticity": 0.341796875, "adaptation_rate": 0.09453125000000001, "weapon_cooldown_ticks": 2}