{"ticks": 200.0, "objective_progress": 0.5799999999999996, "objective_controller": 1.0, "max_ticks": 200, "n_agents": 30, "seed": 1111, "objective_radius": 4, "wall_prob": 0.10557411358712646, "cover_prob": 0.14248941496603681, "choke_prob": 0.04998736234584068, "stochasticity": 0.06886435166384018, "adaptation_rate": 0.14176659188775614, "weapon_cooldown_ticks": 3}