{"ticks": 200.0, "objective_progress": 0.13999999999999968, "objective_controller": 0.0, "max_ticks": 200, "n_agents": 30, "seed": 2028, "objective_radius": 7, "wall_prob": 0.162109375, "cover_prob": 0.0140625, "choke_prob": 0.00859375, "stochasticity": 0.44921875, "adaptation_rate": 0.0390625, "weapon_cooldown_ticks": 2}