{"ticks": 200.0, "objective_progress": 0.6600000000000001, "objective_controller": 0.0, "max_ticks": 200, "n_agents": 30, "seed": 1473, "objective_radius": 8, "wall_prob": 0.10471979142694686, "cover_prob": 0.16660361643837768, "choke_prob": 0.08397196001577649, "stochasticity": 0.13033547146182461, "adaptation_rate": 0.06162639824691642, "weapon_cooldown_ticks": 2}