{"ticks": 200.0, "objective_progress": 0.27999999999999925, "objective_controller": 1.0, "max_ticks": 200, "n_agents": 30, "seed": 2404, "objective_radius": 8, "wall_prob": 0.2412109375, "cover_prob": 0.03515625, "choke_prob": 0.053515625000000004, "stochasticity": 0.111328125, "adaptation_rate": 0.041406250000000006, "weapon_cooldown_ticks": 2}