{"ticks": 200.0, "objective_progress": 0.12000000000000012, "objective_controller": 0.0, "max_ticks": 200, "n_agents": 30, "seed": 1623, "objective_radius": 7, "wall_prob": 0.1416072774991758, "cover_prob": 0.14112102190341846, "choke_prob": 0.011404307532780503, "stochasticity": 0.03184670103067706, "adaptation_rate": 0.05984781489325979, "weapon_cooldown_ticks": 3}