{"ticks": 200.0, "objective_progress": 0.0, "objective_controller": 0.0, "max_ticks": 200, "n_agents": 30, "seed": 1710, "objective_radius": 8, "wall_prob": 0.023486211186344693, "cover_prob": 0.1648259375880729, "choke_prob": 0.042491514178358, "stochasticity": 0.11720743009181674, "adaptation_rate": 0.07765299552772909, "weapon_cooldown_ticks": 2}