{"ticks": 200.0, "objective_progress": 0.35999999999999976, "objective_controller": 1.0, "max_ticks": 200, "n_agents": 30, "seed": 1570, "objective_radius": 11, "wall_prob": 0.12428961306382007, "cover_prob": 0.043127888884922944, "choke_prob": 0.062149360143892864, "stochasticity": 0.18231271542370456, "adaptation_rate": 0.19573637072357541, "weapon_cooldown_ticks": 2}