{"ticks": 200.0, "objective_progress": 1.0, "objective_controller": 0.0, "max_ticks": 200, "n_agents": 30, "seed": 1927, "objective_radius": 4, "wall_prob": 0.1429414475143679, "cover_prob": 0.15454292589342974, "choke_prob": 0.012054159319205726, "stochasticity": 0.28782715309611584, "adaptation_rate": 0.13632851926084136, "weapon_cooldown_ticks": 2}