{"ticks": 200.0, "objective_progress": 1.0, "objective_controller": 1.0, "max_ticks": 200, "n_agents": 30, "seed": 1588, "objective_radius": 4, "wall_prob": 0.15154289437073104, "cover_prob": 0.108925730717094, "choke_prob": 0.038450101725621605, "stochasticity": 0.09650913848616549, "adaptation_rate": 0.0029651794566737063, "weapon_cooldown_ticks": 1}