{"ticks": 200.0, "objective_progress": 1.0, "objective_controller": 0.0, "max_ticks": 200, "n_agents": 30, "seed": 2105, "objective_radius": 7, "wall_prob": 0.240234375, "cover_prob": 0.1765625, "choke_prob": 0.039843750000000004, "stochasticity": 0.23046875, "adaptation_rate": 0.0734375, "weapon_cooldown_ticks": 1}