{"ticks": 200.0, "objective_progress": 0.24000000000000002, "objective_controller": 1.0, "max_ticks": 200, "n_agents": 30, "seed": 1118, "objective_radius": 9, "wall_prob": 0.10782443844383806, "cover_prob": 0.0387594626876783, "choke_prob": 0.05591216338677714, "stochasticity": 0.17041890256260053, "adaptation_rate": 0.12387654352416272, "weapon_cooldown_ticks": 2}