{"ticks": 200.0, "objective_progress": 0.0, "objective_controller": 1.0, "max_ticks": 200, "n_agents": 30, "seed": 1081, "objective_radius": 10, "wall_prob": 0.0322405884848102, "cover_prob": 0.19814121678631236, "choke_prob": 0.05549720078717044, "stochasticity": 0.12105410240837469, "adaptation_rate": 0.06761822406200178, "weapon_cooldown_ticks": 1}