{"ticks": 200.0, "objective_progress": 0.0, "objective_controller": 1.0, "max_ticks": 200, "n_agents": 30, "seed": 1663, "objective_radius": 7, "wall_prob": 0.06605623106215272, "cover_prob": 0.05128048555758809, "choke_prob": 0.0632489807402811, "stochasticity": 0.06780744853320098, "adaptation_rate": 0.0699656545516882, "weapon_cooldown_ticks": 3}