{"ticks": 200.0, "objective_progress": 0.3799999999999993, "objective_controller": 1.0, "max_ticks": 200, "n_agents": 30, "seed": 2208, "objective_radius": 6, "wall_prob": 0.185546875, "cover_prob": 0.15781250000000002, "choke_prob": 0.03671875, "stochasticity": 0.40234375, "adaptation_rate": 0.18281250000000002, "weapon_cooldown_ticks": 2}