{"ticks": 200.0, "objective_progress": 0.4599999999999995, "objective_controller": 1.0, "max_ticks": 200, "n_agents": 30, "seed": 3050, "objective_radius": 7, "wall_prob": 0.1083984375, "cover_prob": 0.19140625, "choke_prob": 0.013671875, "stochasticity": 0.150390625, "adaptation_rate": 0.0023437500000000003, "weapon_cooldown_ticks": 2}