{"ticks": 200.0, "objective_progress": 0.0, "objective_controller": 1.0, "max_ticks": 200, "n_agents": 30, "seed": 2458, "objective_radius": 8, "wall_prob": 0.0927734375, "cover_prob": 0.041406250000000006, "choke_prob": 0.000390625, "stochasticity": 0.439453125, "adaptation_rate": 0.06015625, "weapon_cooldown_ticks": 3}