{"ticks": 200.0, "objective_progress": 1.0, "objective_controller": 1.0, "max_ticks": 200, "n_agents": 30, "seed": 1857, "objective_radius": 4, "wall_prob": 0.19229619360245054, "cover_prob": 0.11446896418796725, "choke_prob": 0.027897238414793066, "stochasticity": 0.2830498034608865, "adaptation_rate": 0.06671881432668343, "weapon_cooldown_ticks": 2}