{"ticks": 200.0, "objective_progress": 0.7999999999999996, "objective_controller": 1.0, "max_ticks": 200, "n_agents": 30, "seed": 2643, "objective_radius": 4, "wall_prob": 0.1435546875, "cover_prob": 0.19453125000000002, "choke_prob": 0.09335937500000001, "stochasticity": 0.189453125, "adaptation_rate": 0.14921875, "weapon_cooldown_ticks": 3}