{"ticks": 200.0, "objective_progress": 1.0, "objective_controller": 0.0, "max_ticks": 200, "n_agents": 30, "seed": 2989, "objective_radius": 5, "wall_prob": 0.1962890625, "cover_prob": 0.13984375000000002, "choke_prob": 0.098046875, "stochasticity": 0.255859375, "adaptation_rate": 0.17109375000000002, "weapon_cooldown_ticks": 2}