{"ticks": 200.0, "objective_progress": 1.0, "objective_controller": 0.0, "max_ticks": 200, "n_agents": 30, "seed": 2296, "objective_radius": 8, "wall_prob": 0.2255859375, "cover_prob": 0.17265625, "choke_prob": 0.08476562500000001, "stochasticity": 0.142578125, "adaptation_rate": 0.12890625, "weapon_cooldown_ticks": 1}