{"ticks": 200.0, "objective_progress": 0.94, "objective_controller": 0.0, "max_ticks": 200, "n_agents": 30, "seed": 1050, "objective_radius": 10, "wall_prob": 0.13411829144217458, "cover_prob": 0.1574919589564885, "choke_prob": 0.04928585368539245, "stochasticity": 0.013665489108619288, "adaptation_rate": 0.057159825790524935, "weapon_cooldown_ticks": 1}