{"ticks": 200.0, "objective_progress": 0.0, "objective_controller": 0.0, "max_ticks": 200, "n_agents": 30, "seed": 1180, "objective_radius": 9, "wall_prob": 0.1280458249540365, "cover_prob": 0.1704227000132698, "choke_prob": 0.09224838165055187, "stochasticity": 0.0970372813173721, "adaptation_rate": 0.09443146632579542, "weapon_cooldown_ticks": 2}