{"ticks": 200.0, "objective_progress": 0.0, "objective_controller": 1.0, "max_ticks": 200, "n_agents": 30, "seed": 1444, "objective_radius": 10, "wall_prob": 0.22490192805515385, "cover_prob": 0.025289834982196814, "choke_prob": 0.021954008207888467, "stochasticity": 0.26090314612731463, "adaptation_rate": 0.011591182424542969, "weapon_cooldown_ticks": 1}