{"ticks": 200.0, "objective_progress": 1.0, "objective_controller": 1.0, "max_ticks": 200, "n_agents": 30, "seed": 1292, "objective_radius": 4, "wall_prob": 0.19125373894832579, "cover_prob": 0.06400803264357784, "choke_prob": 0.003976032380108135, "stochasticity": 0.11000364245756034, "adaptation_rate": 0.12560991634722096, "weapon_cooldown_ticks": 2}