{"ticks": 200.0, "objective_progress": 0.0, "objective_controller": 0.0, "max_ticks": 200, "n_agents": 30, "seed": 1321, "objective_radius": 11, "wall_prob": 0.20739639788130723, "cover_prob": 0.09495254474725713, "choke_prob": 0.070497783855821, "stochasticity": 0.24153723498717977, "adaptation_rate": 0.1705778222324515, "weapon_cooldown_ticks": 2}