{"ticks": 200.0, "objective_progress": 0.0, "objective_controller": 1.0, "max_ticks": 200, "n_agents": 30, "seed": 2012, "objective_radius": 12, "wall_prob": 0.019892932039166245, "cover_prob": 0.09943528418025632, "choke_prob": 0.05520865010919668, "stochasticity": 0.4342225555244759, "adaptation_rate": 0.004932630194433757, "weapon_cooldown_ticks": 2}