{"ticks": 200.0, "objective_progress": 0.0, "objective_controller": 0.0, "max_ticks": 200, "n_agents": 30, "seed": 2273, "objective_radius": 8, "wall_prob": 0.107421875, "cover_prob": 0.004687500000000001, "choke_prob": 0.06796875000000001, "stochasticity": 0.43359375, "adaptation_rate": 0.045312500000000006, "weapon_cooldown_ticks": 2}