{"ticks": 200.0, "objective_progress": 1.0, "objective_controller": 0.0, "max_ticks": 200, "n_agents": 30, "seed": 1123, "objective_radius": 5, "wall_prob": 0.18712746058466062, "cover_prob": 0.06839283137863018, "choke_prob": 0.04447709769196152, "stochasticity": 0.43892045338555163, "adaptation_rate": 0.09675032286411382, "weapon_cooldown_ticks": 2}