{"ticks": 200.0, "objective_progress": 0.12000000000000001, "objective_controller": 1.0, "max_ticks": 200, "n_agents": 30, "seed": 1501, "objective_radius": 10, "wall_prob": 0.1453568892307232, "cover_prob": 0.12352429428820107, "choke_prob": 0.032940755039176255, "stochasticity": 0.015882399936285208, "adaptation_rate": 0.11264524987588581, "weapon_cooldown_ticks": 2}