{"ticks": 200.0, "objective_progress": 1.0, "objective_controller": 0.0, "max_ticks": 200, "n_agents": 30, "seed": 1315, "objective_radius": 5, "wall_prob": 0.13149242187082827, "cover_prob": 0.19250869240763796, "choke_prob": 0.0980776104578547, "stochasticity": 0.15655940396874637, "adaptation_rate": 0.1436668255006938, "weapon_cooldown_ticks": 2}