{"ticks": 200.0, "objective_progress": 0.0, "objective_controller": 0.0, "max_ticks": 200, "n_agents": 30, "seed": 2080, "objective_radius": 10, "wall_prob": 0.2294921875, "cover_prob": 0.10078125, "choke_prob": 0.005078125, "stochasticity": 0.337890625, "adaptation_rate": 0.025781250000000002, "weapon_cooldown_ticks": 1}