{"ticks": 200.0, "objective_progress": 1.0, "objective_controller": 1.0, "max_ticks": 200, "n_agents": 30, "seed": 1881, "objective_radius": 3, "wall_prob": 0.10579656490082807, "cover_prob": 0.010022053294905735, "choke_prob": 0.011679376917297155, "stochasticity": 0.38211665100351366, "adaptation_rate": 0.19938884515333571, "weapon_cooldown_ticks": 2}