{"ticks": 200.0, "objective_progress": 0.0, "objective_controller": 1.0, "max_ticks": 200, "n_agents": 30, "seed": 1176, "objective_radius": 10, "wall_prob": 0.08733506531254308, "cover_prob": 0.17738415489329715, "choke_prob": 0.08903662532918372, "stochasticity": 0.23415347041671164, "adaptation_rate": 0.1504324096614048, "weapon_cooldown_ticks": 3}