{"ticks": 200.0, "objective_progress": 0.0, "objective_controller": 0.0, "max_ticks": 200, "n_agents": 30, "seed": 2827, "objective_radius": 6, "wall_prob": 0.1064453125, "cover_prob": 0.19296875000000002, "choke_prob": 0.065234375, "stochasticity": 0.373046875, "adaptation_rate": 0.030468750000000003, "weapon_cooldown_ticks": 3}