{"ticks": 200.0, "objective_progress": 0.0, "objective_controller": 1.0, "max_ticks": 200, "n_agents": 30, "seed": 1498, "objective_radius": 7, "wall_prob": 0.1366613194604709, "cover_prob": 0.048084862714539406, "choke_prob": 0.025222041924566726, "stochasticity": 0.26783201481313024, "adaptation_rate": 0.08951535317638327, "weapon_cooldown_ticks": 3}