{"ticks": 200.0, "objective_progress": 0.0, "objective_controller": 1.0, "max_ticks": 200, "n_agents": 30, "seed": 1820, "objective_radius": 8, "wall_prob": 0.13118680400477462, "cover_prob": 0.17418148238209114, "choke_prob": 0.023067420863812086, "stochasticity": 0.32824904835989566, "adaptation_rate": 0.11731969146507287, "weapon_cooldown_ticks": 3}