{"ticks": 200.0, "objective_progress": 1.0, "objective_controller": 0.0, "max_ticks": 200, "n_agents": 30, "seed": 1713, "objective_radius": 5, "wall_prob": 0.031217650161473764, "cover_prob": 0.1074225843057535, "choke_prob": 0.09281288945626716, "stochasticity": 0.09490786687137164, "adaptation_rate": 0.0782218752677674, "weapon_cooldown_ticks": 1}