{"ticks": 200.0, "objective_progress": 1.0, "objective_controller": 0.0, "max_ticks": 200, "n_agents": 30, "seed": 1304, "objective_radius": 5, "wall_prob": 0.01727245711698155, "cover_prob": 0.028571478598549128, "choke_prob": 0.04630423634495408, "stochasticity": 0.30350726526505806, "adaptation_rate": 0.15256223169961103, "weapon_cooldown_ticks": 1}