{"ticks": 200.0, "objective_progress": 1.0, "objective_controller": 1.0, "max_ticks": 200, "n_agents": 30, "seed": 1438, "objective_radius": 4, "wall_prob": 0.23632276167188507, "cover_prob": 0.08921657533239405, "choke_prob": 0.09573283361251095, "stochasticity": 0.04506625779151548, "adaptation_rate": 0.062410126043774564, "weapon_cooldown_ticks": 2}