{"ticks": 200.0, "objective_progress": 0.24, "objective_controller": 1.0, "max_ticks": 200, "n_agents": 30, "seed": 1541, "objective_radius": 9, "wall_prob": 0.1793236489336605, "cover_prob": 0.053657322353697426, "choke_prob": 0.03770594523432037, "stochasticity": 0.11634152348428034, "adaptation_rate": 0.031827686869462045, "weapon_cooldown_ticks": 2}