{"ticks": 200.0, "objective_progress": 0.0, "objective_controller": 1.0, "max_ticks": 200, "n_agents": 30, "seed": 1341, "objective_radius": 10, "wall_prob": 0.08122217363974463, "cover_prob": 0.011429714225246112, "choke_prob": 0.046570554504473394, "stochasticity": 0.3963622504436772, "adaptation_rate": 0.10730853849977665, "weapon_cooldown_ticks": 2}