{"ticks": 200.0, "objective_progress": 1.0, "objective_controller": 1.0, "max_ticks": 200, "n_agents": 30, "seed": 1951, "objective_radius": 6, "wall_prob": 0.22663725170268692, "cover_prob": 0.12033693476392932, "choke_prob": 0.08909993345205736, "stochasticity": 0.24294401199771498, "adaptation_rate": 0.13425273972900995, "weapon_cooldown_ticks": 2}