{"ticks": 200.0, "objective_progress": 0.25999999999999984, "objective_controller": 0.0, "max_ticks": 200, "n_agents": 30, "seed": 2451, "objective_radius": 8, "wall_prob": 0.0400390625, "cover_prob": 0.15546875000000002, "choke_prob": 0.033203125, "stochasticity": 0.146484375, "adaptation_rate": 0.09453125000000001, "weapon_cooldown_ticks": 3}