{"ticks": 200.0, "objective_progress": 0.07999999999999943, "objective_controller": 0.0, "max_ticks": 200, "n_agents": 30, "seed": 1722, "objective_radius": 8, "wall_prob": 0.21463670572724064, "cover_prob": 0.07105568705317841, "choke_prob": 0.07565797703458695, "stochasticity": 0.037479211103830914, "adaptation_rate": 0.11179742202826073, "weapon_cooldown_ticks": 1}