{"ticks": 200.0, "objective_progress": 0.6399999999999997, "objective_controller": 1.0, "max_ticks": 200, "n_agents": 30, "seed": 2002, "objective_radius": 9, "wall_prob": 0.16463228412644274, "cover_prob": 0.17111986313164895, "choke_prob": 0.00521069346361182, "stochasticity": 0.22096899086074198, "adaptation_rate": 0.1668801854838834, "weapon_cooldown_ticks": 2}