{"ticks": 200.0, "objective_progress": 0.39999999999999963, "objective_controller": 0.0, "max_ticks": 200, "n_agents": 30, "seed": 2413, "objective_radius": 3, "wall_prob": 0.1162109375, "cover_prob": 0.13515625, "choke_prob": 0.003515625, "stochasticity": 0.361328125, "adaptation_rate": 0.14140625, "weapon_cooldown_ticks": 3}