{"ticks": 200.0, "objective_progress": 0.19999999999999937, "objective_controller": 0.0, "max_ticks": 200, "n_agents": 30, "seed": 2948, "objective_radius": 10, "wall_prob": 0.1630859375, "cover_prob": 0.014843750000000001, "choke_prob": 0.060546875, "stochasticity": 0.228515625, "adaptation_rate": 0.17734375000000002, "weapon_cooldown_ticks": 2}