{"ticks": 200.0, "objective_progress": 0.21999999999999914, "objective_controller": 1.0, "max_ticks": 200, "n_agents": 30, "seed": 2391, "objective_radius": 7, "wall_prob": 0.1259765625, "cover_prob": 0.16171875000000002, "choke_prob": 0.016015625000000002, "stochasticity": 0.037109375, "adaptation_rate": 0.06328125, "weapon_cooldown_ticks": 2}