{"ticks": 200.0, "objective_progress": 0.74, "objective_controller": 1.0, "max_ticks": 200, "n_agents": 30, "seed": 1073, "objective_radius": 10, "wall_prob": 0.18946959097199237, "cover_prob": 0.0305229072969293, "choke_prob": 0.0974621493679686, "stochasticity": 0.3768821983431938, "adaptation_rate": 0.13260704200393478, "weapon_cooldown_ticks": 1}