{"ticks": 200.0, "objective_progress": 1.0, "objective_controller": 0.0, "max_ticks": 200, "n_agents": 30, "seed": 1045, "objective_radius": 5, "wall_prob": 0.012694971622670921, "cover_prob": 0.18627586723521247, "choke_prob": 0.01196060101945581, "stochasticity": 0.4760293289119269, "adaptation_rate": 0.13836179775672772, "weapon_cooldown_ticks": 2}