{"ticks": 200.0, "objective_progress": 1.0, "objective_controller": 1.0, "max_ticks": 200, "n_agents": 30, "seed": 2500, "objective_radius": 5, "wall_prob": 0.1962890625, "cover_prob": 0.18046875, "choke_prob": 0.020703125000000003, "stochasticity": 0.001953125, "adaptation_rate": 0.16953125000000002, "weapon_cooldown_ticks": 1}