{"ticks": 200.0, "objective_progress": 1.0, "objective_controller": 0.0, "max_ticks": 200, "n_agents": 30, "seed": 1838, "objective_radius": 4, "wall_prob": 0.04018596808293557, "cover_prob": 0.025764900434561894, "choke_prob": 0.03569635531554929, "stochasticity": 0.05309143971707632, "adaptation_rate": 0.04833456862932456, "weapon_cooldown_ticks": 1}