{"ticks": 200.0, "objective_progress": 0.16000000000000003, "objective_controller": 1.0, "max_ticks": 200, "n_agents": 30, "seed": 2017, "objective_radius": 10, "wall_prob": 0.1513671875, "cover_prob": 0.06328125, "choke_prob": 0.023828125000000002, "stochasticity": 0.119140625, "adaptation_rate": 0.06328125, "weapon_cooldown_ticks": 2}