{"ticks": 200.0, "objective_progress": 0.0, "objective_controller": 1.0, "max_ticks": 200, "n_agents": 30, "seed": 2026, "objective_radius": 12, "wall_prob": 0.123046875, "cover_prob": 0.17343750000000002, "choke_prob": 0.01953125, "stochasticity": 0.48828125, "adaptation_rate": 0.035937500000000004, "weapon_cooldown_ticks": 3}