{"ticks": 200.0, "objective_progress": 1.0, "objective_controller": 0.0, "max_ticks": 200, "n_agents": 30, "seed": 1158, "objective_radius": 6, "wall_prob": 0.06314401291519987, "cover_prob": 0.005223829724888067, "choke_prob": 0.09985205454686612, "stochasticity": 0.17877533845035162, "adaptation_rate": 0.17900938210034395, "weapon_cooldown_ticks": 2}