{"ticks": 200.0, "objective_progress": 0.11999999999999979, "objective_controller": 0.0, "max_ticks": 200, "n_agents": 30, "seed": 1724, "objective_radius": 8, "wall_prob": 0.038471946504834244, "cover_prob": 0.07924919010666392, "choke_prob": 0.05370214250828029, "stochasticity": 0.3809597876310984, "adaptation_rate": 0.17298007576778396, "weapon_cooldown_ticks": 2}