{"ticks": 200.0, "objective_progress": 0.2, "objective_controller": 0.0, "max_ticks": 200, "n_agents": 30, "seed": 1231, "objective_radius": 5, "wall_prob": 0.033416990432496005, "cover_prob": 0.18353517845854958, "choke_prob": 0.04030493483054238, "stochasticity": 0.0959597978904844, "adaptation_rate": 0.05440814810634501, "weapon_cooldown_ticks": 2}