{"ticks": 200.0, "objective_progress": 1.0, "objective_controller": 0.0, "max_ticks": 200, "n_agents": 30, "seed": 1350, "objective_radius": 9, "wall_prob": 0.0012321153907049365, "cover_prob": 0.044340825428580664, "choke_prob": 0.02415561933289404, "stochasticity": 0.011890500373555504, "adaptation_rate": 0.005955694319889803, "weapon_cooldown_ticks": 2}