{"ticks": 200.0, "objective_progress": 0.8599999999999999, "objective_controller": 0.0, "max_ticks": 200, "n_agents": 30, "seed": 1683, "objective_radius": 7, "wall_prob": 0.10158217265868653, "cover_prob": 0.053447615099120986, "choke_prob": 0.05047614206978144, "stochasticity": 0.21147090440866126, "adaptation_rate": 0.10813051663640745, "weapon_cooldown_ticks": 1}