{"ticks": 200.0, "objective_progress": 0.7, "objective_controller": 1.0, "max_ticks": 200, "n_agents": 30, "seed": 1885, "objective_radius": 6, "wall_prob": 0.20037198852994764, "cover_prob": 0.1632712506768454, "choke_prob": 0.011497810578135991, "stochasticity": 0.27444380456601397, "adaptation_rate": 0.12285206511507851, "weapon_cooldown_ticks": 2}