{"ticks": 200.0, "objective_progress": 0.0, "objective_controller": 1.0, "max_ticks": 200, "n_agents": 30, "seed": 2200, "objective_radius": 10, "wall_prob": 0.224609375, "cover_prob": 0.0578125, "choke_prob": 0.08671875000000001, "stochasticity": 0.15234375, "adaptation_rate": 0.08281250000000001, "weapon_cooldown_ticks": 1}