{"ticks": 200.0, "objective_progress": 0.06999999999999965, "objective_controller": 0.0, "max_ticks": 200, "n_agents": 30, "seed": 2580, "objective_radius": 3, "wall_prob": 0.0498046875, "cover_prob": 0.11953125, "choke_prob": 0.030859375, "stochasticity": 0.126953125, "adaptation_rate": 0.17421875, "weapon_cooldown_ticks": 2}