{"ticks": 200.0, "objective_progress": 0.0, "objective_controller": 1.0, "max_ticks": 200, "n_agents": 30, "seed": 1553, "objective_radius": 9, "wall_prob": 0.1705271042841414, "cover_prob": 0.02474656375801021, "choke_prob": 0.07031372342491195, "stochasticity": 0.4721393401881456, "adaptation_rate": 0.08918557641994959, "weapon_cooldown_ticks": 2}