{"ticks": 200.0, "objective_progress": 0.7799999999999998, "objective_controller": 1.0, "max_ticks": 200, "n_agents": 30, "seed": 1046, "objective_radius": 9, "wall_prob": 0.0965457994651878, "cover_prob": 0.06573736308367115, "choke_prob": 0.09857270012088126, "stochasticity": 0.38730723129480094, "adaptation_rate": 0.052825465326505054, "weapon_cooldown_ticks": 1}