{"ticks": 200.0, "objective_progress": 1.0, "objective_controller": 0.0, "max_ticks": 200, "n_agents": 30, "seed": 1863, "objective_radius": 10, "wall_prob": 0.12495387319457518, "cover_prob": 0.0751591784086091, "choke_prob": 0.004307217934056309, "stochasticity": 0.2884112846597525, "adaptation_rate": 0.12159228728621263, "weapon_cooldown_ticks": 1}