{"ticks": 200.0, "objective_progress": 0.13999999999999999, "objective_controller": 1.0, "max_ticks": 200, "n_agents": 30, "seed": 3054, "objective_radius": 4, "wall_prob": 0.2333984375, "cover_prob": 0.09140625000000001, "choke_prob": 0.063671875, "stochasticity": 0.400390625, "adaptation_rate": 0.08359375000000001, "weapon_cooldown_ticks": 3}