{"ticks": 200.0, "objective_progress": 0.11999999999999945, "objective_controller": 1.0, "max_ticks": 200, "n_agents": 30, "seed": 1457, "objective_radius": 7, "wall_prob": 0.1796387812645458, "cover_prob": 0.03636070659070282, "choke_prob": 0.05807444320142102, "stochasticity": 0.12422336789981038, "adaptation_rate": 0.005277231529150176, "weapon_cooldown_ticks": 3}