{"ticks": 200.0, "objective_progress": 0.1400000000000001, "objective_controller": 1.0, "max_ticks": 200, "n_agents": 30, "seed": 3135, "objective_radius": 9, "wall_prob": 0.1240234375, "cover_prob": 0.05390625, "choke_prob": 0.0074218750000000005, "stochasticity": 0.056640625, "adaptation_rate": 0.09609375, "weapon_cooldown_ticks": 2}