{"ticks": 200.0, "objective_progress": 0.0, "objective_controller": 1.0, "max_ticks": 200, "n_agents": 30, "seed": 2663, "objective_radius": 9, "wall_prob": 0.2216796875, "cover_prob": 0.18203125, "choke_prob": 0.008984375000000001, "stochasticity": 0.158203125, "adaptation_rate": 0.16171875000000002, "weapon_cooldown_ticks": 2}