{"ticks": 200.0, "objective_progress": 0.0, "objective_controller": 0.0, "max_ticks": 200, "n_agents": 30, "seed": 1647, "objective_radius": 12, "wall_prob": 0.11137855540044041, "cover_prob": 0.1495056562649949, "choke_prob": 0.0676096660802479, "stochasticity": 0.27595500428371905, "adaptation_rate": 0.17222749128114317, "weapon_cooldown_ticks": 1}