{"ticks": 200.0, "objective_progress": 0.6999999999999996, "objective_controller": 1.0, "max_ticks": 200, "n_agents": 30, "seed": 1291, "objective_radius": 7, "wall_prob": 0.12289967993858417, "cover_prob": 0.05275041179086627, "choke_prob": 0.07121581829495119, "stochasticity": 0.41813581616136475, "adaptation_rate": 0.1550736293569077, "weapon_cooldown_ticks": 2}