{"ticks": 200.0, "objective_progress": 0.94, "objective_controller": 0.0, "max_ticks": 200, "n_agents": 30, "seed": 1047, "objective_radius": 4, "wall_prob": 0.09729865745746506, "cover_prob": 0.16450206577468393, "choke_prob": 0.08279920567421113, "stochasticity": 0.2776221078395488, "adaptation_rate": 0.04617065811659868, "weapon_cooldown_ticks": 1}