{"ticks": 200.0, "objective_progress": 1.0, "objective_controller": 0.0, "max_ticks": 200, "n_agents": 30, "seed": 2429, "objective_radius": 4, "wall_prob": 0.2197265625, "cover_prob": 0.08671875000000001, "choke_prob": 0.09257812500000001, "stochasticity": 0.224609375, "adaptation_rate": 0.19140625, "weapon_cooldown_ticks": 3}