{"ticks": 200.0, "objective_progress": 0.0, "objective_controller": 0.0, "max_ticks": 200, "n_agents": 30, "seed": 1890, "objective_radius": 12, "wall_prob": 0.012854948124571008, "cover_prob": 0.06615268753389607, "choke_prob": 0.024407465740545323, "stochasticity": 0.11773968303064622, "adaptation_rate": 0.11908460298961504, "weapon_cooldown_ticks": 2}